/*
 Navicat Premium Data Transfer

 Source Server         : 阿里云rds
 Source Server Type    : MySQL
 Source Server Version : 80025 (8.0.25)
 Source Host           : penint-al.mysql.rds.aliyuncs.com:3306
 Source Schema         : ques

 Target Server Type    : MySQL
 Target Server Version : 80025 (8.0.25)
 File Encoding         : 65001

 Date: 15/11/2022 19:48:54
*/

SET NAMES utf8mb4;
SET FOREIGN_KEY_CHECKS = 0;

-- ----------------------------
-- Table structure for sys_company
-- ----------------------------
DROP TABLE IF EXISTS `sys_company`;
CREATE TABLE `sys_company` (
  `id` varchar(20) NOT NULL,
  `company_name` varchar(100) NOT NULL COMMENT '公司名',
  `address` varchar(200) DEFAULT NULL COMMENT '地址',
  `phone` varchar(20) DEFAULT NULL COMMENT '电话',
  `email` varchar(50) DEFAULT NULL COMMENT '邮箱',
  `create_time` timestamp NOT NULL DEFAULT CURRENT_TIMESTAMP ON UPDATE CURRENT_TIMESTAMP COMMENT '添加时间',
  `active_time` timestamp NULL DEFAULT NULL COMMENT '有效截止时间',
  `active_flag` tinyint DEFAULT NULL COMMENT '备注',
  `temp_id` varchar(20) DEFAULT NULL COMMENT '备注',
  `com_code` mediumint NOT NULL COMMENT '公司代码',
  `region_codes` varchar(50) DEFAULT NULL COMMENT '行政区域编码',
  PRIMARY KEY (`id`) USING BTREE,
  UNIQUE KEY `sys_company_comCode_uindex` (`com_code`) USING BTREE,
  UNIQUE KEY `sys_company_com_code_uindex` (`com_code`) USING BTREE
) ENGINE=InnoDB DEFAULT CHARSET=utf8mb3 ROW_FORMAT=DYNAMIC COMMENT='公司信息表';

-- ----------------------------
-- Records of sys_company
-- ----------------------------
BEGIN;
INSERT INTO `sys_company` (`id`, `company_name`, `address`, `phone`, `email`, `create_time`, `active_time`, `active_flag`, `temp_id`, `com_code`, `region_codes`) VALUES ('1667313936283198486', 'ces', '123', '13012349090', 'admin@qq.com', '2022-11-01 22:45:36', '2022-11-30 00:00:00', 1, '1667039536771518903', 77171, '110000,110100,110101');
INSERT INTO `sys_company` (`id`, `company_name`, `address`, `phone`, `email`, `create_time`, `active_time`, `active_flag`, `temp_id`, `com_code`, `region_codes`) VALUES ('1667314063302370368', 'admin', 'ces', '13090901232', 'admin1@qq.com', '2022-11-01 22:47:43', '2022-11-24 00:00:00', 1, '1667039536771518903', 61181, '110000,110100,110102');
INSERT INTO `sys_company` (`id`, `company_name`, `address`, `phone`, `email`, `create_time`, `active_time`, `active_flag`, `temp_id`, `com_code`, `region_codes`) VALUES ('1668048784975647991', '测试1', '1232313213', '13012341234', 'admi1@qq.com', '2022-11-10 10:53:05', '2022-11-24 00:00:00', 1, '1667039536771518903', 30854, '110000,110100,110101');
INSERT INTO `sys_company` (`id`, `company_name`, `address`, `phone`, `email`, `create_time`, `active_time`, `active_flag`, `temp_id`, `com_code`, `region_codes`) VALUES ('1668080500294678476', '北京xxxxx科技', '测试地址', '13090123231', 'ad@q.com', '2022-11-10 19:41:40', '2022-11-30 00:00:00', 1, '1667039536771518903', 18854, '110000,110100,110102');
INSERT INTO `sys_company` (`id`, `company_name`, `address`, `phone`, `email`, `create_time`, `active_time`, `active_flag`, `temp_id`, `com_code`, `region_codes`) VALUES ('1668080714539802111', '北京xxx科技有限责任公司', '飒飒', '13090900000', '123@qq.com', '2022-11-10 19:45:15', '2022-11-24 00:00:00', 1, '1667039536771518903', 56698, '110000,110100,110105');
INSERT INTO `sys_company` (`id`, `company_name`, `address`, `phone`, `email`, `create_time`, `active_time`, `active_flag`, `temp_id`, `com_code`, `region_codes`) VALUES ('1668082359561217371', '北京xxxxxxxx', '测试地址', '13099812311', '123@qqc.com', '2022-11-10 20:12:40', '2022-11-30 00:00:00', 1, '1667039536771518903', 79442, '110000,110100,110101');
INSERT INTO `sys_company` (`id`, `company_name`, `address`, `phone`, `email`, `create_time`, `active_time`, `active_flag`, `temp_id`, `com_code`, `region_codes`) VALUES ('1668082392922708730', '天津xx科技有限公司', '测试', '13987651234', '1234559@qq.com', '2022-11-10 20:13:13', '2022-11-30 00:00:00', 1, '1667039536771518903', 98819, '120000,120100,120101');
INSERT INTO `sys_company` (`id`, `company_name`, `address`, `phone`, `email`, `create_time`, `active_time`, `active_flag`, `temp_id`, `com_code`, `region_codes`) VALUES ('1668082435122923295', '河北xx科技有限责任公司', '测试', '13612341234', '12342gj@qq.com', '2022-11-10 20:13:55', '2022-11-24 00:00:00', 1, '1667039536771518903', 95844, '130000,130200,130202');
INSERT INTO `sys_company` (`id`, `company_name`, `address`, `phone`, `email`, `create_time`, `active_time`, `active_flag`, `temp_id`, `com_code`, `region_codes`) VALUES ('1668082468401314585', '山西xx科技有限公司', '书法家', '13712341234', '123957@qq.com', '2022-11-10 20:14:28', '2022-12-01 00:00:00', 1, '1667039536771518903', 44902, '140000,140100,140101');
INSERT INTO `sys_company` (`id`, `company_name`, `address`, `phone`, `email`, `create_time`, `active_time`, `active_flag`, `temp_id`, `com_code`, `region_codes`) VALUES ('1668082505687263277', '内蒙古xx资产管理', '测试', '13090911234', '12324fj@163.com', '2022-11-10 20:15:06', '2022-11-28 00:00:00', 1, '1667039536771518903', 46795, '150000,150100,150101');
COMMIT;

-- ----------------------------
-- Table structure for sys_dept
-- ----------------------------
DROP TABLE IF EXISTS `sys_dept`;
CREATE TABLE `sys_dept` (
  `dept_id` bigint NOT NULL AUTO_INCREMENT COMMENT '部门id',
  `parent_id` bigint DEFAULT '0' COMMENT '父部门id',
  `ancestors` varchar(50) DEFAULT '' COMMENT '祖级列表',
  `dept_name` varchar(30) DEFAULT '' COMMENT '部门名称',
  `order_num` int DEFAULT '0' COMMENT '显示顺序',
  `leader` varchar(20) DEFAULT NULL COMMENT '负责人',
  `phone` varchar(11) DEFAULT NULL COMMENT '联系电话',
  `email` varchar(50) DEFAULT NULL COMMENT '邮箱',
  `status` char(1) DEFAULT '0' COMMENT '部门状态（0正常 1停用）',
  `del_flag` char(1) DEFAULT '0' COMMENT '删除标志（0代表存在 2代表删除）',
  `create_by` varchar(64) DEFAULT '' COMMENT '创建者',
  `create_time` datetime DEFAULT NULL COMMENT '创建时间',
  `update_by` varchar(64) DEFAULT '' COMMENT '更新者',
  `update_time` datetime DEFAULT NULL COMMENT '更新时间',
  `com_id` varchar(20) NOT NULL COMMENT '公司ID',
  PRIMARY KEY (`dept_id`) USING BTREE
) ENGINE=InnoDB AUTO_INCREMENT=105 DEFAULT CHARSET=utf8mb3 ROW_FORMAT=DYNAMIC COMMENT='部门表';

-- ----------------------------
-- Records of sys_dept
-- ----------------------------
BEGIN;
INSERT INTO `sys_dept` (`dept_id`, `parent_id`, `ancestors`, `dept_name`, `order_num`, `leader`, `phone`, `email`, `status`, `del_flag`, `create_by`, `create_time`, `update_by`, `update_time`, `com_id`) VALUES (100, 0, '0', 'wy测试公司', 0, 'wy', '15888888888', 'wy@qq.com', '0', '0', 'admin', '2022-10-30 14:05:50', 'admin', '2022-10-30 14:05:50', '123456');
INSERT INTO `sys_dept` (`dept_id`, `parent_id`, `ancestors`, `dept_name`, `order_num`, `leader`, `phone`, `email`, `status`, `del_flag`, `create_by`, `create_time`, `update_by`, `update_time`, `com_id`) VALUES (101, 100, '0,100', '技术部', 1, 'wy', '15888888888', 'wyyy@qq.com', '0', '0', 'admin', '2022-10-30 14:05:50', 'admin', '2022-10-30 14:05:50', '123456');
INSERT INTO `sys_dept` (`dept_id`, `parent_id`, `ancestors`, `dept_name`, `order_num`, `leader`, `phone`, `email`, `status`, `del_flag`, `create_by`, `create_time`, `update_by`, `update_time`, `com_id`) VALUES (102, 0, '0', '测试公司', 1, NULL, NULL, NULL, '0', '0', '13090901234', '2022-10-31 20:27:37', '', NULL, '1667039572748367575');
INSERT INTO `sys_dept` (`dept_id`, `parent_id`, `ancestors`, `dept_name`, `order_num`, `leader`, `phone`, `email`, `status`, `del_flag`, `create_by`, `create_time`, `update_by`, `update_time`, `com_id`) VALUES (103, 102, '0,102', '财务部', 1, NULL, NULL, NULL, '0', '0', '13090901234', '2022-10-31 20:28:01', '', NULL, '1667039572748367575');
INSERT INTO `sys_dept` (`dept_id`, `parent_id`, `ancestors`, `dept_name`, `order_num`, `leader`, `phone`, `email`, `status`, `del_flag`, `create_by`, `create_time`, `update_by`, `update_time`, `com_id`) VALUES (104, 102, '0,102', '运营部', 2, NULL, NULL, NULL, '0', '0', '13090901234', '2022-10-31 20:28:09', '', NULL, '1667039572748367575');
COMMIT;

-- ----------------------------
-- Table structure for sys_dict_data
-- ----------------------------
DROP TABLE IF EXISTS `sys_dict_data`;
CREATE TABLE `sys_dict_data` (
  `dict_code` bigint NOT NULL AUTO_INCREMENT COMMENT '字典编码',
  `dict_sort` int DEFAULT '0' COMMENT '字典排序',
  `dict_label` varchar(100) DEFAULT '' COMMENT '字典标签',
  `dict_value` varchar(100) DEFAULT '' COMMENT '字典键值',
  `dict_type` varchar(100) DEFAULT '' COMMENT '字典类型',
  `css_class` varchar(100) DEFAULT NULL COMMENT '样式属性（其他样式扩展）',
  `list_class` varchar(100) DEFAULT NULL COMMENT '表格回显样式',
  `is_default` char(1) DEFAULT 'N' COMMENT '是否默认（Y是 N否）',
  `status` char(1) DEFAULT '0' COMMENT '状态（0正常 1停用）',
  `create_by` varchar(64) DEFAULT '' COMMENT '创建者',
  `create_time` datetime DEFAULT NULL COMMENT '创建时间',
  `update_by` varchar(64) DEFAULT '' COMMENT '更新者',
  `update_time` datetime DEFAULT NULL COMMENT '更新时间',
  `remark` varchar(500) DEFAULT NULL COMMENT '备注',
  PRIMARY KEY (`dict_code`) USING BTREE
) ENGINE=InnoDB AUTO_INCREMENT=112 DEFAULT CHARSET=utf8mb3 ROW_FORMAT=DYNAMIC COMMENT='字典数据表';

-- ----------------------------
-- Records of sys_dict_data
-- ----------------------------
BEGIN;
INSERT INTO `sys_dict_data` (`dict_code`, `dict_sort`, `dict_label`, `dict_value`, `dict_type`, `css_class`, `list_class`, `is_default`, `status`, `create_by`, `create_time`, `update_by`, `update_time`, `remark`) VALUES (1, 1, '男', '0', 'sys_user_sex', '', '', 'Y', '0', 'admin', '2022-10-30 14:05:50', 'admin', '2022-10-30 14:05:50', '性别男');
INSERT INTO `sys_dict_data` (`dict_code`, `dict_sort`, `dict_label`, `dict_value`, `dict_type`, `css_class`, `list_class`, `is_default`, `status`, `create_by`, `create_time`, `update_by`, `update_time`, `remark`) VALUES (2, 2, '女', '1', 'sys_user_sex', '', '', 'N', '0', 'admin', '2022-10-30 14:05:50', 'admin', '2022-10-30 14:05:50', '性别女');
INSERT INTO `sys_dict_data` (`dict_code`, `dict_sort`, `dict_label`, `dict_value`, `dict_type`, `css_class`, `list_class`, `is_default`, `status`, `create_by`, `create_time`, `update_by`, `update_time`, `remark`) VALUES (3, 3, '未知', '2', 'sys_user_sex', '', '', 'N', '0', 'admin', '2022-10-30 14:05:50', 'admin', '2022-10-30 14:05:50', '性别未知');
INSERT INTO `sys_dict_data` (`dict_code`, `dict_sort`, `dict_label`, `dict_value`, `dict_type`, `css_class`, `list_class`, `is_default`, `status`, `create_by`, `create_time`, `update_by`, `update_time`, `remark`) VALUES (4, 1, '显示', '0', 'sys_show_hide', '', 'primary', 'Y', '0', 'admin', '2022-10-30 14:05:50', 'admin', '2022-10-30 14:05:50', '显示菜单');
INSERT INTO `sys_dict_data` (`dict_code`, `dict_sort`, `dict_label`, `dict_value`, `dict_type`, `css_class`, `list_class`, `is_default`, `status`, `create_by`, `create_time`, `update_by`, `update_time`, `remark`) VALUES (5, 2, '隐藏', '1', 'sys_show_hide', '', 'danger', 'N', '0', 'admin', '2022-10-30 14:05:50', 'admin', '2022-10-30 14:05:50', '隐藏菜单');
INSERT INTO `sys_dict_data` (`dict_code`, `dict_sort`, `dict_label`, `dict_value`, `dict_type`, `css_class`, `list_class`, `is_default`, `status`, `create_by`, `create_time`, `update_by`, `update_time`, `remark`) VALUES (6, 1, '正常', '0', 'sys_normal_disable', '', 'primary', 'Y', '0', 'admin', '2022-10-30 14:05:50', 'admin', '2022-10-30 14:05:50', '正常状态');
INSERT INTO `sys_dict_data` (`dict_code`, `dict_sort`, `dict_label`, `dict_value`, `dict_type`, `css_class`, `list_class`, `is_default`, `status`, `create_by`, `create_time`, `update_by`, `update_time`, `remark`) VALUES (7, 2, '停用', '1', 'sys_normal_disable', '', 'danger', 'N', '0', 'admin', '2022-10-30 14:05:50', 'admin', '2022-10-30 14:05:50', '停用状态');
INSERT INTO `sys_dict_data` (`dict_code`, `dict_sort`, `dict_label`, `dict_value`, `dict_type`, `css_class`, `list_class`, `is_default`, `status`, `create_by`, `create_time`, `update_by`, `update_time`, `remark`) VALUES (8, 1, '正常', '0', 'sys_job_status', '', 'primary', 'Y', '0', 'admin', '2022-10-30 14:05:50', 'admin', '2022-10-30 14:05:50', '正常状态');
INSERT INTO `sys_dict_data` (`dict_code`, `dict_sort`, `dict_label`, `dict_value`, `dict_type`, `css_class`, `list_class`, `is_default`, `status`, `create_by`, `create_time`, `update_by`, `update_time`, `remark`) VALUES (9, 2, '暂停', '1', 'sys_job_status', '', 'danger', 'N', '0', 'admin', '2022-10-30 14:05:50', 'admin', '2022-10-30 14:05:50', '停用状态');
INSERT INTO `sys_dict_data` (`dict_code`, `dict_sort`, `dict_label`, `dict_value`, `dict_type`, `css_class`, `list_class`, `is_default`, `status`, `create_by`, `create_time`, `update_by`, `update_time`, `remark`) VALUES (10, 1, '默认', 'DEFAULT', 'sys_job_group', '', '', 'Y', '0', 'admin', '2022-10-30 14:05:50', 'admin', '2022-10-30 14:05:50', '默认分组');
INSERT INTO `sys_dict_data` (`dict_code`, `dict_sort`, `dict_label`, `dict_value`, `dict_type`, `css_class`, `list_class`, `is_default`, `status`, `create_by`, `create_time`, `update_by`, `update_time`, `remark`) VALUES (11, 2, '系统', 'SYSTEM', 'sys_job_group', '', '', 'N', '0', 'admin', '2022-10-30 14:05:50', 'admin', '2022-10-30 14:05:50', '系统分组');
INSERT INTO `sys_dict_data` (`dict_code`, `dict_sort`, `dict_label`, `dict_value`, `dict_type`, `css_class`, `list_class`, `is_default`, `status`, `create_by`, `create_time`, `update_by`, `update_time`, `remark`) VALUES (12, 1, '是', 'Y', 'sys_yes_no', '', 'primary', 'Y', '0', 'admin', '2022-10-30 14:05:50', 'admin', '2022-10-30 14:05:50', '系统默认是');
INSERT INTO `sys_dict_data` (`dict_code`, `dict_sort`, `dict_label`, `dict_value`, `dict_type`, `css_class`, `list_class`, `is_default`, `status`, `create_by`, `create_time`, `update_by`, `update_time`, `remark`) VALUES (13, 2, '否', 'N', 'sys_yes_no', '', 'danger', 'N', '0', 'admin', '2022-10-30 14:05:50', 'admin', '2022-10-30 14:05:50', '系统默认否');
INSERT INTO `sys_dict_data` (`dict_code`, `dict_sort`, `dict_label`, `dict_value`, `dict_type`, `css_class`, `list_class`, `is_default`, `status`, `create_by`, `create_time`, `update_by`, `update_time`, `remark`) VALUES (14, 1, '通知', '1', 'sys_notice_type', '', 'warning', 'Y', '0', 'admin', '2022-10-30 14:05:50', 'admin', '2022-10-30 14:05:50', '通知');
INSERT INTO `sys_dict_data` (`dict_code`, `dict_sort`, `dict_label`, `dict_value`, `dict_type`, `css_class`, `list_class`, `is_default`, `status`, `create_by`, `create_time`, `update_by`, `update_time`, `remark`) VALUES (15, 2, '公告', '2', 'sys_notice_type', '', 'success', 'N', '0', 'admin', '2022-10-30 14:05:50', 'admin', '2022-10-30 14:05:50', '公告');
INSERT INTO `sys_dict_data` (`dict_code`, `dict_sort`, `dict_label`, `dict_value`, `dict_type`, `css_class`, `list_class`, `is_default`, `status`, `create_by`, `create_time`, `update_by`, `update_time`, `remark`) VALUES (16, 1, '正常', '0', 'sys_notice_status', '', 'primary', 'Y', '0', 'admin', '2022-10-30 14:05:50', 'admin', '2022-10-30 14:05:50', '正常状态');
INSERT INTO `sys_dict_data` (`dict_code`, `dict_sort`, `dict_label`, `dict_value`, `dict_type`, `css_class`, `list_class`, `is_default`, `status`, `create_by`, `create_time`, `update_by`, `update_time`, `remark`) VALUES (17, 2, '关闭', '1', 'sys_notice_status', '', 'danger', 'N', '0', 'admin', '2022-10-30 14:05:50', 'admin', '2022-10-30 14:05:50', '关闭状态');
INSERT INTO `sys_dict_data` (`dict_code`, `dict_sort`, `dict_label`, `dict_value`, `dict_type`, `css_class`, `list_class`, `is_default`, `status`, `create_by`, `create_time`, `update_by`, `update_time`, `remark`) VALUES (18, 1, '新增', '1', 'sys_oper_type', '', 'info', 'N', '0', 'admin', '2022-10-30 14:05:50', 'admin', '2022-10-30 14:05:50', '新增操作');
INSERT INTO `sys_dict_data` (`dict_code`, `dict_sort`, `dict_label`, `dict_value`, `dict_type`, `css_class`, `list_class`, `is_default`, `status`, `create_by`, `create_time`, `update_by`, `update_time`, `remark`) VALUES (19, 2, '修改', '2', 'sys_oper_type', '', 'info', 'N', '0', 'admin', '2022-10-30 14:05:50', 'admin', '2022-10-30 14:05:50', '修改操作');
INSERT INTO `sys_dict_data` (`dict_code`, `dict_sort`, `dict_label`, `dict_value`, `dict_type`, `css_class`, `list_class`, `is_default`, `status`, `create_by`, `create_time`, `update_by`, `update_time`, `remark`) VALUES (20, 3, '删除', '3', 'sys_oper_type', '', 'danger', 'N', '0', 'admin', '2022-10-30 14:05:50', 'admin', '2022-10-30 14:05:50', '删除操作');
INSERT INTO `sys_dict_data` (`dict_code`, `dict_sort`, `dict_label`, `dict_value`, `dict_type`, `css_class`, `list_class`, `is_default`, `status`, `create_by`, `create_time`, `update_by`, `update_time`, `remark`) VALUES (21, 4, '授权', '4', 'sys_oper_type', '', 'primary', 'N', '0', 'admin', '2022-10-30 14:05:50', 'admin', '2022-10-30 14:05:50', '授权操作');
INSERT INTO `sys_dict_data` (`dict_code`, `dict_sort`, `dict_label`, `dict_value`, `dict_type`, `css_class`, `list_class`, `is_default`, `status`, `create_by`, `create_time`, `update_by`, `update_time`, `remark`) VALUES (22, 5, '导出', '5', 'sys_oper_type', '', 'warning', 'N', '0', 'admin', '2022-10-30 14:05:50', 'admin', '2022-10-30 14:05:50', '导出操作');
INSERT INTO `sys_dict_data` (`dict_code`, `dict_sort`, `dict_label`, `dict_value`, `dict_type`, `css_class`, `list_class`, `is_default`, `status`, `create_by`, `create_time`, `update_by`, `update_time`, `remark`) VALUES (23, 6, '导入', '6', 'sys_oper_type', '', 'warning', 'N', '0', 'admin', '2022-10-30 14:05:50', 'admin', '2022-10-30 14:05:50', '导入操作');
INSERT INTO `sys_dict_data` (`dict_code`, `dict_sort`, `dict_label`, `dict_value`, `dict_type`, `css_class`, `list_class`, `is_default`, `status`, `create_by`, `create_time`, `update_by`, `update_time`, `remark`) VALUES (24, 7, '强退', '7', 'sys_oper_type', '', 'danger', 'N', '0', 'admin', '2022-10-30 14:05:50', 'admin', '2022-10-30 14:05:50', '强退操作');
INSERT INTO `sys_dict_data` (`dict_code`, `dict_sort`, `dict_label`, `dict_value`, `dict_type`, `css_class`, `list_class`, `is_default`, `status`, `create_by`, `create_time`, `update_by`, `update_time`, `remark`) VALUES (25, 8, '生成代码', '8', 'sys_oper_type', '', 'warning', 'N', '0', 'admin', '2022-10-30 14:05:50', 'admin', '2022-10-30 14:05:50', '生成操作');
INSERT INTO `sys_dict_data` (`dict_code`, `dict_sort`, `dict_label`, `dict_value`, `dict_type`, `css_class`, `list_class`, `is_default`, `status`, `create_by`, `create_time`, `update_by`, `update_time`, `remark`) VALUES (26, 9, '清空数据', '9', 'sys_oper_type', '', 'danger', 'N', '0', 'admin', '2022-10-30 14:05:50', 'admin', '2022-10-30 14:05:50', '清空操作');
INSERT INTO `sys_dict_data` (`dict_code`, `dict_sort`, `dict_label`, `dict_value`, `dict_type`, `css_class`, `list_class`, `is_default`, `status`, `create_by`, `create_time`, `update_by`, `update_time`, `remark`) VALUES (27, 1, '成功', '0', 'sys_common_status', '', 'primary', 'N', '0', 'admin', '2022-10-30 14:05:50', 'admin', '2022-10-30 14:05:50', '正常状态');
INSERT INTO `sys_dict_data` (`dict_code`, `dict_sort`, `dict_label`, `dict_value`, `dict_type`, `css_class`, `list_class`, `is_default`, `status`, `create_by`, `create_time`, `update_by`, `update_time`, `remark`) VALUES (28, 2, '失败', '1', 'sys_common_status', '', 'danger', 'N', '0', 'admin', '2022-10-30 14:05:50', 'admin', '2022-10-30 14:05:50', '停用状态');
INSERT INTO `sys_dict_data` (`dict_code`, `dict_sort`, `dict_label`, `dict_value`, `dict_type`, `css_class`, `list_class`, `is_default`, `status`, `create_by`, `create_time`, `update_by`, `update_time`, `remark`) VALUES (110, 0, '否', '0', 'sys_flag', NULL, NULL, 'N', '0', 'admin', '2022-10-30 14:05:50', 'admin', '2022-10-30 14:05:50', NULL);
INSERT INTO `sys_dict_data` (`dict_code`, `dict_sort`, `dict_label`, `dict_value`, `dict_type`, `css_class`, `list_class`, `is_default`, `status`, `create_by`, `create_time`, `update_by`, `update_time`, `remark`) VALUES (111, 2, '是', '1', 'sys_flag', NULL, NULL, 'N', '0', 'admin', '2022-10-30 14:05:50', 'admin', '2022-10-30 14:05:50', NULL);
COMMIT;

-- ----------------------------
-- Table structure for sys_dict_type
-- ----------------------------
DROP TABLE IF EXISTS `sys_dict_type`;
CREATE TABLE `sys_dict_type` (
  `dict_id` bigint NOT NULL AUTO_INCREMENT COMMENT '字典主键',
  `dict_name` varchar(100) DEFAULT '' COMMENT '字典名称',
  `dict_type` varchar(100) DEFAULT '' COMMENT '字典类型',
  `status` char(1) DEFAULT '0' COMMENT '状态（0正常 1停用）',
  `create_by` varchar(64) DEFAULT '' COMMENT '创建者',
  `create_time` datetime DEFAULT NULL COMMENT '创建时间',
  `update_by` varchar(64) DEFAULT '' COMMENT '更新者',
  `update_time` datetime DEFAULT NULL COMMENT '更新时间',
  `remark` varchar(500) DEFAULT NULL COMMENT '备注',
  PRIMARY KEY (`dict_id`) USING BTREE,
  UNIQUE KEY `dict_type` (`dict_type`) USING BTREE
) ENGINE=InnoDB AUTO_INCREMENT=101 DEFAULT CHARSET=utf8mb3 ROW_FORMAT=DYNAMIC COMMENT='字典类型表';

-- ----------------------------
-- Records of sys_dict_type
-- ----------------------------
BEGIN;
INSERT INTO `sys_dict_type` (`dict_id`, `dict_name`, `dict_type`, `status`, `create_by`, `create_time`, `update_by`, `update_time`, `remark`) VALUES (1, '用户性别', 'sys_user_sex', '0', 'admin', '2022-10-30 14:05:50', 'admin', '2022-10-30 14:05:50', '用户性别列表');
INSERT INTO `sys_dict_type` (`dict_id`, `dict_name`, `dict_type`, `status`, `create_by`, `create_time`, `update_by`, `update_time`, `remark`) VALUES (2, '菜单状态', 'sys_show_hide', '0', 'admin', '2022-10-30 14:05:50', 'admin', '2022-10-30 14:05:50', '菜单状态列表');
INSERT INTO `sys_dict_type` (`dict_id`, `dict_name`, `dict_type`, `status`, `create_by`, `create_time`, `update_by`, `update_time`, `remark`) VALUES (3, '系统开关', 'sys_normal_disable', '0', 'admin', '2022-10-30 14:05:50', 'admin', '2022-10-30 14:05:50', '系统开关列表');
INSERT INTO `sys_dict_type` (`dict_id`, `dict_name`, `dict_type`, `status`, `create_by`, `create_time`, `update_by`, `update_time`, `remark`) VALUES (4, '任务状态', 'sys_job_status', '0', 'admin', '2022-10-30 14:05:50', 'admin', '2022-10-30 14:05:50', '任务状态列表');
INSERT INTO `sys_dict_type` (`dict_id`, `dict_name`, `dict_type`, `status`, `create_by`, `create_time`, `update_by`, `update_time`, `remark`) VALUES (5, '任务分组', 'sys_job_group', '0', 'admin', '2022-10-30 14:05:50', 'admin', '2022-10-30 14:05:50', '任务分组列表');
INSERT INTO `sys_dict_type` (`dict_id`, `dict_name`, `dict_type`, `status`, `create_by`, `create_time`, `update_by`, `update_time`, `remark`) VALUES (6, '系统是否', 'sys_yes_no', '0', 'admin', '2022-10-30 14:05:50', 'admin', '2022-10-30 14:05:50', '系统是否列表');
INSERT INTO `sys_dict_type` (`dict_id`, `dict_name`, `dict_type`, `status`, `create_by`, `create_time`, `update_by`, `update_time`, `remark`) VALUES (7, '通知类型', 'sys_notice_type', '0', 'admin', '2022-10-30 14:05:50', 'admin', '2022-10-30 14:05:50', '通知类型列表');
INSERT INTO `sys_dict_type` (`dict_id`, `dict_name`, `dict_type`, `status`, `create_by`, `create_time`, `update_by`, `update_time`, `remark`) VALUES (8, '通知状态', 'sys_notice_status', '0', 'admin', '2022-10-30 14:05:50', 'admin', '2022-10-30 14:05:50', '通知状态列表');
INSERT INTO `sys_dict_type` (`dict_id`, `dict_name`, `dict_type`, `status`, `create_by`, `create_time`, `update_by`, `update_time`, `remark`) VALUES (9, '操作类型', 'sys_oper_type', '0', 'admin', '2022-10-30 14:05:50', 'admin', '2022-10-30 14:05:50', '操作类型列表');
INSERT INTO `sys_dict_type` (`dict_id`, `dict_name`, `dict_type`, `status`, `create_by`, `create_time`, `update_by`, `update_time`, `remark`) VALUES (10, '系统状态', 'sys_common_status', '0', 'admin', '2022-10-30 14:05:50', 'admin', '2022-10-30 14:05:50', '登录状态列表');
INSERT INTO `sys_dict_type` (`dict_id`, `dict_name`, `dict_type`, `status`, `create_by`, `create_time`, `update_by`, `update_time`, `remark`) VALUES (100, '0否1是', 'sys_flag', '0', 'admin', '2022-10-30 14:05:50', 'admin', '2022-10-30 14:05:50', NULL);
COMMIT;

-- ----------------------------
-- Table structure for sys_logininfor
-- ----------------------------
DROP TABLE IF EXISTS `sys_logininfor`;
CREATE TABLE `sys_logininfor` (
  `info_id` bigint NOT NULL AUTO_INCREMENT COMMENT '访问ID',
  `user_name` varchar(50) DEFAULT '' COMMENT '用户账号',
  `ipaddr` varchar(50) DEFAULT '' COMMENT '登录IP地址',
  `login_location` varchar(255) DEFAULT '' COMMENT '登录地点',
  `browser` varchar(50) DEFAULT '' COMMENT '浏览器类型',
  `os` varchar(50) DEFAULT '' COMMENT '操作系统',
  `status` char(1) DEFAULT '0' COMMENT '登录状态（0成功 1失败）',
  `msg` varchar(255) DEFAULT '' COMMENT '提示消息',
  `login_time` datetime DEFAULT NULL COMMENT '访问时间',
  PRIMARY KEY (`info_id`) USING BTREE
) ENGINE=InnoDB AUTO_INCREMENT=245 DEFAULT CHARSET=utf8mb3 ROW_FORMAT=DYNAMIC COMMENT='系统访问记录';

-- ----------------------------
-- Records of sys_logininfor
-- ----------------------------
BEGIN;
INSERT INTO `sys_logininfor` (`info_id`, `user_name`, `ipaddr`, `login_location`, `browser`, `os`, `status`, `msg`, `login_time`) VALUES (1, 'admin', '127.0.0.1', '内网IP', 'Chrome 10', 'Mac OS X', '0', '登录成功', '2022-10-30 12:16:39');
INSERT INTO `sys_logininfor` (`info_id`, `user_name`, `ipaddr`, `login_location`, `browser`, `os`, `status`, `msg`, `login_time`) VALUES (2, 'admin', '127.0.0.1', '内网IP', 'Chrome 10', 'Mac OS X', '1', '用户不存在/密码错误', '2022-10-30 13:18:35');
INSERT INTO `sys_logininfor` (`info_id`, `user_name`, `ipaddr`, `login_location`, `browser`, `os`, `status`, `msg`, `login_time`) VALUES (3, 'admin', '127.0.0.1', '内网IP', 'Chrome 10', 'Mac OS X', '0', '登录成功', '2022-10-30 13:18:40');
INSERT INTO `sys_logininfor` (`info_id`, `user_name`, `ipaddr`, `login_location`, `browser`, `os`, `status`, `msg`, `login_time`) VALUES (4, '13090901234', '127.0.0.1', '内网IP', 'Chrome 10', 'Mac OS X', '0', '登录成功', '2022-10-30 13:45:14');
INSERT INTO `sys_logininfor` (`info_id`, `user_name`, `ipaddr`, `login_location`, `browser`, `os`, `status`, `msg`, `login_time`) VALUES (5, 'admin', '127.0.0.1', '内网IP', 'Chrome 10', 'Mac OS X', '0', '登录成功', '2022-10-31 10:10:16');
INSERT INTO `sys_logininfor` (`info_id`, `user_name`, `ipaddr`, `login_location`, `browser`, `os`, `status`, `msg`, `login_time`) VALUES (6, '13090901234', '127.0.0.1', '内网IP', 'Chrome 10', 'Mac OS X', '0', '登录成功', '2022-10-31 10:15:11');
INSERT INTO `sys_logininfor` (`info_id`, `user_name`, `ipaddr`, `login_location`, `browser`, `os`, `status`, `msg`, `login_time`) VALUES (7, '13090901234', '127.0.0.1', '内网IP', 'Chrome 10', 'Mac OS X', '0', '退出成功', '2022-10-31 10:15:53');
INSERT INTO `sys_logininfor` (`info_id`, `user_name`, `ipaddr`, `login_location`, `browser`, `os`, `status`, `msg`, `login_time`) VALUES (8, '13090901234', '127.0.0.1', '内网IP', 'Chrome 10', 'Mac OS X', '0', '登录成功', '2022-10-31 10:16:07');
INSERT INTO `sys_logininfor` (`info_id`, `user_name`, `ipaddr`, `login_location`, `browser`, `os`, `status`, `msg`, `login_time`) VALUES (9, '13090901234', '127.0.0.1', '内网IP', 'Chrome 10', 'Mac OS X', '0', '退出成功', '2022-10-31 10:19:33');
INSERT INTO `sys_logininfor` (`info_id`, `user_name`, `ipaddr`, `login_location`, `browser`, `os`, `status`, `msg`, `login_time`) VALUES (10, '13090901234', '127.0.0.1', '内网IP', 'Chrome 10', 'Mac OS X', '0', '登录成功', '2022-10-31 10:20:12');
INSERT INTO `sys_logininfor` (`info_id`, `user_name`, `ipaddr`, `login_location`, `browser`, `os`, `status`, `msg`, `login_time`) VALUES (11, '13090901234', '127.0.0.1', '内网IP', 'Chrome 10', 'Mac OS X', '0', '登录成功', '2022-10-31 10:28:41');
INSERT INTO `sys_logininfor` (`info_id`, `user_name`, `ipaddr`, `login_location`, `browser`, `os`, `status`, `msg`, `login_time`) VALUES (12, '13090901234', '127.0.0.1', '内网IP', 'Chrome 10', 'Mac OS X', '0', '退出成功', '2022-10-31 10:28:53');
INSERT INTO `sys_logininfor` (`info_id`, `user_name`, `ipaddr`, `login_location`, `browser`, `os`, `status`, `msg`, `login_time`) VALUES (13, '13090901234', '127.0.0.1', '内网IP', 'Chrome 10', 'Mac OS X', '0', '登录成功', '2022-10-31 10:29:30');
INSERT INTO `sys_logininfor` (`info_id`, `user_name`, `ipaddr`, `login_location`, `browser`, `os`, `status`, `msg`, `login_time`) VALUES (14, '13090901234', '127.0.0.1', '内网IP', 'Chrome 10', 'Mac OS X', '0', '退出成功', '2022-10-31 10:29:50');
INSERT INTO `sys_logininfor` (`info_id`, `user_name`, `ipaddr`, `login_location`, `browser`, `os`, `status`, `msg`, `login_time`) VALUES (15, '13090901234', '127.0.0.1', '内网IP', 'Chrome 10', 'Mac OS X', '0', '登录成功', '2022-10-31 10:30:18');
INSERT INTO `sys_logininfor` (`info_id`, `user_name`, `ipaddr`, `login_location`, `browser`, `os`, `status`, `msg`, `login_time`) VALUES (16, '13090901234', '127.0.0.1', '内网IP', 'Chrome 10', 'Mac OS X', '1', '对不起，该租户账号已被停用', '2022-10-31 10:31:01');
INSERT INTO `sys_logininfor` (`info_id`, `user_name`, `ipaddr`, `login_location`, `browser`, `os`, `status`, `msg`, `login_time`) VALUES (17, '13090901234', '127.0.0.1', '内网IP', 'Chrome 10', 'Mac OS X', '1', '验证码已失效', '2022-10-31 10:36:12');
INSERT INTO `sys_logininfor` (`info_id`, `user_name`, `ipaddr`, `login_location`, `browser`, `os`, `status`, `msg`, `login_time`) VALUES (18, '13090901234', '127.0.0.1', '内网IP', 'Chrome 10', 'Mac OS X', '1', '对不起，该租户账号暂未激活，请联系管理员', '2022-10-31 10:36:18');
INSERT INTO `sys_logininfor` (`info_id`, `user_name`, `ipaddr`, `login_location`, `browser`, `os`, `status`, `msg`, `login_time`) VALUES (19, '13090901234', '127.0.0.1', '内网IP', 'Chrome 10', 'Mac OS X', '0', '登录成功', '2022-10-31 10:36:40');
INSERT INTO `sys_logininfor` (`info_id`, `user_name`, `ipaddr`, `login_location`, `browser`, `os`, `status`, `msg`, `login_time`) VALUES (20, '13090901234', '127.0.0.1', '内网IP', 'Chrome 10', 'Mac OS X', '0', '退出成功', '2022-10-31 10:36:54');
INSERT INTO `sys_logininfor` (`info_id`, `user_name`, `ipaddr`, `login_location`, `browser`, `os`, `status`, `msg`, `login_time`) VALUES (21, '13090901234', '127.0.0.1', '内网IP', 'Chrome 10', 'Mac OS X', '1', '', '2022-10-31 10:38:08');
INSERT INTO `sys_logininfor` (`info_id`, `user_name`, `ipaddr`, `login_location`, `browser`, `os`, `status`, `msg`, `login_time`) VALUES (22, '13090901234', '127.0.0.1', '内网IP', 'Chrome 10', 'Mac OS X', '1', '', '2022-10-31 10:38:34');
INSERT INTO `sys_logininfor` (`info_id`, `user_name`, `ipaddr`, `login_location`, `browser`, `os`, `status`, `msg`, `login_time`) VALUES (23, '13090901234', '127.0.0.1', '内网IP', 'Chrome 10', 'Mac OS X', '0', '登录成功', '2022-10-31 10:38:54');
INSERT INTO `sys_logininfor` (`info_id`, `user_name`, `ipaddr`, `login_location`, `browser`, `os`, `status`, `msg`, `login_time`) VALUES (24, '13090901234', '127.0.0.1', '内网IP', 'Chrome 10', 'Mac OS X', '0', '退出成功', '2022-10-31 10:40:52');
INSERT INTO `sys_logininfor` (`info_id`, `user_name`, `ipaddr`, `login_location`, `browser`, `os`, `status`, `msg`, `login_time`) VALUES (25, '13090901234', '127.0.0.1', '内网IP', 'Chrome 10', 'Mac OS X', '1', '对不起，该租户账号已过有效期，请联系管理员', '2022-10-31 10:41:01');
INSERT INTO `sys_logininfor` (`info_id`, `user_name`, `ipaddr`, `login_location`, `browser`, `os`, `status`, `msg`, `login_time`) VALUES (26, 'admin', '127.0.0.1', '内网IP', 'Chrome 10', 'Mac OS X', '1', '验证码已失效', '2022-10-31 20:14:28');
INSERT INTO `sys_logininfor` (`info_id`, `user_name`, `ipaddr`, `login_location`, `browser`, `os`, `status`, `msg`, `login_time`) VALUES (27, 'admin', '127.0.0.1', '内网IP', 'Chrome 10', 'Mac OS X', '1', '用户不存在/密码错误', '2022-10-31 20:14:36');
INSERT INTO `sys_logininfor` (`info_id`, `user_name`, `ipaddr`, `login_location`, `browser`, `os`, `status`, `msg`, `login_time`) VALUES (28, 'admin', '127.0.0.1', '内网IP', 'Chrome 10', 'Mac OS X', '1', '用户不存在/密码错误', '2022-10-31 20:14:42');
INSERT INTO `sys_logininfor` (`info_id`, `user_name`, `ipaddr`, `login_location`, `browser`, `os`, `status`, `msg`, `login_time`) VALUES (29, 'admin', '127.0.0.1', '内网IP', 'Chrome 10', 'Mac OS X', '0', '登录成功', '2022-10-31 20:15:04');
INSERT INTO `sys_logininfor` (`info_id`, `user_name`, `ipaddr`, `login_location`, `browser`, `os`, `status`, `msg`, `login_time`) VALUES (30, '13090901234', '127.0.0.1', '内网IP', 'Chrome 10', 'Mac OS X', '0', '登录成功', '2022-10-31 20:17:04');
INSERT INTO `sys_logininfor` (`info_id`, `user_name`, `ipaddr`, `login_location`, `browser`, `os`, `status`, `msg`, `login_time`) VALUES (31, '13090901234', '127.0.0.1', '内网IP', 'Chrome 10', 'Mac OS X', '0', '退出成功', '2022-10-31 20:32:31');
INSERT INTO `sys_logininfor` (`info_id`, `user_name`, `ipaddr`, `login_location`, `browser`, `os`, `status`, `msg`, `login_time`) VALUES (32, '13090901231', '127.0.0.1', '内网IP', 'Chrome 10', 'Mac OS X', '1', NULL, '2022-10-31 20:32:40');
INSERT INTO `sys_logininfor` (`info_id`, `user_name`, `ipaddr`, `login_location`, `browser`, `os`, `status`, `msg`, `login_time`) VALUES (33, '13090901231', '127.0.0.1', '内网IP', 'Chrome 10', 'Mac OS X', '1', '验证码错误', '2022-10-31 20:32:50');
INSERT INTO `sys_logininfor` (`info_id`, `user_name`, `ipaddr`, `login_location`, `browser`, `os`, `status`, `msg`, `login_time`) VALUES (34, '13090901231', '127.0.0.1', '内网IP', 'Chrome 10', 'Mac OS X', '1', NULL, '2022-10-31 20:32:54');
INSERT INTO `sys_logininfor` (`info_id`, `user_name`, `ipaddr`, `login_location`, `browser`, `os`, `status`, `msg`, `login_time`) VALUES (35, '13090901234', '127.0.0.1', '内网IP', 'Chrome 10', 'Mac OS X', '1', '验证码错误', '2022-10-31 20:33:02');
INSERT INTO `sys_logininfor` (`info_id`, `user_name`, `ipaddr`, `login_location`, `browser`, `os`, `status`, `msg`, `login_time`) VALUES (36, '13090901234', '127.0.0.1', '内网IP', 'Chrome 10', 'Mac OS X', '0', '登录成功', '2022-10-31 20:33:07');
INSERT INTO `sys_logininfor` (`info_id`, `user_name`, `ipaddr`, `login_location`, `browser`, `os`, `status`, `msg`, `login_time`) VALUES (37, '13090901234', '127.0.0.1', '内网IP', 'Chrome 10', 'Mac OS X', '0', '退出成功', '2022-10-31 20:36:35');
INSERT INTO `sys_logininfor` (`info_id`, `user_name`, `ipaddr`, `login_location`, `browser`, `os`, `status`, `msg`, `login_time`) VALUES (38, '13090901231', '127.0.0.1', '内网IP', 'Chrome 10', 'Mac OS X', '0', '登录成功', '2022-10-31 20:36:45');
INSERT INTO `sys_logininfor` (`info_id`, `user_name`, `ipaddr`, `login_location`, `browser`, `os`, `status`, `msg`, `login_time`) VALUES (39, '13090901231', '127.0.0.1', '内网IP', 'Chrome 10', 'Mac OS X', '0', '退出成功', '2022-10-31 20:37:01');
INSERT INTO `sys_logininfor` (`info_id`, `user_name`, `ipaddr`, `login_location`, `browser`, `os`, `status`, `msg`, `login_time`) VALUES (40, '2312', '127.0.0.1', '内网IP', 'Chrome 10', 'Mac OS X', '1', NULL, '2022-10-31 20:37:08');
INSERT INTO `sys_logininfor` (`info_id`, `user_name`, `ipaddr`, `login_location`, `browser`, `os`, `status`, `msg`, `login_time`) VALUES (41, '2312', '127.0.0.1', '内网IP', 'Chrome 10', 'Mac OS X', '1', NULL, '2022-10-31 20:37:21');
INSERT INTO `sys_logininfor` (`info_id`, `user_name`, `ipaddr`, `login_location`, `browser`, `os`, `status`, `msg`, `login_time`) VALUES (42, 'admin', '127.0.0.1', '内网IP', 'Chrome 10', 'Mac OS X', '0', '退出成功', '2022-10-31 20:44:18');
INSERT INTO `sys_logininfor` (`info_id`, `user_name`, `ipaddr`, `login_location`, `browser`, `os`, `status`, `msg`, `login_time`) VALUES (43, 'admin', '127.0.0.1', '内网IP', 'Chrome 10', 'Mac OS X', '1', '验证码已失效', '2022-10-31 20:50:30');
INSERT INTO `sys_logininfor` (`info_id`, `user_name`, `ipaddr`, `login_location`, `browser`, `os`, `status`, `msg`, `login_time`) VALUES (44, 'admin', '127.0.0.1', '内网IP', 'Chrome 10', 'Mac OS X', '0', '登录成功', '2022-10-31 20:50:34');
INSERT INTO `sys_logininfor` (`info_id`, `user_name`, `ipaddr`, `login_location`, `browser`, `os`, `status`, `msg`, `login_time`) VALUES (45, 'admin', '127.0.0.1', '内网IP', 'Chrome 10', 'Mac OS X', '0', '退出成功', '2022-10-31 20:50:42');
INSERT INTO `sys_logininfor` (`info_id`, `user_name`, `ipaddr`, `login_location`, `browser`, `os`, `status`, `msg`, `login_time`) VALUES (46, 'admin', '127.0.0.1', '内网IP', 'Chrome 10', 'Mac OS X', '0', '登录成功', '2022-10-31 20:50:51');
INSERT INTO `sys_logininfor` (`info_id`, `user_name`, `ipaddr`, `login_location`, `browser`, `os`, `status`, `msg`, `login_time`) VALUES (47, 'admin', '127.0.0.1', '内网IP', 'Chrome 10', 'Mac OS X', '0', '登录成功', '2022-10-31 21:12:59');
INSERT INTO `sys_logininfor` (`info_id`, `user_name`, `ipaddr`, `login_location`, `browser`, `os`, `status`, `msg`, `login_time`) VALUES (48, 'admin', '127.0.0.1', '内网IP', 'Chrome 10', 'Mac OS X', '0', '登录成功', '2022-10-31 21:14:15');
INSERT INTO `sys_logininfor` (`info_id`, `user_name`, `ipaddr`, `login_location`, `browser`, `os`, `status`, `msg`, `login_time`) VALUES (49, 'admin', '127.0.0.1', '内网IP', 'Chrome 10', 'Mac OS X', '0', '退出成功', '2022-10-31 21:14:21');
INSERT INTO `sys_logininfor` (`info_id`, `user_name`, `ipaddr`, `login_location`, `browser`, `os`, `status`, `msg`, `login_time`) VALUES (50, 'admin', '127.0.0.1', '内网IP', 'Chrome 10', 'Mac OS X', '0', '登录成功', '2022-10-31 21:23:26');
INSERT INTO `sys_logininfor` (`info_id`, `user_name`, `ipaddr`, `login_location`, `browser`, `os`, `status`, `msg`, `login_time`) VALUES (51, 'admin', '127.0.0.1', '内网IP', 'Chrome 10', 'Mac OS X', '0', '退出成功', '2022-10-31 21:23:33');
INSERT INTO `sys_logininfor` (`info_id`, `user_name`, `ipaddr`, `login_location`, `browser`, `os`, `status`, `msg`, `login_time`) VALUES (52, 'admin', '127.0.0.1', '内网IP', 'Chrome 10', 'Mac OS X', '0', '登录成功', '2022-10-31 21:25:10');
INSERT INTO `sys_logininfor` (`info_id`, `user_name`, `ipaddr`, `login_location`, `browser`, `os`, `status`, `msg`, `login_time`) VALUES (53, 'admin', '127.0.0.1', '内网IP', 'Chrome 10', 'Mac OS X', '0', '退出成功', '2022-10-31 21:25:14');
INSERT INTO `sys_logininfor` (`info_id`, `user_name`, `ipaddr`, `login_location`, `browser`, `os`, `status`, `msg`, `login_time`) VALUES (54, 'admin', '127.0.0.1', '内网IP', 'Chrome 10', 'Mac OS X', '0', '登录成功', '2022-10-31 21:26:55');
INSERT INTO `sys_logininfor` (`info_id`, `user_name`, `ipaddr`, `login_location`, `browser`, `os`, `status`, `msg`, `login_time`) VALUES (55, 'admin', '127.0.0.1', '内网IP', 'Chrome 10', 'Mac OS X', '0', '退出成功', '2022-10-31 21:27:06');
INSERT INTO `sys_logininfor` (`info_id`, `user_name`, `ipaddr`, `login_location`, `browser`, `os`, `status`, `msg`, `login_time`) VALUES (56, 'admin', '127.0.0.1', '内网IP', 'Chrome 10', 'Mac OS X', '0', '登录成功', '2022-10-31 21:27:15');
INSERT INTO `sys_logininfor` (`info_id`, `user_name`, `ipaddr`, `login_location`, `browser`, `os`, `status`, `msg`, `login_time`) VALUES (57, 'admin', '127.0.0.1', '内网IP', 'Chrome 10', 'Mac OS X', '0', '退出成功', '2022-10-31 21:27:20');
INSERT INTO `sys_logininfor` (`info_id`, `user_name`, `ipaddr`, `login_location`, `browser`, `os`, `status`, `msg`, `login_time`) VALUES (58, 'admin', '127.0.0.1', '内网IP', 'Chrome 10', 'Mac OS X', '1', 'No AuthenticationProvider found for vip.penint.ques.framework.security.SmsAuthenticationToken', '2022-10-31 22:18:51');
INSERT INTO `sys_logininfor` (`info_id`, `user_name`, `ipaddr`, `login_location`, `browser`, `os`, `status`, `msg`, `login_time`) VALUES (59, 'admin', '127.0.0.1', '内网IP', 'Chrome 10', 'Mac OS X', '0', '登录成功', '2022-10-31 22:35:45');
INSERT INTO `sys_logininfor` (`info_id`, `user_name`, `ipaddr`, `login_location`, `browser`, `os`, `status`, `msg`, `login_time`) VALUES (60, 'admin', '127.0.0.1', '内网IP', 'Chrome 10', 'Mac OS X', '0', '退出成功', '2022-10-31 22:35:54');
INSERT INTO `sys_logininfor` (`info_id`, `user_name`, `ipaddr`, `login_location`, `browser`, `os`, `status`, `msg`, `login_time`) VALUES (61, 'admin', '127.0.0.1', '内网IP', 'Chrome 10', 'Mac OS X', '1', 'No AuthenticationProvider found for vip.penint.ques.framework.security.SmsAuthenticationToken', '2022-10-31 22:36:05');
INSERT INTO `sys_logininfor` (`info_id`, `user_name`, `ipaddr`, `login_location`, `browser`, `os`, `status`, `msg`, `login_time`) VALUES (62, 'admin', '127.0.0.1', '内网IP', 'Chrome 10', 'Mac OS X', '1', 'No AuthenticationProvider found for vip.penint.ques.framework.security.SmsAuthenticationToken', '2022-10-31 22:38:17');
INSERT INTO `sys_logininfor` (`info_id`, `user_name`, `ipaddr`, `login_location`, `browser`, `os`, `status`, `msg`, `login_time`) VALUES (63, 'admin', '127.0.0.1', '内网IP', 'Chrome 10', 'Mac OS X', '1', 'No AuthenticationProvider found for vip.penint.ques.framework.security.SmsAuthenticationToken', '2022-10-31 22:42:46');
INSERT INTO `sys_logininfor` (`info_id`, `user_name`, `ipaddr`, `login_location`, `browser`, `os`, `status`, `msg`, `login_time`) VALUES (64, 'admin', '127.0.0.1', '内网IP', 'Chrome 10', 'Mac OS X', '1', 'No AuthenticationProvider found for vip.penint.ques.framework.security.SmsAuthenticationToken', '2022-10-31 22:43:38');
INSERT INTO `sys_logininfor` (`info_id`, `user_name`, `ipaddr`, `login_location`, `browser`, `os`, `status`, `msg`, `login_time`) VALUES (65, 'admin', '127.0.0.1', '内网IP', 'Chrome 10', 'Mac OS X', '0', '登录成功', '2022-10-31 22:47:23');
INSERT INTO `sys_logininfor` (`info_id`, `user_name`, `ipaddr`, `login_location`, `browser`, `os`, `status`, `msg`, `login_time`) VALUES (66, 'admin', '127.0.0.1', '内网IP', 'Chrome 10', 'Mac OS X', '0', '退出成功', '2022-10-31 22:48:39');
INSERT INTO `sys_logininfor` (`info_id`, `user_name`, `ipaddr`, `login_location`, `browser`, `os`, `status`, `msg`, `login_time`) VALUES (67, 'admin', '127.0.0.1', '内网IP', 'Chrome 10', 'Mac OS X', '1', 'No AuthenticationProvider found for vip.penint.ques.framework.security.SmsAuthenticationToken', '2022-10-31 22:48:51');
INSERT INTO `sys_logininfor` (`info_id`, `user_name`, `ipaddr`, `login_location`, `browser`, `os`, `status`, `msg`, `login_time`) VALUES (68, 'admin', '127.0.0.1', '内网IP', 'Chrome 10', 'Mac OS X', '0', '登录成功', '2022-10-31 23:27:36');
INSERT INTO `sys_logininfor` (`info_id`, `user_name`, `ipaddr`, `login_location`, `browser`, `os`, `status`, `msg`, `login_time`) VALUES (69, 'admin', '127.0.0.1', '内网IP', 'Chrome 10', 'Mac OS X', '0', '退出成功', '2022-10-31 23:27:40');
INSERT INTO `sys_logininfor` (`info_id`, `user_name`, `ipaddr`, `login_location`, `browser`, `os`, `status`, `msg`, `login_time`) VALUES (70, 'admin', '127.0.0.1', '内网IP', 'Chrome 10', 'Mac OS X', '1', '用户不存在/密码错误', '2022-10-31 23:27:51');
INSERT INTO `sys_logininfor` (`info_id`, `user_name`, `ipaddr`, `login_location`, `browser`, `os`, `status`, `msg`, `login_time`) VALUES (71, 'admin', '127.0.0.1', '内网IP', 'Chrome 10', 'Mac OS X', '1', '用户不存在/密码错误', '2022-10-31 23:28:26');
INSERT INTO `sys_logininfor` (`info_id`, `user_name`, `ipaddr`, `login_location`, `browser`, `os`, `status`, `msg`, `login_time`) VALUES (72, 'admin', '127.0.0.1', '内网IP', 'Chrome 10', 'Mac OS X', '0', '登录成功', '2022-10-31 23:35:36');
INSERT INTO `sys_logininfor` (`info_id`, `user_name`, `ipaddr`, `login_location`, `browser`, `os`, `status`, `msg`, `login_time`) VALUES (73, 'admin', '127.0.0.1', '内网IP', 'Chrome 10', 'Mac OS X', '0', '退出成功', '2022-10-31 23:35:40');
INSERT INTO `sys_logininfor` (`info_id`, `user_name`, `ipaddr`, `login_location`, `browser`, `os`, `status`, `msg`, `login_time`) VALUES (74, 'admin', '127.0.0.1', '内网IP', 'Chrome 10', 'Mac OS X', '0', '登录成功', '2022-10-31 23:53:54');
INSERT INTO `sys_logininfor` (`info_id`, `user_name`, `ipaddr`, `login_location`, `browser`, `os`, `status`, `msg`, `login_time`) VALUES (75, 'admin', '127.0.0.1', '内网IP', 'Chrome 10', 'Mac OS X', '0', '退出成功', '2022-10-31 23:53:58');
INSERT INTO `sys_logininfor` (`info_id`, `user_name`, `ipaddr`, `login_location`, `browser`, `os`, `status`, `msg`, `login_time`) VALUES (76, 'admin', '127.0.0.1', '内网IP', 'Chrome 10', 'Mac OS X', '1', '用户不存在/密码错误', '2022-10-31 23:55:15');
INSERT INTO `sys_logininfor` (`info_id`, `user_name`, `ipaddr`, `login_location`, `browser`, `os`, `status`, `msg`, `login_time`) VALUES (77, 'admin', '127.0.0.1', '内网IP', 'Chrome 10', 'Mac OS X', '1', '登录用户：admin 不存在', '2022-10-31 23:57:04');
INSERT INTO `sys_logininfor` (`info_id`, `user_name`, `ipaddr`, `login_location`, `browser`, `os`, `status`, `msg`, `login_time`) VALUES (78, 'admin', '127.0.0.1', '内网IP', 'Chrome 10', 'Mac OS X', '1', '用户不存在/密码错误', '2022-10-31 23:57:28');
INSERT INTO `sys_logininfor` (`info_id`, `user_name`, `ipaddr`, `login_location`, `browser`, `os`, `status`, `msg`, `login_time`) VALUES (79, 'admin', '127.0.0.1', '内网IP', 'Chrome 10', 'Mac OS X', '1', '用户不存在/密码错误', '2022-10-31 23:57:59');
INSERT INTO `sys_logininfor` (`info_id`, `user_name`, `ipaddr`, `login_location`, `browser`, `os`, `status`, `msg`, `login_time`) VALUES (80, 'admin', '127.0.0.1', '内网IP', 'Chrome 10', 'Mac OS X', '0', '登录成功', '2022-11-01 00:02:34');
INSERT INTO `sys_logininfor` (`info_id`, `user_name`, `ipaddr`, `login_location`, `browser`, `os`, `status`, `msg`, `login_time`) VALUES (81, 'admin', '127.0.0.1', '内网IP', 'Chrome 10', 'Mac OS X', '0', '退出成功', '2022-11-01 00:02:39');
INSERT INTO `sys_logininfor` (`info_id`, `user_name`, `ipaddr`, `login_location`, `browser`, `os`, `status`, `msg`, `login_time`) VALUES (82, 'admin', '127.0.0.1', '内网IP', 'Chrome 10', 'Mac OS X', '1', '用户不存在/密码错误', '2022-11-01 00:02:49');
INSERT INTO `sys_logininfor` (`info_id`, `user_name`, `ipaddr`, `login_location`, `browser`, `os`, `status`, `msg`, `login_time`) VALUES (83, 'admin', '127.0.0.1', '内网IP', 'Chrome 10', 'Mac OS X', '1', '用户不存在/密码错误', '2022-11-01 00:33:18');
INSERT INTO `sys_logininfor` (`info_id`, `user_name`, `ipaddr`, `login_location`, `browser`, `os`, `status`, `msg`, `login_time`) VALUES (84, 'admin', '127.0.0.1', '内网IP', 'Chrome 10', 'Mac OS X', '0', '退出成功', '2022-11-01 00:43:43');
INSERT INTO `sys_logininfor` (`info_id`, `user_name`, `ipaddr`, `login_location`, `browser`, `os`, `status`, `msg`, `login_time`) VALUES (85, 'admin', '127.0.0.1', '内网IP', 'Chrome 10', 'Mac OS X', '0', '登录成功', '2022-11-01 00:43:49');
INSERT INTO `sys_logininfor` (`info_id`, `user_name`, `ipaddr`, `login_location`, `browser`, `os`, `status`, `msg`, `login_time`) VALUES (86, 'admin', '127.0.0.1', '内网IP', 'Chrome 10', 'Mac OS X', '0', '退出成功', '2022-11-01 13:43:51');
INSERT INTO `sys_logininfor` (`info_id`, `user_name`, `ipaddr`, `login_location`, `browser`, `os`, `status`, `msg`, `login_time`) VALUES (87, 'admin', '127.0.0.1', '内网IP', 'Chrome 10', 'Mac OS X', '0', '退出成功', '2022-11-01 13:44:18');
INSERT INTO `sys_logininfor` (`info_id`, `user_name`, `ipaddr`, `login_location`, `browser`, `os`, `status`, `msg`, `login_time`) VALUES (88, '13090901231', '127.0.0.1', '内网IP', 'Chrome 10', 'Mac OS X', '0', '退出成功', '2022-11-01 13:45:04');
INSERT INTO `sys_logininfor` (`info_id`, `user_name`, `ipaddr`, `login_location`, `browser`, `os`, `status`, `msg`, `login_time`) VALUES (89, '13090901231', '127.0.0.1', '内网IP', 'Chrome 10', 'Mac OS X', '0', '退出成功', '2022-11-01 13:45:23');
INSERT INTO `sys_logininfor` (`info_id`, `user_name`, `ipaddr`, `login_location`, `browser`, `os`, `status`, `msg`, `login_time`) VALUES (90, '13090901231', '127.0.0.1', '内网IP', 'Chrome 10', 'Mac OS X', '0', '退出成功', '2022-11-01 13:49:24');
INSERT INTO `sys_logininfor` (`info_id`, `user_name`, `ipaddr`, `login_location`, `browser`, `os`, `status`, `msg`, `login_time`) VALUES (91, '13090901234', '127.0.0.1', '内网IP', 'Chrome 10', 'Mac OS X', '0', '退出成功', '2022-11-01 13:50:30');
INSERT INTO `sys_logininfor` (`info_id`, `user_name`, `ipaddr`, `login_location`, `browser`, `os`, `status`, `msg`, `login_time`) VALUES (92, 'admin', '127.0.0.1', '内网IP', 'Chrome 10', 'Mac OS X', '0', '登录成功', '2022-11-01 13:50:34');
INSERT INTO `sys_logininfor` (`info_id`, `user_name`, `ipaddr`, `login_location`, `browser`, `os`, `status`, `msg`, `login_time`) VALUES (93, 'admin', '127.0.0.1', '内网IP', 'Chrome 10', 'Mac OS X', '0', '退出成功', '2022-11-01 13:50:59');
INSERT INTO `sys_logininfor` (`info_id`, `user_name`, `ipaddr`, `login_location`, `browser`, `os`, `status`, `msg`, `login_time`) VALUES (94, '13090901231', '127.0.0.1', '内网IP', 'Chrome 10', 'Mac OS X', '0', '退出成功', '2022-11-01 14:03:39');
INSERT INTO `sys_logininfor` (`info_id`, `user_name`, `ipaddr`, `login_location`, `browser`, `os`, `status`, `msg`, `login_time`) VALUES (95, '13090901234', '127.0.0.1', '内网IP', 'Chrome 10', 'Mac OS X', '0', '退出成功', '2022-11-01 14:04:28');
INSERT INTO `sys_logininfor` (`info_id`, `user_name`, `ipaddr`, `login_location`, `browser`, `os`, `status`, `msg`, `login_time`) VALUES (96, '13090901234', '127.0.0.1', '内网IP', 'Chrome 10', 'Mac OS X', '0', '退出成功', '2022-11-01 14:13:54');
INSERT INTO `sys_logininfor` (`info_id`, `user_name`, `ipaddr`, `login_location`, `browser`, `os`, `status`, `msg`, `login_time`) VALUES (97, 'admin', '127.0.0.1', '内网IP', 'Chrome 10', 'Mac OS X', '1', '用户不存在/密码错误', '2022-11-01 15:48:10');
INSERT INTO `sys_logininfor` (`info_id`, `user_name`, `ipaddr`, `login_location`, `browser`, `os`, `status`, `msg`, `login_time`) VALUES (98, 'admin', '127.0.0.1', '内网IP', 'Chrome 10', 'Mac OS X', '0', '登录成功', '2022-11-01 17:59:02');
INSERT INTO `sys_logininfor` (`info_id`, `user_name`, `ipaddr`, `login_location`, `browser`, `os`, `status`, `msg`, `login_time`) VALUES (99, 'admin', '127.0.0.1', '内网IP', 'Chrome 10', 'Mac OS X', '0', '登录成功', '2022-11-01 22:55:19');
INSERT INTO `sys_logininfor` (`info_id`, `user_name`, `ipaddr`, `login_location`, `browser`, `os`, `status`, `msg`, `login_time`) VALUES (100, 'admin', '127.0.0.1', '内网IP', 'Chrome 10', 'Mac OS X', '0', '退出成功', '2022-11-01 22:55:33');
INSERT INTO `sys_logininfor` (`info_id`, `user_name`, `ipaddr`, `login_location`, `browser`, `os`, `status`, `msg`, `login_time`) VALUES (101, 'admin', '127.0.0.1', '内网IP', 'Chrome 10', 'Mac OS X', '0', '登录成功', '2022-11-01 22:55:51');
INSERT INTO `sys_logininfor` (`info_id`, `user_name`, `ipaddr`, `login_location`, `browser`, `os`, `status`, `msg`, `login_time`) VALUES (102, 'admin', '127.0.0.1', '内网IP', 'Chrome 10', 'Mac OS X', '0', '退出成功', '2022-11-01 22:56:20');
INSERT INTO `sys_logininfor` (`info_id`, `user_name`, `ipaddr`, `login_location`, `browser`, `os`, `status`, `msg`, `login_time`) VALUES (103, '13012349090', '127.0.0.1', '内网IP', 'Chrome 10', 'Mac OS X', '1', '用户不存在/密码错误', '2022-11-01 22:56:29');
INSERT INTO `sys_logininfor` (`info_id`, `user_name`, `ipaddr`, `login_location`, `browser`, `os`, `status`, `msg`, `login_time`) VALUES (104, '13012349090', '127.0.0.1', '内网IP', 'Chrome 10', 'Mac OS X', '1', '用户不存在/密码错误', '2022-11-01 22:56:42');
INSERT INTO `sys_logininfor` (`info_id`, `user_name`, `ipaddr`, `login_location`, `browser`, `os`, `status`, `msg`, `login_time`) VALUES (105, '13012349090', '127.0.0.1', '内网IP', 'Chrome 10', 'Mac OS X', '0', '退出成功', '2022-11-01 22:57:02');
INSERT INTO `sys_logininfor` (`info_id`, `user_name`, `ipaddr`, `login_location`, `browser`, `os`, `status`, `msg`, `login_time`) VALUES (106, '13000001234', '127.0.0.1', '内网IP', 'Chrome 10', 'Mac OS X', '0', '登录成功', '2022-11-01 23:44:54');
INSERT INTO `sys_logininfor` (`info_id`, `user_name`, `ipaddr`, `login_location`, `browser`, `os`, `status`, `msg`, `login_time`) VALUES (107, '13000001234', '127.0.0.1', '内网IP', 'Chrome 10', 'Mac OS X', '0', '退出成功', '2022-11-01 23:58:04');
INSERT INTO `sys_logininfor` (`info_id`, `user_name`, `ipaddr`, `login_location`, `browser`, `os`, `status`, `msg`, `login_time`) VALUES (108, 'admin', '127.0.0.1', '内网IP', 'Chrome 10', 'Mac OS X', '0', '登录成功', '2022-11-01 23:58:12');
INSERT INTO `sys_logininfor` (`info_id`, `user_name`, `ipaddr`, `login_location`, `browser`, `os`, `status`, `msg`, `login_time`) VALUES (109, 'admin', '127.0.0.1', '内网IP', 'Chrome 10', 'Mac OS X', '0', '退出成功', '2022-11-02 00:00:30');
INSERT INTO `sys_logininfor` (`info_id`, `user_name`, `ipaddr`, `login_location`, `browser`, `os`, `status`, `msg`, `login_time`) VALUES (110, '13000001234', '127.0.0.1', '内网IP', 'Chrome 10', 'Mac OS X', '0', '登录成功', '2022-11-02 00:00:39');
INSERT INTO `sys_logininfor` (`info_id`, `user_name`, `ipaddr`, `login_location`, `browser`, `os`, `status`, `msg`, `login_time`) VALUES (111, '13000001234', '127.0.0.1', '内网IP', 'Chrome 10', 'Mac OS X', '0', '退出成功', '2022-11-02 00:08:41');
INSERT INTO `sys_logininfor` (`info_id`, `user_name`, `ipaddr`, `login_location`, `browser`, `os`, `status`, `msg`, `login_time`) VALUES (112, 'admin', '127.0.0.1', '内网IP', 'Chrome 10', 'Mac OS X', '0', '登录成功', '2022-11-02 00:08:48');
INSERT INTO `sys_logininfor` (`info_id`, `user_name`, `ipaddr`, `login_location`, `browser`, `os`, `status`, `msg`, `login_time`) VALUES (113, 'admin', '127.0.0.1', '内网IP', 'Chrome 10', 'Mac OS X', '0', '退出成功', '2022-11-02 00:14:11');
INSERT INTO `sys_logininfor` (`info_id`, `user_name`, `ipaddr`, `login_location`, `browser`, `os`, `status`, `msg`, `login_time`) VALUES (114, '13000001234', '127.0.0.1', '内网IP', 'Chrome 10', 'Mac OS X', '0', '登录成功', '2022-11-02 00:14:20');
INSERT INTO `sys_logininfor` (`info_id`, `user_name`, `ipaddr`, `login_location`, `browser`, `os`, `status`, `msg`, `login_time`) VALUES (115, 'admin', '127.0.0.1', '内网IP', 'Chrome 10', 'Mac OS X', '0', '登录成功', '2022-11-02 00:16:19');
INSERT INTO `sys_logininfor` (`info_id`, `user_name`, `ipaddr`, `login_location`, `browser`, `os`, `status`, `msg`, `login_time`) VALUES (116, '13000001234', '127.0.0.1', '内网IP', 'Chrome 10', 'Mac OS X', '0', '退出成功', '2022-11-02 00:17:04');
INSERT INTO `sys_logininfor` (`info_id`, `user_name`, `ipaddr`, `login_location`, `browser`, `os`, `status`, `msg`, `login_time`) VALUES (117, '13000001234', '127.0.0.1', '内网IP', 'Chrome 10', 'Mac OS X', '1', '验证码错误', '2022-11-02 00:17:10');
INSERT INTO `sys_logininfor` (`info_id`, `user_name`, `ipaddr`, `login_location`, `browser`, `os`, `status`, `msg`, `login_time`) VALUES (118, '13000001234', '127.0.0.1', '内网IP', 'Chrome 10', 'Mac OS X', '0', '登录成功', '2022-11-02 00:17:13');
INSERT INTO `sys_logininfor` (`info_id`, `user_name`, `ipaddr`, `login_location`, `browser`, `os`, `status`, `msg`, `login_time`) VALUES (119, 'admin', '127.0.0.1', '内网IP', 'Chrome 10', 'Mac OS X', '0', '登录成功', '2022-11-02 00:21:52');
INSERT INTO `sys_logininfor` (`info_id`, `user_name`, `ipaddr`, `login_location`, `browser`, `os`, `status`, `msg`, `login_time`) VALUES (120, '13000001234', '127.0.0.1', '内网IP', 'Chrome 10', 'Mac OS X', '0', '登录成功', '2022-11-02 00:25:25');
INSERT INTO `sys_logininfor` (`info_id`, `user_name`, `ipaddr`, `login_location`, `browser`, `os`, `status`, `msg`, `login_time`) VALUES (121, '13000001234', '127.0.0.1', '内网IP', 'Chrome 10', 'Mac OS X', '0', '退出成功', '2022-11-02 00:26:09');
INSERT INTO `sys_logininfor` (`info_id`, `user_name`, `ipaddr`, `login_location`, `browser`, `os`, `status`, `msg`, `login_time`) VALUES (122, '13000001234', '127.0.0.1', '内网IP', 'Chrome 10', 'Mac OS X', '0', '登录成功', '2022-11-02 00:26:16');
INSERT INTO `sys_logininfor` (`info_id`, `user_name`, `ipaddr`, `login_location`, `browser`, `os`, `status`, `msg`, `login_time`) VALUES (123, '13000001234', '127.0.0.1', '内网IP', 'Chrome 10', 'Mac OS X', '0', '登录成功', '2022-11-02 12:59:10');
INSERT INTO `sys_logininfor` (`info_id`, `user_name`, `ipaddr`, `login_location`, `browser`, `os`, `status`, `msg`, `login_time`) VALUES (124, '13000001234', '127.0.0.1', '内网IP', 'Chrome 10', 'Mac OS X', '0', '退出成功', '2022-11-02 12:59:18');
INSERT INTO `sys_logininfor` (`info_id`, `user_name`, `ipaddr`, `login_location`, `browser`, `os`, `status`, `msg`, `login_time`) VALUES (125, 'admin', '127.0.0.1', '内网IP', 'Chrome 10', 'Mac OS X', '0', '登录成功', '2022-11-02 12:59:23');
INSERT INTO `sys_logininfor` (`info_id`, `user_name`, `ipaddr`, `login_location`, `browser`, `os`, `status`, `msg`, `login_time`) VALUES (126, 'admin', '127.0.0.1', '内网IP', 'Chrome 10', 'Mac OS X', '0', '登录成功', '2022-11-02 17:13:20');
INSERT INTO `sys_logininfor` (`info_id`, `user_name`, `ipaddr`, `login_location`, `browser`, `os`, `status`, `msg`, `login_time`) VALUES (127, 'admin', '127.0.0.1', '内网IP', 'Chrome 10', 'Mac OS X', '0', '退出成功', '2022-11-02 17:14:03');
INSERT INTO `sys_logininfor` (`info_id`, `user_name`, `ipaddr`, `login_location`, `browser`, `os`, `status`, `msg`, `login_time`) VALUES (128, '13000001234', '127.0.0.1', '内网IP', 'Chrome 10', 'Mac OS X', '0', '登录成功', '2022-11-02 17:14:11');
INSERT INTO `sys_logininfor` (`info_id`, `user_name`, `ipaddr`, `login_location`, `browser`, `os`, `status`, `msg`, `login_time`) VALUES (129, '13000001234', '127.0.0.1', '内网IP', 'Chrome 10', 'Mac OS X', '0', '退出成功', '2022-11-02 17:14:15');
INSERT INTO `sys_logininfor` (`info_id`, `user_name`, `ipaddr`, `login_location`, `browser`, `os`, `status`, `msg`, `login_time`) VALUES (130, 'admin', '127.0.0.1', '内网IP', 'Chrome 10', 'Mac OS X', '0', '登录成功', '2022-11-02 17:14:23');
INSERT INTO `sys_logininfor` (`info_id`, `user_name`, `ipaddr`, `login_location`, `browser`, `os`, `status`, `msg`, `login_time`) VALUES (131, 'admin', '127.0.0.1', '内网IP', 'Chrome 10', 'Mac OS X', '0', '退出成功', '2022-11-02 17:17:01');
INSERT INTO `sys_logininfor` (`info_id`, `user_name`, `ipaddr`, `login_location`, `browser`, `os`, `status`, `msg`, `login_time`) VALUES (132, '13000001234', '127.0.0.1', '内网IP', 'Chrome 10', 'Mac OS X', '0', '登录成功', '2022-11-02 17:17:13');
INSERT INTO `sys_logininfor` (`info_id`, `user_name`, `ipaddr`, `login_location`, `browser`, `os`, `status`, `msg`, `login_time`) VALUES (133, 'admin', '127.0.0.1', '内网IP', 'Chrome 10', 'Mac OS X', '1', '验证码错误', '2022-11-02 17:17:54');
INSERT INTO `sys_logininfor` (`info_id`, `user_name`, `ipaddr`, `login_location`, `browser`, `os`, `status`, `msg`, `login_time`) VALUES (134, 'admin', '127.0.0.1', '内网IP', 'Chrome 10', 'Mac OS X', '1', '用户不存在/密码错误', '2022-11-02 17:17:59');
INSERT INTO `sys_logininfor` (`info_id`, `user_name`, `ipaddr`, `login_location`, `browser`, `os`, `status`, `msg`, `login_time`) VALUES (135, 'admin', '127.0.0.1', '内网IP', 'Chrome 10', 'Mac OS X', '0', '登录成功', '2022-11-02 17:18:04');
INSERT INTO `sys_logininfor` (`info_id`, `user_name`, `ipaddr`, `login_location`, `browser`, `os`, `status`, `msg`, `login_time`) VALUES (136, '13000001234', '127.0.0.1', '内网IP', 'Chrome 10', 'Mac OS X', '0', '退出成功', '2022-11-02 17:22:17');
INSERT INTO `sys_logininfor` (`info_id`, `user_name`, `ipaddr`, `login_location`, `browser`, `os`, `status`, `msg`, `login_time`) VALUES (137, '13000001234', '127.0.0.1', '内网IP', 'Chrome 10', 'Mac OS X', '0', '登录成功', '2022-11-02 17:22:42');
INSERT INTO `sys_logininfor` (`info_id`, `user_name`, `ipaddr`, `login_location`, `browser`, `os`, `status`, `msg`, `login_time`) VALUES (138, 'admin', '127.0.0.1', '内网IP', 'Chrome 10', 'Mac OS X', '0', '登录成功', '2022-11-02 23:03:49');
INSERT INTO `sys_logininfor` (`info_id`, `user_name`, `ipaddr`, `login_location`, `browser`, `os`, `status`, `msg`, `login_time`) VALUES (139, '13212341234', '127.0.0.1', '内网IP', 'Chrome 10', 'Mac OS X', '0', '登录成功', '2022-11-02 23:32:09');
INSERT INTO `sys_logininfor` (`info_id`, `user_name`, `ipaddr`, `login_location`, `browser`, `os`, `status`, `msg`, `login_time`) VALUES (140, 'admin', '127.0.0.1', '内网IP', 'Chrome 10', 'Mac OS X', '0', '登录成功', '2022-11-03 00:56:26');
INSERT INTO `sys_logininfor` (`info_id`, `user_name`, `ipaddr`, `login_location`, `browser`, `os`, `status`, `msg`, `login_time`) VALUES (141, 'admin', '127.0.0.1', '内网IP', 'Chrome 10', 'Mac OS X', '0', '登录成功', '2022-11-03 11:18:58');
INSERT INTO `sys_logininfor` (`info_id`, `user_name`, `ipaddr`, `login_location`, `browser`, `os`, `status`, `msg`, `login_time`) VALUES (142, 'admin', '127.0.0.1', '内网IP', 'Chrome 10', 'Mac OS X', '0', '退出成功', '2022-11-03 12:05:21');
INSERT INTO `sys_logininfor` (`info_id`, `user_name`, `ipaddr`, `login_location`, `browser`, `os`, `status`, `msg`, `login_time`) VALUES (143, 'admin', '127.0.0.1', '内网IP', 'Chrome 10', 'Mac OS X', '1', '验证码已失效', '2022-11-03 12:08:41');
INSERT INTO `sys_logininfor` (`info_id`, `user_name`, `ipaddr`, `login_location`, `browser`, `os`, `status`, `msg`, `login_time`) VALUES (144, 'admin', '127.0.0.1', '内网IP', 'Chrome 10', 'Mac OS X', '1', '用户不存在/密码错误', '2022-11-03 12:08:44');
INSERT INTO `sys_logininfor` (`info_id`, `user_name`, `ipaddr`, `login_location`, `browser`, `os`, `status`, `msg`, `login_time`) VALUES (145, 'admin', '127.0.0.1', '内网IP', 'Chrome 10', 'Mac OS X', '0', '登录成功', '2022-11-03 12:08:49');
INSERT INTO `sys_logininfor` (`info_id`, `user_name`, `ipaddr`, `login_location`, `browser`, `os`, `status`, `msg`, `login_time`) VALUES (146, 'admin', '127.0.0.1', '内网IP', 'Chrome 10', 'Mac OS X', '0', '退出成功', '2022-11-03 12:18:31');
INSERT INTO `sys_logininfor` (`info_id`, `user_name`, `ipaddr`, `login_location`, `browser`, `os`, `status`, `msg`, `login_time`) VALUES (147, '13090901234', '127.0.0.1', '内网IP', 'Chrome 10', 'Mac OS X', '1', '用户不存在/密码错误', '2022-11-03 12:19:21');
INSERT INTO `sys_logininfor` (`info_id`, `user_name`, `ipaddr`, `login_location`, `browser`, `os`, `status`, `msg`, `login_time`) VALUES (148, '13090901234', '127.0.0.1', '内网IP', 'Chrome 10', 'Mac OS X', '1', '用户不存在/密码错误', '2022-11-03 12:19:25');
INSERT INTO `sys_logininfor` (`info_id`, `user_name`, `ipaddr`, `login_location`, `browser`, `os`, `status`, `msg`, `login_time`) VALUES (149, '13090901234', '127.0.0.1', '内网IP', 'Chrome 10', 'Mac OS X', '1', '用户不存在/密码错误', '2022-11-03 12:19:32');
INSERT INTO `sys_logininfor` (`info_id`, `user_name`, `ipaddr`, `login_location`, `browser`, `os`, `status`, `msg`, `login_time`) VALUES (150, 'admin', '127.0.0.1', '内网IP', 'Chrome 10', 'Mac OS X', '1', '验证码错误', '2022-11-03 12:19:42');
INSERT INTO `sys_logininfor` (`info_id`, `user_name`, `ipaddr`, `login_location`, `browser`, `os`, `status`, `msg`, `login_time`) VALUES (151, 'admin', '127.0.0.1', '内网IP', 'Chrome 10', 'Mac OS X', '1', '用户不存在/密码错误', '2022-11-03 12:19:46');
INSERT INTO `sys_logininfor` (`info_id`, `user_name`, `ipaddr`, `login_location`, `browser`, `os`, `status`, `msg`, `login_time`) VALUES (152, 'admin', '127.0.0.1', '内网IP', 'Chrome 10', 'Mac OS X', '0', '登录成功', '2022-11-03 12:19:53');
INSERT INTO `sys_logininfor` (`info_id`, `user_name`, `ipaddr`, `login_location`, `browser`, `os`, `status`, `msg`, `login_time`) VALUES (153, 'admin', '127.0.0.1', '内网IP', 'Chrome 10', 'Mac OS X', '0', '退出成功', '2022-11-03 12:20:02');
INSERT INTO `sys_logininfor` (`info_id`, `user_name`, `ipaddr`, `login_location`, `browser`, `os`, `status`, `msg`, `login_time`) VALUES (154, '13090901232', '127.0.0.1', '内网IP', 'Chrome 10', 'Mac OS X', '1', '对不起，该租户账号暂未激活，请联系管理员', '2022-11-03 12:20:10');
INSERT INTO `sys_logininfor` (`info_id`, `user_name`, `ipaddr`, `login_location`, `browser`, `os`, `status`, `msg`, `login_time`) VALUES (155, 'admin', '127.0.0.1', '内网IP', 'Chrome 10', 'Mac OS X', '0', '登录成功', '2022-11-03 12:20:24');
INSERT INTO `sys_logininfor` (`info_id`, `user_name`, `ipaddr`, `login_location`, `browser`, `os`, `status`, `msg`, `login_time`) VALUES (156, '13012349090', '127.0.0.1', '内网IP', 'Chrome 10', 'Mac OS X', '1', '用户不存在/密码错误', '2022-11-03 12:20:37');
INSERT INTO `sys_logininfor` (`info_id`, `user_name`, `ipaddr`, `login_location`, `browser`, `os`, `status`, `msg`, `login_time`) VALUES (157, '13012349090', '127.0.0.1', '内网IP', 'Chrome 10', 'Mac OS X', '1', '用户不存在/密码错误', '2022-11-03 12:20:45');
INSERT INTO `sys_logininfor` (`info_id`, `user_name`, `ipaddr`, `login_location`, `browser`, `os`, `status`, `msg`, `login_time`) VALUES (158, '13012349090', '127.0.0.1', '内网IP', 'Chrome 10', 'Mac OS X', '0', '登录成功', '2022-11-03 12:20:51');
INSERT INTO `sys_logininfor` (`info_id`, `user_name`, `ipaddr`, `login_location`, `browser`, `os`, `status`, `msg`, `login_time`) VALUES (159, '13012349090', '127.0.0.1', '内网IP', 'Chrome 10', 'Mac OS X', '0', '退出成功', '2022-11-03 12:23:37');
INSERT INTO `sys_logininfor` (`info_id`, `user_name`, `ipaddr`, `login_location`, `browser`, `os`, `status`, `msg`, `login_time`) VALUES (160, 'admin', '127.0.0.1', '内网IP', 'Chrome 10', 'Mac OS X', '1', '验证码已失效', '2022-11-03 12:29:24');
INSERT INTO `sys_logininfor` (`info_id`, `user_name`, `ipaddr`, `login_location`, `browser`, `os`, `status`, `msg`, `login_time`) VALUES (161, 'admin', '127.0.0.1', '内网IP', 'Chrome 10', 'Mac OS X', '0', '登录成功', '2022-11-03 12:29:29');
INSERT INTO `sys_logininfor` (`info_id`, `user_name`, `ipaddr`, `login_location`, `browser`, `os`, `status`, `msg`, `login_time`) VALUES (162, 'admin', '127.0.0.1', '内网IP', 'Chrome 10', 'Mac OS X', '1', '验证码错误', '2022-11-03 16:27:09');
INSERT INTO `sys_logininfor` (`info_id`, `user_name`, `ipaddr`, `login_location`, `browser`, `os`, `status`, `msg`, `login_time`) VALUES (163, 'admin', '127.0.0.1', '内网IP', 'Chrome 10', 'Mac OS X', '1', '用户不存在/密码错误', '2022-11-03 16:27:11');
INSERT INTO `sys_logininfor` (`info_id`, `user_name`, `ipaddr`, `login_location`, `browser`, `os`, `status`, `msg`, `login_time`) VALUES (164, 'admin', '127.0.0.1', '内网IP', 'Chrome 10', 'Mac OS X', '0', '登录成功', '2022-11-03 16:27:24');
INSERT INTO `sys_logininfor` (`info_id`, `user_name`, `ipaddr`, `login_location`, `browser`, `os`, `status`, `msg`, `login_time`) VALUES (165, '13012349090', '127.0.0.1', '内网IP', 'Chrome 10', 'Mac OS X', '0', '登录成功', '2022-11-03 16:48:22');
INSERT INTO `sys_logininfor` (`info_id`, `user_name`, `ipaddr`, `login_location`, `browser`, `os`, `status`, `msg`, `login_time`) VALUES (166, 'admin', '127.0.0.1', '内网IP', 'Chrome 10', 'Mac OS X', '0', '登录成功', '2022-11-05 22:03:31');
INSERT INTO `sys_logininfor` (`info_id`, `user_name`, `ipaddr`, `login_location`, `browser`, `os`, `status`, `msg`, `login_time`) VALUES (167, 'admin', '127.0.0.1', '内网IP', 'Chrome 10', 'Mac OS X', '0', '退出成功', '2022-11-05 22:04:38');
INSERT INTO `sys_logininfor` (`info_id`, `user_name`, `ipaddr`, `login_location`, `browser`, `os`, `status`, `msg`, `login_time`) VALUES (168, 'admin', '127.0.0.1', '内网IP', 'Chrome 10', 'Mac OS X', '1', '验证码错误', '2022-11-05 22:05:53');
INSERT INTO `sys_logininfor` (`info_id`, `user_name`, `ipaddr`, `login_location`, `browser`, `os`, `status`, `msg`, `login_time`) VALUES (169, 'admin', '127.0.0.1', '内网IP', 'Chrome 10', 'Mac OS X', '1', '验证码错误', '2022-11-05 22:05:55');
INSERT INTO `sys_logininfor` (`info_id`, `user_name`, `ipaddr`, `login_location`, `browser`, `os`, `status`, `msg`, `login_time`) VALUES (170, 'admin', '127.0.0.1', '内网IP', 'Chrome 10', 'Mac OS X', '0', '登录成功', '2022-11-05 22:05:59');
INSERT INTO `sys_logininfor` (`info_id`, `user_name`, `ipaddr`, `login_location`, `browser`, `os`, `status`, `msg`, `login_time`) VALUES (171, '13012349090', '127.0.0.1', '内网IP', 'Chrome 10', 'Mac OS X', '1', '验证码错误', '2022-11-05 22:07:43');
INSERT INTO `sys_logininfor` (`info_id`, `user_name`, `ipaddr`, `login_location`, `browser`, `os`, `status`, `msg`, `login_time`) VALUES (172, '13012349090', '127.0.0.1', '内网IP', 'Chrome 10', 'Mac OS X', '1', '用户不存在/密码错误', '2022-11-05 22:07:46');
INSERT INTO `sys_logininfor` (`info_id`, `user_name`, `ipaddr`, `login_location`, `browser`, `os`, `status`, `msg`, `login_time`) VALUES (173, '13012349090', '127.0.0.1', '内网IP', 'Chrome 10', 'Mac OS X', '0', '登录成功', '2022-11-05 22:07:53');
INSERT INTO `sys_logininfor` (`info_id`, `user_name`, `ipaddr`, `login_location`, `browser`, `os`, `status`, `msg`, `login_time`) VALUES (174, 'admin', '127.0.0.1', '内网IP', 'Chrome 10', 'Mac OS X', '1', '用户不存在/密码错误', '2022-11-06 13:01:44');
INSERT INTO `sys_logininfor` (`info_id`, `user_name`, `ipaddr`, `login_location`, `browser`, `os`, `status`, `msg`, `login_time`) VALUES (175, 'admin', '127.0.0.1', '内网IP', 'Chrome 10', 'Mac OS X', '1', '用户不存在/密码错误', '2022-11-06 13:01:58');
INSERT INTO `sys_logininfor` (`info_id`, `user_name`, `ipaddr`, `login_location`, `browser`, `os`, `status`, `msg`, `login_time`) VALUES (176, 'admin', '127.0.0.1', '内网IP', 'Chrome 10', 'Mac OS X', '1', '用户不存在/密码错误', '2022-11-06 13:02:04');
INSERT INTO `sys_logininfor` (`info_id`, `user_name`, `ipaddr`, `login_location`, `browser`, `os`, `status`, `msg`, `login_time`) VALUES (177, 'admin', '127.0.0.1', '内网IP', 'Chrome 10', 'Mac OS X', '0', '登录成功', '2022-11-06 13:02:11');
INSERT INTO `sys_logininfor` (`info_id`, `user_name`, `ipaddr`, `login_location`, `browser`, `os`, `status`, `msg`, `login_time`) VALUES (178, '13012349090', '127.0.0.1', '内网IP', 'Chrome 10', 'Mac OS X', '0', '登录成功', '2022-11-06 13:02:52');
INSERT INTO `sys_logininfor` (`info_id`, `user_name`, `ipaddr`, `login_location`, `browser`, `os`, `status`, `msg`, `login_time`) VALUES (179, 'admin', '127.0.0.1', '内网IP', 'Chrome 10', 'Mac OS X', '0', '登录成功', '2022-11-06 15:39:38');
INSERT INTO `sys_logininfor` (`info_id`, `user_name`, `ipaddr`, `login_location`, `browser`, `os`, `status`, `msg`, `login_time`) VALUES (180, '13012349090', '127.0.0.1', '内网IP', 'Chrome 10', 'Mac OS X', '1', '验证码已失效', '2022-11-06 15:41:34');
INSERT INTO `sys_logininfor` (`info_id`, `user_name`, `ipaddr`, `login_location`, `browser`, `os`, `status`, `msg`, `login_time`) VALUES (181, '13012349090', '127.0.0.1', '内网IP', 'Chrome 10', 'Mac OS X', '0', '登录成功', '2022-11-06 15:41:38');
INSERT INTO `sys_logininfor` (`info_id`, `user_name`, `ipaddr`, `login_location`, `browser`, `os`, `status`, `msg`, `login_time`) VALUES (182, 'admin', '127.0.0.1', '内网IP', 'Chrome 10', 'Mac OS X', '0', '登录成功', '2022-11-06 16:59:56');
INSERT INTO `sys_logininfor` (`info_id`, `user_name`, `ipaddr`, `login_location`, `browser`, `os`, `status`, `msg`, `login_time`) VALUES (183, 'admin', '127.0.0.1', '内网IP', 'Chrome 10', 'Mac OS X', '0', '退出成功', '2022-11-06 17:10:09');
INSERT INTO `sys_logininfor` (`info_id`, `user_name`, `ipaddr`, `login_location`, `browser`, `os`, `status`, `msg`, `login_time`) VALUES (184, '13012349090', '127.0.0.1', '内网IP', 'Chrome 10', 'Mac OS X', '0', '登录成功', '2022-11-06 17:10:18');
INSERT INTO `sys_logininfor` (`info_id`, `user_name`, `ipaddr`, `login_location`, `browser`, `os`, `status`, `msg`, `login_time`) VALUES (185, '13012349090', '127.0.0.1', '内网IP', 'Chrome 10', 'Mac OS X', '0', '登录成功', '2022-11-06 21:02:07');
INSERT INTO `sys_logininfor` (`info_id`, `user_name`, `ipaddr`, `login_location`, `browser`, `os`, `status`, `msg`, `login_time`) VALUES (186, 'admin', '127.0.0.1', '内网IP', 'Chrome 10', 'Mac OS X', '0', '登录成功', '2022-11-06 21:51:43');
INSERT INTO `sys_logininfor` (`info_id`, `user_name`, `ipaddr`, `login_location`, `browser`, `os`, `status`, `msg`, `login_time`) VALUES (187, '13012349090', '127.0.0.1', '内网IP', 'Chrome 10', 'Mac OS X', '0', '登录成功', '2022-11-07 12:39:30');
INSERT INTO `sys_logininfor` (`info_id`, `user_name`, `ipaddr`, `login_location`, `browser`, `os`, `status`, `msg`, `login_time`) VALUES (188, '13012349090', '127.0.0.1', '内网IP', 'Chrome 10', 'Mac OS X', '0', '登录成功', '2022-11-07 14:47:34');
INSERT INTO `sys_logininfor` (`info_id`, `user_name`, `ipaddr`, `login_location`, `browser`, `os`, `status`, `msg`, `login_time`) VALUES (189, '13012349090', '127.0.0.1', '内网IP', 'Chrome 10', 'Mac OS X', '0', '登录成功', '2022-11-07 16:02:50');
INSERT INTO `sys_logininfor` (`info_id`, `user_name`, `ipaddr`, `login_location`, `browser`, `os`, `status`, `msg`, `login_time`) VALUES (190, '13012349090', '127.0.0.1', '内网IP', 'Chrome 10', 'Mac OS X', '0', '登录成功', '2022-11-07 18:43:38');
INSERT INTO `sys_logininfor` (`info_id`, `user_name`, `ipaddr`, `login_location`, `browser`, `os`, `status`, `msg`, `login_time`) VALUES (191, '13012349090', '127.0.0.1', '内网IP', 'Chrome 10', 'Mac OS X', '0', '登录成功', '2022-11-08 19:48:19');
INSERT INTO `sys_logininfor` (`info_id`, `user_name`, `ipaddr`, `login_location`, `browser`, `os`, `status`, `msg`, `login_time`) VALUES (192, '13012349090', '127.0.0.1', '内网IP', 'Chrome 10', 'Mac OS X', '0', '登录成功', '2022-11-09 10:10:47');
INSERT INTO `sys_logininfor` (`info_id`, `user_name`, `ipaddr`, `login_location`, `browser`, `os`, `status`, `msg`, `login_time`) VALUES (193, '13012349090', '127.0.0.1', '内网IP', 'Chrome 10', 'Mac OS X', '0', '登录成功', '2022-11-09 17:04:05');
INSERT INTO `sys_logininfor` (`info_id`, `user_name`, `ipaddr`, `login_location`, `browser`, `os`, `status`, `msg`, `login_time`) VALUES (194, '13012349090', '127.0.0.1', '内网IP', 'Chrome 10', 'Mac OS X', '0', '登录成功', '2022-11-09 18:12:10');
INSERT INTO `sys_logininfor` (`info_id`, `user_name`, `ipaddr`, `login_location`, `browser`, `os`, `status`, `msg`, `login_time`) VALUES (195, '13012349090', '127.0.0.1', '内网IP', 'Chrome 10', 'Mac OS X', '0', '登录成功', '2022-11-09 19:46:04');
INSERT INTO `sys_logininfor` (`info_id`, `user_name`, `ipaddr`, `login_location`, `browser`, `os`, `status`, `msg`, `login_time`) VALUES (196, '13012349090', '127.0.0.1', '内网IP', 'Chrome 10', 'Mac OS X', '0', '退出成功', '2022-11-09 20:59:28');
INSERT INTO `sys_logininfor` (`info_id`, `user_name`, `ipaddr`, `login_location`, `browser`, `os`, `status`, `msg`, `login_time`) VALUES (197, 'admin', '127.0.0.1', '内网IP', 'Chrome 10', 'Mac OS X', '0', '登录成功', '2022-11-09 20:59:38');
INSERT INTO `sys_logininfor` (`info_id`, `user_name`, `ipaddr`, `login_location`, `browser`, `os`, `status`, `msg`, `login_time`) VALUES (198, 'admin', '127.0.0.1', '内网IP', 'Chrome 10', 'Mac OS X', '0', '退出成功', '2022-11-09 20:59:50');
INSERT INTO `sys_logininfor` (`info_id`, `user_name`, `ipaddr`, `login_location`, `browser`, `os`, `status`, `msg`, `login_time`) VALUES (199, '13000001234', '127.0.0.1', '内网IP', 'Chrome 10', 'Mac OS X', '1', '用户不存在/密码错误', '2022-11-09 20:59:59');
INSERT INTO `sys_logininfor` (`info_id`, `user_name`, `ipaddr`, `login_location`, `browser`, `os`, `status`, `msg`, `login_time`) VALUES (200, '13000001234', '127.0.0.1', '内网IP', 'Chrome 10', 'Mac OS X', '1', '用户不存在/密码错误', '2022-11-09 21:00:05');
INSERT INTO `sys_logininfor` (`info_id`, `user_name`, `ipaddr`, `login_location`, `browser`, `os`, `status`, `msg`, `login_time`) VALUES (201, '13000001234', '127.0.0.1', '内网IP', 'Chrome 10', 'Mac OS X', '1', '用户不存在/密码错误', '2022-11-09 21:00:12');
INSERT INTO `sys_logininfor` (`info_id`, `user_name`, `ipaddr`, `login_location`, `browser`, `os`, `status`, `msg`, `login_time`) VALUES (202, 'admin', '127.0.0.1', '内网IP', 'Chrome 10', 'Mac OS X', '1', '验证码错误', '2022-11-09 21:01:13');
INSERT INTO `sys_logininfor` (`info_id`, `user_name`, `ipaddr`, `login_location`, `browser`, `os`, `status`, `msg`, `login_time`) VALUES (203, 'admin', '127.0.0.1', '内网IP', 'Chrome 10', 'Mac OS X', '1', '用户不存在/密码错误', '2022-11-09 21:01:17');
INSERT INTO `sys_logininfor` (`info_id`, `user_name`, `ipaddr`, `login_location`, `browser`, `os`, `status`, `msg`, `login_time`) VALUES (204, 'admin', '127.0.0.1', '内网IP', 'Chrome 10', 'Mac OS X', '1', '用户不存在/密码错误', '2022-11-09 21:01:22');
INSERT INTO `sys_logininfor` (`info_id`, `user_name`, `ipaddr`, `login_location`, `browser`, `os`, `status`, `msg`, `login_time`) VALUES (205, 'admin', '127.0.0.1', '内网IP', 'Chrome 10', 'Mac OS X', '1', '验证码错误', '2022-11-09 21:01:27');
INSERT INTO `sys_logininfor` (`info_id`, `user_name`, `ipaddr`, `login_location`, `browser`, `os`, `status`, `msg`, `login_time`) VALUES (206, 'admin', '127.0.0.1', '内网IP', 'Chrome 10', 'Mac OS X', '0', '登录成功', '2022-11-09 21:01:30');
INSERT INTO `sys_logininfor` (`info_id`, `user_name`, `ipaddr`, `login_location`, `browser`, `os`, `status`, `msg`, `login_time`) VALUES (207, '13000001234', '127.0.0.1', '内网IP', 'Chrome 10', 'Mac OS X', '0', '退出成功', '2022-11-10 10:52:15');
INSERT INTO `sys_logininfor` (`info_id`, `user_name`, `ipaddr`, `login_location`, `browser`, `os`, `status`, `msg`, `login_time`) VALUES (208, '13012341234', '127.0.0.1', '内网IP', 'Chrome 10', 'Mac OS X', '1', '对不起，该租户账号暂未激活，请联系管理员', '2022-11-10 10:55:02');
INSERT INTO `sys_logininfor` (`info_id`, `user_name`, `ipaddr`, `login_location`, `browser`, `os`, `status`, `msg`, `login_time`) VALUES (209, 'admin', '127.0.0.1', '内网IP', 'Chrome 10', 'Mac OS X', '0', '登录成功', '2022-11-10 10:55:20');
INSERT INTO `sys_logininfor` (`info_id`, `user_name`, `ipaddr`, `login_location`, `browser`, `os`, `status`, `msg`, `login_time`) VALUES (210, '13012341234', '127.0.0.1', '内网IP', 'Chrome 10', 'Mac OS X', '1', '用户不存在/密码错误', '2022-11-10 10:55:43');
INSERT INTO `sys_logininfor` (`info_id`, `user_name`, `ipaddr`, `login_location`, `browser`, `os`, `status`, `msg`, `login_time`) VALUES (211, '13012341234', '127.0.0.1', '内网IP', 'Chrome 10', 'Mac OS X', '0', '登录成功', '2022-11-10 10:55:48');
INSERT INTO `sys_logininfor` (`info_id`, `user_name`, `ipaddr`, `login_location`, `browser`, `os`, `status`, `msg`, `login_time`) VALUES (212, '13012341234', '127.0.0.1', '内网IP', 'Chrome 10', 'Mac OS X', '0', '退出成功', '2022-11-10 11:01:46');
INSERT INTO `sys_logininfor` (`info_id`, `user_name`, `ipaddr`, `login_location`, `browser`, `os`, `status`, `msg`, `login_time`) VALUES (213, '13000001234', '127.0.0.1', '内网IP', 'Chrome 10', 'Mac OS X', '1', '用户不存在/密码错误', '2022-11-10 11:02:00');
INSERT INTO `sys_logininfor` (`info_id`, `user_name`, `ipaddr`, `login_location`, `browser`, `os`, `status`, `msg`, `login_time`) VALUES (214, 'admin', '127.0.0.1', '内网IP', 'Chrome 10', 'Mac OS X', '0', '退出成功', '2022-11-10 12:04:02');
INSERT INTO `sys_logininfor` (`info_id`, `user_name`, `ipaddr`, `login_location`, `browser`, `os`, `status`, `msg`, `login_time`) VALUES (215, '13000001234', '127.0.0.1', '内网IP', 'Chrome 10', 'Mac OS X', '0', '退出成功', '2022-11-10 14:00:08');
INSERT INTO `sys_logininfor` (`info_id`, `user_name`, `ipaddr`, `login_location`, `browser`, `os`, `status`, `msg`, `login_time`) VALUES (216, 'admin', '127.0.0.1', '内网IP', 'Chrome 10', 'Mac OS X', '0', '登录成功', '2022-11-10 14:00:17');
INSERT INTO `sys_logininfor` (`info_id`, `user_name`, `ipaddr`, `login_location`, `browser`, `os`, `status`, `msg`, `login_time`) VALUES (217, 'admin', '127.0.0.1', '内网IP', 'Chrome 10', 'Mac OS X', '0', '退出成功', '2022-11-10 14:00:30');
INSERT INTO `sys_logininfor` (`info_id`, `user_name`, `ipaddr`, `login_location`, `browser`, `os`, `status`, `msg`, `login_time`) VALUES (218, '13012349090', '127.0.0.1', '内网IP', 'Chrome 10', 'Mac OS X', '0', '退出成功', '2022-11-10 14:06:59');
INSERT INTO `sys_logininfor` (`info_id`, `user_name`, `ipaddr`, `login_location`, `browser`, `os`, `status`, `msg`, `login_time`) VALUES (219, '13012349090', '127.0.0.1', '内网IP', 'Chrome 10', 'Mac OS X', '0', '退出成功', '2022-11-10 14:21:32');
INSERT INTO `sys_logininfor` (`info_id`, `user_name`, `ipaddr`, `login_location`, `browser`, `os`, `status`, `msg`, `login_time`) VALUES (220, '13012349090', '127.0.0.1', '内网IP', 'Chrome 10', 'Mac OS X', '0', '退出成功', '2022-11-10 14:30:57');
INSERT INTO `sys_logininfor` (`info_id`, `user_name`, `ipaddr`, `login_location`, `browser`, `os`, `status`, `msg`, `login_time`) VALUES (221, '13111111111', '127.0.0.1', '内网IP', 'Chrome 10', 'Mac OS X', '0', '登录成功', '2022-11-10 14:31:07');
INSERT INTO `sys_logininfor` (`info_id`, `user_name`, `ipaddr`, `login_location`, `browser`, `os`, `status`, `msg`, `login_time`) VALUES (222, '13111111111', '127.0.0.1', '内网IP', 'Chrome 10', 'Mac OS X', '0', '退出成功', '2022-11-10 14:51:08');
INSERT INTO `sys_logininfor` (`info_id`, `user_name`, `ipaddr`, `login_location`, `browser`, `os`, `status`, `msg`, `login_time`) VALUES (223, '13012349090', '127.0.0.1', '内网IP', 'Chrome 10', 'Mac OS X', '1', '用户不存在/密码错误', '2022-11-10 14:51:26');
INSERT INTO `sys_logininfor` (`info_id`, `user_name`, `ipaddr`, `login_location`, `browser`, `os`, `status`, `msg`, `login_time`) VALUES (224, 'admin', '127.0.0.1', '内网IP', 'Chrome 10', 'Mac OS X', '1', '验证码已失效', '2022-11-10 14:54:38');
INSERT INTO `sys_logininfor` (`info_id`, `user_name`, `ipaddr`, `login_location`, `browser`, `os`, `status`, `msg`, `login_time`) VALUES (225, 'admin', '127.0.0.1', '内网IP', 'Chrome 10', 'Mac OS X', '1', '验证码错误', '2022-11-10 14:54:41');
INSERT INTO `sys_logininfor` (`info_id`, `user_name`, `ipaddr`, `login_location`, `browser`, `os`, `status`, `msg`, `login_time`) VALUES (226, 'admin', '127.0.0.1', '内网IP', 'Chrome 10', 'Mac OS X', '1', '验证码错误', '2022-11-10 14:54:44');
INSERT INTO `sys_logininfor` (`info_id`, `user_name`, `ipaddr`, `login_location`, `browser`, `os`, `status`, `msg`, `login_time`) VALUES (227, 'admin', '127.0.0.1', '内网IP', 'Chrome 10', 'Mac OS X', '0', '登录成功', '2022-11-10 14:54:47');
INSERT INTO `sys_logininfor` (`info_id`, `user_name`, `ipaddr`, `login_location`, `browser`, `os`, `status`, `msg`, `login_time`) VALUES (228, 'admin', '127.0.0.1', '内网IP', 'Chrome 10', 'Mac OS X', '0', '退出成功', '2022-11-10 14:55:11');
INSERT INTO `sys_logininfor` (`info_id`, `user_name`, `ipaddr`, `login_location`, `browser`, `os`, `status`, `msg`, `login_time`) VALUES (229, '13000001234', '127.0.0.1', '内网IP', 'Chrome 10', 'Mac OS X', '1', '用户不存在/密码错误', '2022-11-10 14:55:18');
INSERT INTO `sys_logininfor` (`info_id`, `user_name`, `ipaddr`, `login_location`, `browser`, `os`, `status`, `msg`, `login_time`) VALUES (230, '13000001234', '127.0.0.1', '内网IP', 'Chrome 10', 'Mac OS X', '1', '用户不存在/密码错误', '2022-11-10 14:55:25');
INSERT INTO `sys_logininfor` (`info_id`, `user_name`, `ipaddr`, `login_location`, `browser`, `os`, `status`, `msg`, `login_time`) VALUES (231, 'admin', '127.0.0.1', '内网IP', 'Chrome 10', 'Mac OS X', '1', '用户不存在/密码错误', '2022-11-10 18:24:14');
INSERT INTO `sys_logininfor` (`info_id`, `user_name`, `ipaddr`, `login_location`, `browser`, `os`, `status`, `msg`, `login_time`) VALUES (232, 'admin', '127.0.0.1', '内网IP', 'Chrome 10', 'Mac OS X', '0', '登录成功', '2022-11-10 18:24:18');
INSERT INTO `sys_logininfor` (`info_id`, `user_name`, `ipaddr`, `login_location`, `browser`, `os`, `status`, `msg`, `login_time`) VALUES (233, 'admin', '127.0.0.1', '内网IP', 'Chrome 10', 'Mac OS X', '0', '登录成功', '2022-11-10 18:52:42');
INSERT INTO `sys_logininfor` (`info_id`, `user_name`, `ipaddr`, `login_location`, `browser`, `os`, `status`, `msg`, `login_time`) VALUES (234, 'admin', '127.0.0.1', '内网IP', 'Chrome 10', 'Mac OS X', '0', '登录成功', '2022-11-10 19:41:48');
INSERT INTO `sys_logininfor` (`info_id`, `user_name`, `ipaddr`, `login_location`, `browser`, `os`, `status`, `msg`, `login_time`) VALUES (235, 'admin', '127.0.0.1', '内网IP', 'Chrome 10', 'Mac OS X', '0', '登录成功', '2022-11-11 17:52:23');
INSERT INTO `sys_logininfor` (`info_id`, `user_name`, `ipaddr`, `login_location`, `browser`, `os`, `status`, `msg`, `login_time`) VALUES (236, 'admin', '127.0.0.1', '内网IP', 'Chrome 10', 'Mac OS X', '0', '退出成功', '2022-11-11 18:10:08');
INSERT INTO `sys_logininfor` (`info_id`, `user_name`, `ipaddr`, `login_location`, `browser`, `os`, `status`, `msg`, `login_time`) VALUES (237, '13012349090', '127.0.0.1', '内网IP', 'Chrome 10', 'Mac OS X', '0', '退出成功', '2022-11-11 18:10:53');
INSERT INTO `sys_logininfor` (`info_id`, `user_name`, `ipaddr`, `login_location`, `browser`, `os`, `status`, `msg`, `login_time`) VALUES (238, '13012349090', '127.0.0.1', '内网IP', 'Chrome 10', 'Mac OS X', '0', '退出成功', '2022-11-11 18:11:08');
INSERT INTO `sys_logininfor` (`info_id`, `user_name`, `ipaddr`, `login_location`, `browser`, `os`, `status`, `msg`, `login_time`) VALUES (239, 'admin', '127.0.0.1', '内网IP', 'Chrome 10', 'Mac OS X', '0', '登录成功', '2022-11-11 18:11:16');
INSERT INTO `sys_logininfor` (`info_id`, `user_name`, `ipaddr`, `login_location`, `browser`, `os`, `status`, `msg`, `login_time`) VALUES (240, 'admin', '127.0.0.1', '内网IP', 'Chrome 10', 'Mac OS X', '0', '退出成功', '2022-11-11 18:20:47');
INSERT INTO `sys_logininfor` (`info_id`, `user_name`, `ipaddr`, `login_location`, `browser`, `os`, `status`, `msg`, `login_time`) VALUES (241, 'admin', '127.0.0.1', '内网IP', 'Chrome 10', 'Mac OS X', '1', '用户不存在/密码错误', '2022-11-11 19:03:58');
INSERT INTO `sys_logininfor` (`info_id`, `user_name`, `ipaddr`, `login_location`, `browser`, `os`, `status`, `msg`, `login_time`) VALUES (242, 'admin', '127.0.0.1', '内网IP', 'Chrome 10', 'Mac OS X', '0', '登录成功', '2022-11-11 19:04:04');
INSERT INTO `sys_logininfor` (`info_id`, `user_name`, `ipaddr`, `login_location`, `browser`, `os`, `status`, `msg`, `login_time`) VALUES (243, 'admin', '127.0.0.1', '内网IP', 'Chrome 10', 'Mac OS X', '0', '退出成功', '2022-11-11 19:08:01');
INSERT INTO `sys_logininfor` (`info_id`, `user_name`, `ipaddr`, `login_location`, `browser`, `os`, `status`, `msg`, `login_time`) VALUES (244, 'admin', '127.0.0.1', '内网IP', 'Chrome 10', 'Mac OS X', '0', '登录成功', '2022-11-11 19:08:10');
COMMIT;

-- ----------------------------
-- Table structure for sys_menu
-- ----------------------------
DROP TABLE IF EXISTS `sys_menu`;
CREATE TABLE `sys_menu` (
  `menu_id` bigint NOT NULL AUTO_INCREMENT COMMENT '菜单ID',
  `menu_name` varchar(50) NOT NULL COMMENT '菜单名称',
  `parent_id` bigint DEFAULT '0' COMMENT '父菜单ID',
  `order_num` int DEFAULT '0' COMMENT '显示顺序',
  `path` varchar(200) DEFAULT '' COMMENT '路由地址',
  `component` varchar(255) DEFAULT NULL COMMENT '组件路径',
  `is_frame` int DEFAULT '1' COMMENT '是否为外链（0是 1否）',
  `menu_type` char(1) DEFAULT '' COMMENT '菜单类型（M目录 C菜单 F按钮）',
  `visible` char(1) DEFAULT '0' COMMENT '菜单状态（0显示 1隐藏）',
  `status` char(1) DEFAULT '0' COMMENT '菜单状态（0正常 1停用）',
  `perms` varchar(100) DEFAULT NULL COMMENT '权限标识',
  `icon` varchar(100) DEFAULT '#' COMMENT '菜单图标',
  `create_by` varchar(64) DEFAULT '' COMMENT '创建者',
  `create_time` datetime DEFAULT NULL COMMENT '创建时间',
  `update_by` varchar(64) DEFAULT '' COMMENT '更新者',
  `update_time` datetime DEFAULT NULL COMMENT '更新时间',
  `remark` varchar(500) DEFAULT '' COMMENT '备注',
  `super_flag` tinyint NOT NULL DEFAULT '0' COMMENT '是否平台超管菜单。0否1是',
  `answer_flag` tinyint DEFAULT '0' COMMENT '是否答者菜单',
  PRIMARY KEY (`menu_id`) USING BTREE
) ENGINE=InnoDB AUTO_INCREMENT=2060 DEFAULT CHARSET=utf8mb3 ROW_FORMAT=DYNAMIC COMMENT='菜单权限表';

-- ----------------------------
-- Records of sys_menu
-- ----------------------------
BEGIN;
INSERT INTO `sys_menu` (`menu_id`, `menu_name`, `parent_id`, `order_num`, `path`, `component`, `is_frame`, `menu_type`, `visible`, `status`, `perms`, `icon`, `create_by`, `create_time`, `update_by`, `update_time`, `remark`, `super_flag`, `answer_flag`) VALUES (1, '系统管理', 0, 100, 'system', NULL, 1, 'M', '0', '0', '', 'system', 'admin', '2022-10-30 14:05:50', 'admin', '2022-10-30 14:05:50', '系统管理目录', 1, 0);
INSERT INTO `sys_menu` (`menu_id`, `menu_name`, `parent_id`, `order_num`, `path`, `component`, `is_frame`, `menu_type`, `visible`, `status`, `perms`, `icon`, `create_by`, `create_time`, `update_by`, `update_time`, `remark`, `super_flag`, `answer_flag`) VALUES (2, '系统监控', 0, 110, 'monitor', NULL, 1, 'M', '0', '0', '', 'monitor', 'admin', '2022-10-30 14:05:50', 'admin', '2022-10-30 14:05:50', '系统监控目录', 1, 0);
INSERT INTO `sys_menu` (`menu_id`, `menu_name`, `parent_id`, `order_num`, `path`, `component`, `is_frame`, `menu_type`, `visible`, `status`, `perms`, `icon`, `create_by`, `create_time`, `update_by`, `update_time`, `remark`, `super_flag`, `answer_flag`) VALUES (100, '用户列表', 2006, 1, 'user', 'selfcom/user/index', 1, 'C', '0', '0', 'selfcom:user:list', 'user', 'admin', '2022-10-30 14:05:50', 'admin', '2022-10-30 14:05:50', '用户管理菜单', 0, 0);
INSERT INTO `sys_menu` (`menu_id`, `menu_name`, `parent_id`, `order_num`, `path`, `component`, `is_frame`, `menu_type`, `visible`, `status`, `perms`, `icon`, `create_by`, `create_time`, `update_by`, `update_time`, `remark`, `super_flag`, `answer_flag`) VALUES (101, '角色管理', 2006, 2, 'role', 'selfcom/role/index', 1, 'C', '0', '0', 'selfcom:role:list', 'peoples', 'admin', '2022-10-30 14:05:50', 'admin', '2022-10-30 14:05:50', '角色管理菜单', 0, 0);
INSERT INTO `sys_menu` (`menu_id`, `menu_name`, `parent_id`, `order_num`, `path`, `component`, `is_frame`, `menu_type`, `visible`, `status`, `perms`, `icon`, `create_by`, `create_time`, `update_by`, `update_time`, `remark`, `super_flag`, `answer_flag`) VALUES (102, '菜单管理', 1, 3, 'menu', 'system/menu/index', 1, 'C', '0', '0', 'system:menu:list', 'tree-table', 'admin', '2022-10-30 14:05:50', 'admin', '2022-10-30 14:05:50', '菜单管理菜单', 1, 0);
INSERT INTO `sys_menu` (`menu_id`, `menu_name`, `parent_id`, `order_num`, `path`, `component`, `is_frame`, `menu_type`, `visible`, `status`, `perms`, `icon`, `create_by`, `create_time`, `update_by`, `update_time`, `remark`, `super_flag`, `answer_flag`) VALUES (103, '部门管理', 2006, 4, 'dept', 'selfcom/dept/index', 1, 'C', '0', '0', 'selfcom:dept:list', 'tree', 'admin', '2022-10-30 14:05:50', 'admin', '2022-10-31 20:26:33', '部门管理菜单', 0, 0);
INSERT INTO `sys_menu` (`menu_id`, `menu_name`, `parent_id`, `order_num`, `path`, `component`, `is_frame`, `menu_type`, `visible`, `status`, `perms`, `icon`, `create_by`, `create_time`, `update_by`, `update_time`, `remark`, `super_flag`, `answer_flag`) VALUES (105, '字典管理', 1, 6, 'dict', 'system/dict/index', 1, 'C', '0', '0', 'system:dict:list', 'dict', 'admin', '2022-10-30 14:05:50', 'admin', '2022-10-30 14:05:50', '字典管理菜单', 1, 0);
INSERT INTO `sys_menu` (`menu_id`, `menu_name`, `parent_id`, `order_num`, `path`, `component`, `is_frame`, `menu_type`, `visible`, `status`, `perms`, `icon`, `create_by`, `create_time`, `update_by`, `update_time`, `remark`, `super_flag`, `answer_flag`) VALUES (108, '日志管理', 1, 9, 'log', 'system/log/index', 1, 'M', '0', '0', '', 'log', 'admin', '2022-10-30 14:05:50', 'admin', '2022-10-30 14:05:50', '日志管理菜单', 1, 0);
INSERT INTO `sys_menu` (`menu_id`, `menu_name`, `parent_id`, `order_num`, `path`, `component`, `is_frame`, `menu_type`, `visible`, `status`, `perms`, `icon`, `create_by`, `create_time`, `update_by`, `update_time`, `remark`, `super_flag`, `answer_flag`) VALUES (109, '在线用户', 2, 1, 'online', 'monitor/online/index', 1, 'C', '0', '0', 'monitor:online:list', 'online', 'admin', '2022-10-30 14:05:50', 'admin', '2022-10-30 14:05:50', '在线用户菜单', 1, 0);
INSERT INTO `sys_menu` (`menu_id`, `menu_name`, `parent_id`, `order_num`, `path`, `component`, `is_frame`, `menu_type`, `visible`, `status`, `perms`, `icon`, `create_by`, `create_time`, `update_by`, `update_time`, `remark`, `super_flag`, `answer_flag`) VALUES (111, '数据监控', 2, 3, 'druid', 'monitor/druid/index', 1, 'C', '0', '0', 'monitor:druid:list', 'druid', 'admin', '2022-10-30 14:05:50', 'admin', '2022-10-30 14:05:50', '数据监控菜单', 1, 0);
INSERT INTO `sys_menu` (`menu_id`, `menu_name`, `parent_id`, `order_num`, `path`, `component`, `is_frame`, `menu_type`, `visible`, `status`, `perms`, `icon`, `create_by`, `create_time`, `update_by`, `update_time`, `remark`, `super_flag`, `answer_flag`) VALUES (500, '操作日志', 108, 1, 'operlog', 'monitor/operlog/index', 1, 'C', '0', '0', 'monitor:operlog:list', 'form', 'admin', '2022-10-30 14:05:50', 'admin', '2022-10-30 14:05:50', '操作日志菜单', 1, 0);
INSERT INTO `sys_menu` (`menu_id`, `menu_name`, `parent_id`, `order_num`, `path`, `component`, `is_frame`, `menu_type`, `visible`, `status`, `perms`, `icon`, `create_by`, `create_time`, `update_by`, `update_time`, `remark`, `super_flag`, `answer_flag`) VALUES (501, '登录日志', 108, 2, 'logininfor', 'monitor/logininfor/index', 1, 'C', '0', '0', 'monitor:logininfor:list', 'logininfor', 'admin', '2022-10-30 14:05:50', 'admin', '2022-10-30 14:05:50', '登录日志菜单', 1, 0);
INSERT INTO `sys_menu` (`menu_id`, `menu_name`, `parent_id`, `order_num`, `path`, `component`, `is_frame`, `menu_type`, `visible`, `status`, `perms`, `icon`, `create_by`, `create_time`, `update_by`, `update_time`, `remark`, `super_flag`, `answer_flag`) VALUES (1001, '用户查询', 100, 1, '', '', 1, 'F', '0', '0', 'selfcom:user:query', '#', 'admin', '2022-10-30 14:05:50', 'admin', '2022-10-30 14:05:50', '', 0, 0);
INSERT INTO `sys_menu` (`menu_id`, `menu_name`, `parent_id`, `order_num`, `path`, `component`, `is_frame`, `menu_type`, `visible`, `status`, `perms`, `icon`, `create_by`, `create_time`, `update_by`, `update_time`, `remark`, `super_flag`, `answer_flag`) VALUES (1002, '用户新增', 100, 2, '', '', 1, 'F', '0', '0', 'selfcom:user:add', '#', 'admin', '2022-10-30 14:05:50', 'admin', '2022-10-30 14:05:50', '', 0, 0);
INSERT INTO `sys_menu` (`menu_id`, `menu_name`, `parent_id`, `order_num`, `path`, `component`, `is_frame`, `menu_type`, `visible`, `status`, `perms`, `icon`, `create_by`, `create_time`, `update_by`, `update_time`, `remark`, `super_flag`, `answer_flag`) VALUES (1003, '用户修改', 100, 3, '', '', 1, 'F', '0', '0', 'selfcom:user:edit', '#', 'admin', '2022-10-30 14:05:50', 'admin', '2022-10-30 14:05:50', '', 0, 0);
INSERT INTO `sys_menu` (`menu_id`, `menu_name`, `parent_id`, `order_num`, `path`, `component`, `is_frame`, `menu_type`, `visible`, `status`, `perms`, `icon`, `create_by`, `create_time`, `update_by`, `update_time`, `remark`, `super_flag`, `answer_flag`) VALUES (1004, '用户删除', 100, 4, '', '', 1, 'F', '0', '0', 'selfcom:user:remove', '#', 'admin', '2022-10-30 14:05:50', 'admin', '2022-10-30 14:05:50', '', 0, 0);
INSERT INTO `sys_menu` (`menu_id`, `menu_name`, `parent_id`, `order_num`, `path`, `component`, `is_frame`, `menu_type`, `visible`, `status`, `perms`, `icon`, `create_by`, `create_time`, `update_by`, `update_time`, `remark`, `super_flag`, `answer_flag`) VALUES (1005, '用户导出', 100, 5, '', '', 1, 'F', '0', '0', 'selfcom:user:export', '#', 'admin', '2022-10-30 14:05:50', 'admin', '2022-10-30 14:05:50', '', 0, 0);
INSERT INTO `sys_menu` (`menu_id`, `menu_name`, `parent_id`, `order_num`, `path`, `component`, `is_frame`, `menu_type`, `visible`, `status`, `perms`, `icon`, `create_by`, `create_time`, `update_by`, `update_time`, `remark`, `super_flag`, `answer_flag`) VALUES (1006, '用户导入', 100, 6, '', '', 1, 'F', '0', '0', 'selfcom:user:import', '#', 'admin', '2022-10-30 14:05:50', 'admin', '2022-10-30 14:05:50', '', 0, 0);
INSERT INTO `sys_menu` (`menu_id`, `menu_name`, `parent_id`, `order_num`, `path`, `component`, `is_frame`, `menu_type`, `visible`, `status`, `perms`, `icon`, `create_by`, `create_time`, `update_by`, `update_time`, `remark`, `super_flag`, `answer_flag`) VALUES (1007, '重置密码', 100, 7, '', '', 1, 'F', '0', '0', 'selfcom:user:resetPwd', '#', 'admin', '2022-10-30 14:05:50', 'admin', '2022-10-30 14:05:50', '', 0, 0);
INSERT INTO `sys_menu` (`menu_id`, `menu_name`, `parent_id`, `order_num`, `path`, `component`, `is_frame`, `menu_type`, `visible`, `status`, `perms`, `icon`, `create_by`, `create_time`, `update_by`, `update_time`, `remark`, `super_flag`, `answer_flag`) VALUES (1008, '角色查询', 101, 1, '', '', 1, 'F', '0', '0', 'selfcom:role:query', '#', 'admin', '2022-10-30 14:05:50', 'admin', '2022-10-30 14:05:50', '', 0, 0);
INSERT INTO `sys_menu` (`menu_id`, `menu_name`, `parent_id`, `order_num`, `path`, `component`, `is_frame`, `menu_type`, `visible`, `status`, `perms`, `icon`, `create_by`, `create_time`, `update_by`, `update_time`, `remark`, `super_flag`, `answer_flag`) VALUES (1009, '角色新增', 101, 2, '', '', 1, 'F', '0', '0', 'selfcom:role:add', '#', 'admin', '2022-10-30 14:05:50', 'admin', '2022-10-30 14:05:50', '', 0, 0);
INSERT INTO `sys_menu` (`menu_id`, `menu_name`, `parent_id`, `order_num`, `path`, `component`, `is_frame`, `menu_type`, `visible`, `status`, `perms`, `icon`, `create_by`, `create_time`, `update_by`, `update_time`, `remark`, `super_flag`, `answer_flag`) VALUES (1010, '角色修改', 101, 3, '', '', 1, 'F', '0', '0', 'selfcom:role:edit', '#', 'admin', '2022-10-30 14:05:50', 'admin', '2022-10-30 14:05:50', '', 0, 0);
INSERT INTO `sys_menu` (`menu_id`, `menu_name`, `parent_id`, `order_num`, `path`, `component`, `is_frame`, `menu_type`, `visible`, `status`, `perms`, `icon`, `create_by`, `create_time`, `update_by`, `update_time`, `remark`, `super_flag`, `answer_flag`) VALUES (1011, '角色删除', 101, 4, '', '', 1, 'F', '0', '0', 'selfcom:role:remove', '#', 'admin', '2022-10-30 14:05:50', 'admin', '2022-10-30 14:05:50', '', 0, 0);
INSERT INTO `sys_menu` (`menu_id`, `menu_name`, `parent_id`, `order_num`, `path`, `component`, `is_frame`, `menu_type`, `visible`, `status`, `perms`, `icon`, `create_by`, `create_time`, `update_by`, `update_time`, `remark`, `super_flag`, `answer_flag`) VALUES (1012, '角色导出', 101, 5, '', '', 1, 'F', '0', '0', 'selfcom:role:export', '#', 'admin', '2022-10-30 14:05:50', 'admin', '2022-10-30 14:05:50', '', 0, 0);
INSERT INTO `sys_menu` (`menu_id`, `menu_name`, `parent_id`, `order_num`, `path`, `component`, `is_frame`, `menu_type`, `visible`, `status`, `perms`, `icon`, `create_by`, `create_time`, `update_by`, `update_time`, `remark`, `super_flag`, `answer_flag`) VALUES (1013, '菜单查询', 102, 1, '', '', 1, 'F', '0', '0', 'system:menu:query', '#', 'admin', '2022-10-30 14:05:50', 'admin', '2022-10-30 14:05:50', '', 1, 0);
INSERT INTO `sys_menu` (`menu_id`, `menu_name`, `parent_id`, `order_num`, `path`, `component`, `is_frame`, `menu_type`, `visible`, `status`, `perms`, `icon`, `create_by`, `create_time`, `update_by`, `update_time`, `remark`, `super_flag`, `answer_flag`) VALUES (1014, '菜单新增', 102, 2, '', '', 1, 'F', '0', '0', 'system:menu:add', '#', 'admin', '2022-10-30 14:05:50', 'admin', '2022-10-30 14:05:50', '', 1, 0);
INSERT INTO `sys_menu` (`menu_id`, `menu_name`, `parent_id`, `order_num`, `path`, `component`, `is_frame`, `menu_type`, `visible`, `status`, `perms`, `icon`, `create_by`, `create_time`, `update_by`, `update_time`, `remark`, `super_flag`, `answer_flag`) VALUES (1015, '菜单修改', 102, 3, '', '', 1, 'F', '0', '0', 'system:menu:edit', '#', 'admin', '2022-10-30 14:05:50', 'admin', '2022-10-30 14:05:50', '', 1, 0);
INSERT INTO `sys_menu` (`menu_id`, `menu_name`, `parent_id`, `order_num`, `path`, `component`, `is_frame`, `menu_type`, `visible`, `status`, `perms`, `icon`, `create_by`, `create_time`, `update_by`, `update_time`, `remark`, `super_flag`, `answer_flag`) VALUES (1016, '菜单删除', 102, 4, '', '', 1, 'F', '0', '0', 'system:menu:remove', '#', 'admin', '2022-10-30 14:05:50', 'admin', '2022-10-30 14:05:50', '', 1, 0);
INSERT INTO `sys_menu` (`menu_id`, `menu_name`, `parent_id`, `order_num`, `path`, `component`, `is_frame`, `menu_type`, `visible`, `status`, `perms`, `icon`, `create_by`, `create_time`, `update_by`, `update_time`, `remark`, `super_flag`, `answer_flag`) VALUES (1017, '部门查询', 103, 1, '', '', 1, 'F', '0', '0', 'selfcom:dept:query', '#', 'admin', '2022-10-30 14:05:50', 'admin', '2022-10-30 14:05:50', '', 0, 0);
INSERT INTO `sys_menu` (`menu_id`, `menu_name`, `parent_id`, `order_num`, `path`, `component`, `is_frame`, `menu_type`, `visible`, `status`, `perms`, `icon`, `create_by`, `create_time`, `update_by`, `update_time`, `remark`, `super_flag`, `answer_flag`) VALUES (1018, '部门新增', 103, 2, '', '', 1, 'F', '0', '0', 'selfcom:dept:add', '#', 'admin', '2022-10-30 14:05:50', 'admin', '2022-10-30 14:05:50', '', 0, 0);
INSERT INTO `sys_menu` (`menu_id`, `menu_name`, `parent_id`, `order_num`, `path`, `component`, `is_frame`, `menu_type`, `visible`, `status`, `perms`, `icon`, `create_by`, `create_time`, `update_by`, `update_time`, `remark`, `super_flag`, `answer_flag`) VALUES (1019, '部门修改', 103, 3, '', '', 1, 'F', '0', '0', 'selfcom:dept:edit', '#', 'admin', '2022-10-30 14:05:50', 'admin', '2022-10-30 14:05:50', '', 0, 0);
INSERT INTO `sys_menu` (`menu_id`, `menu_name`, `parent_id`, `order_num`, `path`, `component`, `is_frame`, `menu_type`, `visible`, `status`, `perms`, `icon`, `create_by`, `create_time`, `update_by`, `update_time`, `remark`, `super_flag`, `answer_flag`) VALUES (1020, '部门删除', 103, 4, '', '', 1, 'F', '0', '0', 'selfcom:dept:remove', '#', 'admin', '2022-10-30 14:05:50', 'admin', '2022-10-30 14:05:50', '', 0, 0);
INSERT INTO `sys_menu` (`menu_id`, `menu_name`, `parent_id`, `order_num`, `path`, `component`, `is_frame`, `menu_type`, `visible`, `status`, `perms`, `icon`, `create_by`, `create_time`, `update_by`, `update_time`, `remark`, `super_flag`, `answer_flag`) VALUES (1026, '字典查询', 105, 1, '#', '', 1, 'F', '0', '0', 'system:dict:query', '#', 'admin', '2022-10-30 14:05:50', 'admin', '2022-10-30 14:05:50', '', 1, 0);
INSERT INTO `sys_menu` (`menu_id`, `menu_name`, `parent_id`, `order_num`, `path`, `component`, `is_frame`, `menu_type`, `visible`, `status`, `perms`, `icon`, `create_by`, `create_time`, `update_by`, `update_time`, `remark`, `super_flag`, `answer_flag`) VALUES (1027, '字典新增', 105, 2, '#', '', 1, 'F', '0', '0', 'system:dict:add', '#', 'admin', '2022-10-30 14:05:50', 'admin', '2022-10-30 14:05:50', '', 1, 0);
INSERT INTO `sys_menu` (`menu_id`, `menu_name`, `parent_id`, `order_num`, `path`, `component`, `is_frame`, `menu_type`, `visible`, `status`, `perms`, `icon`, `create_by`, `create_time`, `update_by`, `update_time`, `remark`, `super_flag`, `answer_flag`) VALUES (1028, '字典修改', 105, 3, '#', '', 1, 'F', '0', '0', 'system:dict:edit', '#', 'admin', '2022-10-30 14:05:50', 'admin', '2022-10-30 14:05:50', '', 1, 0);
INSERT INTO `sys_menu` (`menu_id`, `menu_name`, `parent_id`, `order_num`, `path`, `component`, `is_frame`, `menu_type`, `visible`, `status`, `perms`, `icon`, `create_by`, `create_time`, `update_by`, `update_time`, `remark`, `super_flag`, `answer_flag`) VALUES (1029, '字典删除', 105, 4, '#', '', 1, 'F', '0', '0', 'system:dict:remove', '#', 'admin', '2022-10-30 14:05:50', 'admin', '2022-10-30 14:05:50', '', 1, 0);
INSERT INTO `sys_menu` (`menu_id`, `menu_name`, `parent_id`, `order_num`, `path`, `component`, `is_frame`, `menu_type`, `visible`, `status`, `perms`, `icon`, `create_by`, `create_time`, `update_by`, `update_time`, `remark`, `super_flag`, `answer_flag`) VALUES (1030, '字典导出', 105, 5, '#', '', 1, 'F', '0', '0', 'system:dict:export', '#', 'admin', '2022-10-30 14:05:50', 'admin', '2022-10-30 14:05:50', '', 1, 0);
INSERT INTO `sys_menu` (`menu_id`, `menu_name`, `parent_id`, `order_num`, `path`, `component`, `is_frame`, `menu_type`, `visible`, `status`, `perms`, `icon`, `create_by`, `create_time`, `update_by`, `update_time`, `remark`, `super_flag`, `answer_flag`) VALUES (1040, '操作查询', 500, 1, '#', '', 1, 'F', '0', '0', 'monitor:operlog:query', '#', 'admin', '2022-10-30 14:05:50', 'admin', '2022-10-30 14:05:50', '', 1, 0);
INSERT INTO `sys_menu` (`menu_id`, `menu_name`, `parent_id`, `order_num`, `path`, `component`, `is_frame`, `menu_type`, `visible`, `status`, `perms`, `icon`, `create_by`, `create_time`, `update_by`, `update_time`, `remark`, `super_flag`, `answer_flag`) VALUES (1041, '操作删除', 500, 2, '#', '', 1, 'F', '0', '0', 'monitor:operlog:remove', '#', 'admin', '2022-10-30 14:05:50', 'admin', '2022-10-30 14:05:50', '', 1, 0);
INSERT INTO `sys_menu` (`menu_id`, `menu_name`, `parent_id`, `order_num`, `path`, `component`, `is_frame`, `menu_type`, `visible`, `status`, `perms`, `icon`, `create_by`, `create_time`, `update_by`, `update_time`, `remark`, `super_flag`, `answer_flag`) VALUES (1042, '日志导出', 500, 4, '#', '', 1, 'F', '0', '0', 'monitor:operlog:export', '#', 'admin', '2022-10-30 14:05:50', 'admin', '2022-10-30 14:05:50', '', 1, 0);
INSERT INTO `sys_menu` (`menu_id`, `menu_name`, `parent_id`, `order_num`, `path`, `component`, `is_frame`, `menu_type`, `visible`, `status`, `perms`, `icon`, `create_by`, `create_time`, `update_by`, `update_time`, `remark`, `super_flag`, `answer_flag`) VALUES (1043, '登录查询', 501, 1, '#', '', 1, 'F', '0', '0', 'monitor:logininfor:query', '#', 'admin', '2022-10-30 14:05:50', 'admin', '2022-10-30 14:05:50', '', 1, 0);
INSERT INTO `sys_menu` (`menu_id`, `menu_name`, `parent_id`, `order_num`, `path`, `component`, `is_frame`, `menu_type`, `visible`, `status`, `perms`, `icon`, `create_by`, `create_time`, `update_by`, `update_time`, `remark`, `super_flag`, `answer_flag`) VALUES (1044, '登录删除', 501, 2, '#', '', 1, 'F', '0', '0', 'monitor:logininfor:remove', '#', 'admin', '2022-10-30 14:05:50', 'admin', '2022-10-30 14:05:50', '', 1, 0);
INSERT INTO `sys_menu` (`menu_id`, `menu_name`, `parent_id`, `order_num`, `path`, `component`, `is_frame`, `menu_type`, `visible`, `status`, `perms`, `icon`, `create_by`, `create_time`, `update_by`, `update_time`, `remark`, `super_flag`, `answer_flag`) VALUES (1045, '日志导出', 501, 3, '#', '', 1, 'F', '0', '0', 'monitor:logininfor:export', '#', 'admin', '2022-10-30 14:05:50', 'admin', '2022-10-30 14:05:50', '', 1, 0);
INSERT INTO `sys_menu` (`menu_id`, `menu_name`, `parent_id`, `order_num`, `path`, `component`, `is_frame`, `menu_type`, `visible`, `status`, `perms`, `icon`, `create_by`, `create_time`, `update_by`, `update_time`, `remark`, `super_flag`, `answer_flag`) VALUES (1046, '在线查询', 109, 1, '#', '', 1, 'F', '0', '0', 'monitor:online:query', '#', 'admin', '2022-10-30 14:05:50', 'admin', '2022-10-30 14:05:50', '', 1, 0);
INSERT INTO `sys_menu` (`menu_id`, `menu_name`, `parent_id`, `order_num`, `path`, `component`, `is_frame`, `menu_type`, `visible`, `status`, `perms`, `icon`, `create_by`, `create_time`, `update_by`, `update_time`, `remark`, `super_flag`, `answer_flag`) VALUES (1047, '批量强退', 109, 2, '#', '', 1, 'F', '0', '0', 'monitor:online:batchLogout', '#', 'admin', '2022-10-30 14:05:50', 'admin', '2022-10-30 14:05:50', '', 1, 0);
INSERT INTO `sys_menu` (`menu_id`, `menu_name`, `parent_id`, `order_num`, `path`, `component`, `is_frame`, `menu_type`, `visible`, `status`, `perms`, `icon`, `create_by`, `create_time`, `update_by`, `update_time`, `remark`, `super_flag`, `answer_flag`) VALUES (1048, '单条强退', 109, 3, '#', '', 1, 'F', '0', '0', 'monitor:online:forceLogout', '#', 'admin', '2022-10-30 14:05:50', 'admin', '2022-10-30 14:05:50', '', 1, 0);
INSERT INTO `sys_menu` (`menu_id`, `menu_name`, `parent_id`, `order_num`, `path`, `component`, `is_frame`, `menu_type`, `visible`, `status`, `perms`, `icon`, `create_by`, `create_time`, `update_by`, `update_time`, `remark`, `super_flag`, `answer_flag`) VALUES (2000, '权限模板', 2042, 1, 'template', 'system/template/index', 1, 'C', '0', '0', 'system:template:list', 'dashboard', 'admin', '2022-10-30 14:05:50', 'admin', '2022-11-02 17:16:57', '权限模板菜单', 1, 0);
INSERT INTO `sys_menu` (`menu_id`, `menu_name`, `parent_id`, `order_num`, `path`, `component`, `is_frame`, `menu_type`, `visible`, `status`, `perms`, `icon`, `create_by`, `create_time`, `update_by`, `update_time`, `remark`, `super_flag`, `answer_flag`) VALUES (2001, '权限模板查询', 2000, 1, '#', '', 1, 'F', '0', '0', 'system:template:query', '#', 'admin', '2022-10-30 14:05:50', 'admin', '2022-10-30 14:05:50', '', 1, 0);
INSERT INTO `sys_menu` (`menu_id`, `menu_name`, `parent_id`, `order_num`, `path`, `component`, `is_frame`, `menu_type`, `visible`, `status`, `perms`, `icon`, `create_by`, `create_time`, `update_by`, `update_time`, `remark`, `super_flag`, `answer_flag`) VALUES (2002, '权限模板新增', 2000, 2, '#', '', 1, 'F', '0', '0', 'system:template:add', '#', 'admin', '2022-10-30 14:05:50', 'admin', '2022-10-30 14:05:50', '', 1, 0);
INSERT INTO `sys_menu` (`menu_id`, `menu_name`, `parent_id`, `order_num`, `path`, `component`, `is_frame`, `menu_type`, `visible`, `status`, `perms`, `icon`, `create_by`, `create_time`, `update_by`, `update_time`, `remark`, `super_flag`, `answer_flag`) VALUES (2003, '权限模板修改', 2000, 3, '#', '', 1, 'F', '0', '0', 'system:template:edit', '#', 'admin', '2022-10-30 14:05:50', 'admin', '2022-10-30 14:05:50', '', 1, 0);
INSERT INTO `sys_menu` (`menu_id`, `menu_name`, `parent_id`, `order_num`, `path`, `component`, `is_frame`, `menu_type`, `visible`, `status`, `perms`, `icon`, `create_by`, `create_time`, `update_by`, `update_time`, `remark`, `super_flag`, `answer_flag`) VALUES (2004, '权限模板删除', 2000, 4, '#', '', 1, 'F', '0', '0', 'system:template:remove', '#', 'admin', '2022-10-30 14:05:50', 'admin', '2022-10-30 14:05:50', '', 1, 0);
INSERT INTO `sys_menu` (`menu_id`, `menu_name`, `parent_id`, `order_num`, `path`, `component`, `is_frame`, `menu_type`, `visible`, `status`, `perms`, `icon`, `create_by`, `create_time`, `update_by`, `update_time`, `remark`, `super_flag`, `answer_flag`) VALUES (2005, '权限模板导出', 2000, 5, '#', '', 1, 'F', '0', '0', 'system:template:export', '#', 'admin', '2022-10-30 14:05:50', 'admin', '2022-10-30 14:05:50', '', 1, 0);
INSERT INTO `sys_menu` (`menu_id`, `menu_name`, `parent_id`, `order_num`, `path`, `component`, `is_frame`, `menu_type`, `visible`, `status`, `perms`, `icon`, `create_by`, `create_time`, `update_by`, `update_time`, `remark`, `super_flag`, `answer_flag`) VALUES (2006, '用户管理', 0, 0, 'selfcom', NULL, 1, 'M', '0', '0', '', 'peoples', 'admin', '2022-10-30 14:05:50', 'admin', '2022-10-30 14:05:50', '公司管理员操作', 0, 0);
INSERT INTO `sys_menu` (`menu_id`, `menu_name`, `parent_id`, `order_num`, `path`, `component`, `is_frame`, `menu_type`, `visible`, `status`, `perms`, `icon`, `create_by`, `create_time`, `update_by`, `update_time`, `remark`, `super_flag`, `answer_flag`) VALUES (2015, '租户列表', 2042, 1, 'company', 'system/company/index', 1, 'C', '0', '0', 'system:company:list', 'clipboard', 'admin', '2022-10-30 14:05:50', 'admin', '2022-10-30 14:05:50', '公司信息菜单', 1, 0);
INSERT INTO `sys_menu` (`menu_id`, `menu_name`, `parent_id`, `order_num`, `path`, `component`, `is_frame`, `menu_type`, `visible`, `status`, `perms`, `icon`, `create_by`, `create_time`, `update_by`, `update_time`, `remark`, `super_flag`, `answer_flag`) VALUES (2016, '公司信息查询', 2015, 1, '#', '', 1, 'F', '0', '0', 'system:company:query', '#', 'admin', '2022-10-30 14:05:50', 'admin', '2022-10-30 14:05:50', '', 1, 0);
INSERT INTO `sys_menu` (`menu_id`, `menu_name`, `parent_id`, `order_num`, `path`, `component`, `is_frame`, `menu_type`, `visible`, `status`, `perms`, `icon`, `create_by`, `create_time`, `update_by`, `update_time`, `remark`, `super_flag`, `answer_flag`) VALUES (2017, '公司信息新增', 2015, 2, '#', '', 1, 'F', '0', '0', 'system:company:add', '#', 'admin', '2022-10-30 14:05:50', 'admin', '2022-10-30 14:05:50', '', 1, 0);
INSERT INTO `sys_menu` (`menu_id`, `menu_name`, `parent_id`, `order_num`, `path`, `component`, `is_frame`, `menu_type`, `visible`, `status`, `perms`, `icon`, `create_by`, `create_time`, `update_by`, `update_time`, `remark`, `super_flag`, `answer_flag`) VALUES (2018, '公司信息修改', 2015, 3, '#', '', 1, 'F', '0', '0', 'system:company:edit', '#', 'admin', '2022-10-30 14:05:50', 'admin', '2022-10-30 14:05:50', '', 1, 0);
INSERT INTO `sys_menu` (`menu_id`, `menu_name`, `parent_id`, `order_num`, `path`, `component`, `is_frame`, `menu_type`, `visible`, `status`, `perms`, `icon`, `create_by`, `create_time`, `update_by`, `update_time`, `remark`, `super_flag`, `answer_flag`) VALUES (2019, '公司信息删除', 2015, 4, '#', '', 1, 'F', '0', '0', 'system:company:remove', '#', 'admin', '2022-10-30 14:05:50', 'admin', '2022-10-30 14:05:50', '', 1, 0);
INSERT INTO `sys_menu` (`menu_id`, `menu_name`, `parent_id`, `order_num`, `path`, `component`, `is_frame`, `menu_type`, `visible`, `status`, `perms`, `icon`, `create_by`, `create_time`, `update_by`, `update_time`, `remark`, `super_flag`, `answer_flag`) VALUES (2020, '公司信息导出', 2015, 5, '#', '', 1, 'F', '0', '0', 'system:company:export', '#', 'admin', '2022-10-30 14:05:50', 'admin', '2022-10-30 14:05:50', '', 1, 0);
INSERT INTO `sys_menu` (`menu_id`, `menu_name`, `parent_id`, `order_num`, `path`, `component`, `is_frame`, `menu_type`, `visible`, `status`, `perms`, `icon`, `create_by`, `create_time`, `update_by`, `update_time`, `remark`, `super_flag`, `answer_flag`) VALUES (2042, '租户管理', 0, 8, 'agent', NULL, 1, 'M', '0', '0', '', 'clipboard', 'admin', '2022-10-30 14:05:50', 'admin', '2022-11-02 17:16:53', '', 1, 0);
INSERT INTO `sys_menu` (`menu_id`, `menu_name`, `parent_id`, `order_num`, `path`, `component`, `is_frame`, `menu_type`, `visible`, `status`, `perms`, `icon`, `create_by`, `create_time`, `update_by`, `update_time`, `remark`, `super_flag`, `answer_flag`) VALUES (2043, '答者管理', 0, 9, 'answer', NULL, 1, 'M', '0', '0', '', 'user', 'admin', '2022-11-02 13:02:08', 'admin', '2022-11-09 21:02:16', '', 1, 0);
INSERT INTO `sys_menu` (`menu_id`, `menu_name`, `parent_id`, `order_num`, `path`, `component`, `is_frame`, `menu_type`, `visible`, `status`, `perms`, `icon`, `create_by`, `create_time`, `update_by`, `update_time`, `remark`, `super_flag`, `answer_flag`) VALUES (2044, '答者列表', 2043, 1, 'user', 'answer/user', 1, 'C', '0', '0', 'answer:user:list', 'user', 'admin', '2022-11-02 13:04:22', 'admin', '2022-11-09 21:02:21', '', 1, 0);
INSERT INTO `sys_menu` (`menu_id`, `menu_name`, `parent_id`, `order_num`, `path`, `component`, `is_frame`, `menu_type`, `visible`, `status`, `perms`, `icon`, `create_by`, `create_time`, `update_by`, `update_time`, `remark`, `super_flag`, `answer_flag`) VALUES (2045, '详情', 2044, 1, '', NULL, 1, 'F', '0', '0', 'selfcom:user:query', '#', 'admin', '2022-11-02 17:15:14', '', NULL, '', 0, 0);
INSERT INTO `sys_menu` (`menu_id`, `menu_name`, `parent_id`, `order_num`, `path`, `component`, `is_frame`, `menu_type`, `visible`, `status`, `perms`, `icon`, `create_by`, `create_time`, `update_by`, `update_time`, `remark`, `super_flag`, `answer_flag`) VALUES (2046, '删除', 2044, 2, '', NULL, 1, 'F', '0', '0', 'selfcom:user:remove', '#', 'admin', '2022-11-02 17:15:40', '', NULL, '', 0, 0);
INSERT INTO `sys_menu` (`menu_id`, `menu_name`, `parent_id`, `order_num`, `path`, `component`, `is_frame`, `menu_type`, `visible`, `status`, `perms`, `icon`, `create_by`, `create_time`, `update_by`, `update_time`, `remark`, `super_flag`, `answer_flag`) VALUES (2047, '重置密码', 2044, 3, '', NULL, 1, 'F', '0', '0', 'selfcom:user:resetPwd', '#', 'admin', '2022-11-02 17:16:05', '', NULL, '', 0, 0);
INSERT INTO `sys_menu` (`menu_id`, `menu_name`, `parent_id`, `order_num`, `path`, `component`, `is_frame`, `menu_type`, `visible`, `status`, `perms`, `icon`, `create_by`, `create_time`, `update_by`, `update_time`, `remark`, `super_flag`, `answer_flag`) VALUES (2048, '用户状态修改', 100, 8, '', NULL, 1, 'F', '0', '0', 'selfcom:user:updateStatus', '#', 'admin', '2022-11-02 17:21:46', '', NULL, '', 0, 0);
INSERT INTO `sys_menu` (`menu_id`, `menu_name`, `parent_id`, `order_num`, `path`, `component`, `is_frame`, `menu_type`, `visible`, `status`, `perms`, `icon`, `create_by`, `create_time`, `update_by`, `update_time`, `remark`, `super_flag`, `answer_flag`) VALUES (2049, '用户状态修改', 2044, 4, '', NULL, 1, 'F', '0', '0', 'selfcom:user:updateStatus', '#', 'admin', '2022-11-02 17:22:03', '', NULL, '', 0, 0);
INSERT INTO `sys_menu` (`menu_id`, `menu_name`, `parent_id`, `order_num`, `path`, `component`, `is_frame`, `menu_type`, `visible`, `status`, `perms`, `icon`, `create_by`, `create_time`, `update_by`, `update_time`, `remark`, `super_flag`, `answer_flag`) VALUES (2050, '修改', 2044, 5, '', NULL, 1, 'F', '0', '0', 'selfcom:user:edit', '#', 'admin', '2022-11-02 23:32:56', '', NULL, '', 0, 0);
INSERT INTO `sys_menu` (`menu_id`, `menu_name`, `parent_id`, `order_num`, `path`, `component`, `is_frame`, `menu_type`, `visible`, `status`, `perms`, `icon`, `create_by`, `create_time`, `update_by`, `update_time`, `remark`, `super_flag`, `answer_flag`) VALUES (2051, '新增', 2044, 6, '', NULL, 1, 'F', '0', '0', 'selfcom:user:add', '#', 'admin', '2022-11-02 23:34:16', '', NULL, '', 0, 0);
INSERT INTO `sys_menu` (`menu_id`, `menu_name`, `parent_id`, `order_num`, `path`, `component`, `is_frame`, `menu_type`, `visible`, `status`, `perms`, `icon`, `create_by`, `create_time`, `update_by`, `update_time`, `remark`, `super_flag`, `answer_flag`) VALUES (2052, '问卷', 0, 10, 'ques', NULL, 1, 'M', '0', '0', '', 'education', 'admin', '2022-11-03 01:03:46', 'admin', '2022-11-06 15:41:19', '', 0, 0);
INSERT INTO `sys_menu` (`menu_id`, `menu_name`, `parent_id`, `order_num`, `path`, `component`, `is_frame`, `menu_type`, `visible`, `status`, `perms`, `icon`, `create_by`, `create_time`, `update_by`, `update_time`, `remark`, `super_flag`, `answer_flag`) VALUES (2053, '题目列表', 2052, 1, 'qu', 'ques/qu', 1, 'C', '0', '0', 'ques:qu:list', 'list', 'admin', '2022-11-03 01:04:33', 'admin', '2022-11-03 16:46:16', '', 0, 0);
INSERT INTO `sys_menu` (`menu_id`, `menu_name`, `parent_id`, `order_num`, `path`, `component`, `is_frame`, `menu_type`, `visible`, `status`, `perms`, `icon`, `create_by`, `create_time`, `update_by`, `update_time`, `remark`, `super_flag`, `answer_flag`) VALUES (2054, '问卷管理', 0, 11, '/admin-ques', NULL, 1, 'M', '0', '0', '', 'education', 'admin', '2022-11-05 22:33:29', 'admin', '2022-11-05 22:34:30', '', 1, 0);
INSERT INTO `sys_menu` (`menu_id`, `menu_name`, `parent_id`, `order_num`, `path`, `component`, `is_frame`, `menu_type`, `visible`, `status`, `perms`, `icon`, `create_by`, `create_time`, `update_by`, `update_time`, `remark`, `super_flag`, `answer_flag`) VALUES (2055, '题目管理', 2054, 1, 'ques-admin', 'ques/qu-admin', 1, 'C', '0', '0', 'ques:qu:list', 'form', 'admin', '2022-11-05 22:34:19', 'admin', '2022-11-05 22:35:04', '', 1, 0);
INSERT INTO `sys_menu` (`menu_id`, `menu_name`, `parent_id`, `order_num`, `path`, `component`, `is_frame`, `menu_type`, `visible`, `status`, `perms`, `icon`, `create_by`, `create_time`, `update_by`, `update_time`, `remark`, `super_flag`, `answer_flag`) VALUES (2056, '问卷列表', 2052, 2, 'exam', 'ques/exam', 1, 'C', '0', '0', NULL, 'edit', 'admin', '2022-11-06 15:40:54', '', NULL, '', 0, 0);
INSERT INTO `sys_menu` (`menu_id`, `menu_name`, `parent_id`, `order_num`, `path`, `component`, `is_frame`, `menu_type`, `visible`, `status`, `perms`, `icon`, `create_by`, `create_time`, `update_by`, `update_time`, `remark`, `super_flag`, `answer_flag`) VALUES (2057, '我的问卷', 0, 12, 'my', NULL, 1, 'M', '0', '0', '', 'input', 'admin', '2022-11-09 21:02:56', 'admin', '2022-11-09 21:03:01', '', 0, 1);
INSERT INTO `sys_menu` (`menu_id`, `menu_name`, `parent_id`, `order_num`, `path`, `component`, `is_frame`, `menu_type`, `visible`, `status`, `perms`, `icon`, `create_by`, `create_time`, `update_by`, `update_time`, `remark`, `super_flag`, `answer_flag`) VALUES (2058, '问卷列表', 2057, 1, 'ques-list', 'my/ques-list', 1, 'C', '0', '0', '', 'education', 'admin', '2022-11-09 21:03:28', 'admin', '2022-11-09 21:03:51', '', 0, 1);
INSERT INTO `sys_menu` (`menu_id`, `menu_name`, `parent_id`, `order_num`, `path`, `component`, `is_frame`, `menu_type`, `visible`, `status`, `perms`, `icon`, `create_by`, `create_time`, `update_by`, `update_time`, `remark`, `super_flag`, `answer_flag`) VALUES (2059, '我的回答', 2057, 2, 'myAnswer', 'my/answer', 1, 'C', '0', '0', '', 'message', 'admin', '2022-11-10 11:49:37', 'admin', '2022-11-10 11:50:25', '', 0, 1);
COMMIT;

-- ----------------------------
-- Table structure for sys_oper_log
-- ----------------------------
DROP TABLE IF EXISTS `sys_oper_log`;
CREATE TABLE `sys_oper_log` (
  `oper_id` bigint NOT NULL AUTO_INCREMENT COMMENT '日志主键',
  `title` varchar(50) DEFAULT '' COMMENT '模块标题',
  `business_type` int DEFAULT '0' COMMENT '业务类型（0其它 1新增 2修改 3删除）',
  `method` varchar(100) DEFAULT '' COMMENT '方法名称',
  `request_method` varchar(10) DEFAULT '' COMMENT '请求方式',
  `operator_type` int DEFAULT '0' COMMENT '操作类别（0其它 1后台用户 2手机端用户）',
  `oper_name` varchar(50) DEFAULT '' COMMENT '操作人员',
  `dept_name` varchar(50) DEFAULT '' COMMENT '部门名称',
  `oper_url` varchar(255) DEFAULT '' COMMENT '请求URL',
  `oper_ip` varchar(50) DEFAULT '' COMMENT '主机地址',
  `oper_location` varchar(255) DEFAULT '' COMMENT '操作地点',
  `oper_param` varchar(2000) DEFAULT '' COMMENT '请求参数',
  `json_result` varchar(2000) DEFAULT '' COMMENT '返回参数',
  `status` int DEFAULT '0' COMMENT '操作状态（0正常 1异常）',
  `error_msg` varchar(2000) DEFAULT '' COMMENT '错误消息',
  `oper_time` datetime DEFAULT NULL COMMENT '操作时间',
  PRIMARY KEY (`oper_id`) USING BTREE
) ENGINE=InnoDB AUTO_INCREMENT=178 DEFAULT CHARSET=utf8mb3 ROW_FORMAT=DYNAMIC COMMENT='操作日志记录';

-- ----------------------------
-- Records of sys_oper_log
-- ----------------------------
BEGIN;
INSERT INTO `sys_oper_log` (`oper_id`, `title`, `business_type`, `method`, `request_method`, `operator_type`, `oper_name`, `dept_name`, `oper_url`, `oper_ip`, `oper_location`, `oper_param`, `json_result`, `status`, `error_msg`, `oper_time`) VALUES (1, '操作日志', 9, 'com.ruoyi.project.monitor.controller.SysOperlogController.clean()', 'DELETE', 1, 'admin', NULL, '/monitor/operlog/clean', '127.0.0.1', '内网IP', '{}', '{\"msg\":\"操作成功\",\"code\":200}', 0, NULL, '2022-10-30 12:11:54');
INSERT INTO `sys_oper_log` (`oper_id`, `title`, `business_type`, `method`, `request_method`, `operator_type`, `oper_name`, `dept_name`, `oper_url`, `oper_ip`, `oper_location`, `oper_param`, `json_result`, `status`, `error_msg`, `oper_time`) VALUES (2, '菜单管理', 3, 'com.ruoyi.project.system.controller.SysMenuController.remove()', 'DELETE', 1, 'admin', NULL, '/system/menu/112', '127.0.0.1', '内网IP', '{menuId=112}', '{\"msg\":\"操作成功\",\"code\":200}', 0, NULL, '2022-10-30 12:13:40');
INSERT INTO `sys_oper_log` (`oper_id`, `title`, `business_type`, `method`, `request_method`, `operator_type`, `oper_name`, `dept_name`, `oper_url`, `oper_ip`, `oper_location`, `oper_param`, `json_result`, `status`, `error_msg`, `oper_time`) VALUES (3, '菜单管理', 3, 'com.ruoyi.project.system.controller.SysMenuController.remove()', 'DELETE', 1, 'admin', NULL, '/system/menu/1054', '127.0.0.1', '内网IP', '{menuId=1054}', '{\"msg\":\"操作成功\",\"code\":200}', 0, NULL, '2022-10-30 12:15:06');
INSERT INTO `sys_oper_log` (`oper_id`, `title`, `business_type`, `method`, `request_method`, `operator_type`, `oper_name`, `dept_name`, `oper_url`, `oper_ip`, `oper_location`, `oper_param`, `json_result`, `status`, `error_msg`, `oper_time`) VALUES (4, '菜单管理', 3, 'com.ruoyi.project.system.controller.SysMenuController.remove()', 'DELETE', 1, 'admin', NULL, '/system/menu/1053', '127.0.0.1', '内网IP', '{menuId=1053}', '{\"msg\":\"操作成功\",\"code\":200}', 0, NULL, '2022-10-30 12:15:08');
INSERT INTO `sys_oper_log` (`oper_id`, `title`, `business_type`, `method`, `request_method`, `operator_type`, `oper_name`, `dept_name`, `oper_url`, `oper_ip`, `oper_location`, `oper_param`, `json_result`, `status`, `error_msg`, `oper_time`) VALUES (5, '菜单管理', 3, 'com.ruoyi.project.system.controller.SysMenuController.remove()', 'DELETE', 1, 'admin', NULL, '/system/menu/1050', '127.0.0.1', '内网IP', '{menuId=1050}', '{\"msg\":\"操作成功\",\"code\":200}', 0, NULL, '2022-10-30 12:15:10');
INSERT INTO `sys_oper_log` (`oper_id`, `title`, `business_type`, `method`, `request_method`, `operator_type`, `oper_name`, `dept_name`, `oper_url`, `oper_ip`, `oper_location`, `oper_param`, `json_result`, `status`, `error_msg`, `oper_time`) VALUES (6, '菜单管理', 3, 'com.ruoyi.project.system.controller.SysMenuController.remove()', 'DELETE', 1, 'admin', NULL, '/system/menu/1049', '127.0.0.1', '内网IP', '{menuId=1049}', '{\"msg\":\"操作成功\",\"code\":200}', 0, NULL, '2022-10-30 12:15:12');
INSERT INTO `sys_oper_log` (`oper_id`, `title`, `business_type`, `method`, `request_method`, `operator_type`, `oper_name`, `dept_name`, `oper_url`, `oper_ip`, `oper_location`, `oper_param`, `json_result`, `status`, `error_msg`, `oper_time`) VALUES (7, '菜单管理', 3, 'com.ruoyi.project.system.controller.SysMenuController.remove()', 'DELETE', 1, 'admin', NULL, '/system/menu/1051', '127.0.0.1', '内网IP', '{menuId=1051}', '{\"msg\":\"操作成功\",\"code\":200}', 0, NULL, '2022-10-30 12:15:14');
INSERT INTO `sys_oper_log` (`oper_id`, `title`, `business_type`, `method`, `request_method`, `operator_type`, `oper_name`, `dept_name`, `oper_url`, `oper_ip`, `oper_location`, `oper_param`, `json_result`, `status`, `error_msg`, `oper_time`) VALUES (8, '菜单管理', 3, 'com.ruoyi.project.system.controller.SysMenuController.remove()', 'DELETE', 1, 'admin', NULL, '/system/menu/1052', '127.0.0.1', '内网IP', '{menuId=1052}', '{\"msg\":\"操作成功\",\"code\":200}', 0, NULL, '2022-10-30 12:15:16');
INSERT INTO `sys_oper_log` (`oper_id`, `title`, `business_type`, `method`, `request_method`, `operator_type`, `oper_name`, `dept_name`, `oper_url`, `oper_ip`, `oper_location`, `oper_param`, `json_result`, `status`, `error_msg`, `oper_time`) VALUES (9, '菜单管理', 3, 'com.ruoyi.project.system.controller.SysMenuController.remove()', 'DELETE', 1, 'admin', NULL, '/system/menu/110', '127.0.0.1', '内网IP', '{menuId=110}', '{\"msg\":\"操作成功\",\"code\":200}', 0, NULL, '2022-10-30 12:15:18');
INSERT INTO `sys_oper_log` (`oper_id`, `title`, `business_type`, `method`, `request_method`, `operator_type`, `oper_name`, `dept_name`, `oper_url`, `oper_ip`, `oper_location`, `oper_param`, `json_result`, `status`, `error_msg`, `oper_time`) VALUES (10, '菜单管理', 3, 'com.ruoyi.project.system.controller.SysMenuController.remove()', 'DELETE', 1, 'admin', NULL, '/system/menu/1055', '127.0.0.1', '内网IP', '{menuId=1055}', '{\"msg\":\"操作成功\",\"code\":200}', 0, NULL, '2022-10-30 12:15:56');
INSERT INTO `sys_oper_log` (`oper_id`, `title`, `business_type`, `method`, `request_method`, `operator_type`, `oper_name`, `dept_name`, `oper_url`, `oper_ip`, `oper_location`, `oper_param`, `json_result`, `status`, `error_msg`, `oper_time`) VALUES (11, '菜单管理', 3, 'com.ruoyi.project.system.controller.SysMenuController.remove()', 'DELETE', 1, 'admin', NULL, '/system/menu/1056', '127.0.0.1', '内网IP', '{menuId=1056}', '{\"msg\":\"操作成功\",\"code\":200}', 0, NULL, '2022-10-30 12:15:58');
INSERT INTO `sys_oper_log` (`oper_id`, `title`, `business_type`, `method`, `request_method`, `operator_type`, `oper_name`, `dept_name`, `oper_url`, `oper_ip`, `oper_location`, `oper_param`, `json_result`, `status`, `error_msg`, `oper_time`) VALUES (12, '菜单管理', 3, 'com.ruoyi.project.system.controller.SysMenuController.remove()', 'DELETE', 1, 'admin', NULL, '/system/menu/1057', '127.0.0.1', '内网IP', '{menuId=1057}', '{\"msg\":\"操作成功\",\"code\":200}', 0, NULL, '2022-10-30 12:16:00');
INSERT INTO `sys_oper_log` (`oper_id`, `title`, `business_type`, `method`, `request_method`, `operator_type`, `oper_name`, `dept_name`, `oper_url`, `oper_ip`, `oper_location`, `oper_param`, `json_result`, `status`, `error_msg`, `oper_time`) VALUES (13, '菜单管理', 3, 'com.ruoyi.project.system.controller.SysMenuController.remove()', 'DELETE', 1, 'admin', NULL, '/system/menu/1058', '127.0.0.1', '内网IP', '{menuId=1058}', '{\"msg\":\"操作成功\",\"code\":200}', 0, NULL, '2022-10-30 12:16:02');
INSERT INTO `sys_oper_log` (`oper_id`, `title`, `business_type`, `method`, `request_method`, `operator_type`, `oper_name`, `dept_name`, `oper_url`, `oper_ip`, `oper_location`, `oper_param`, `json_result`, `status`, `error_msg`, `oper_time`) VALUES (14, '菜单管理', 3, 'com.ruoyi.project.system.controller.SysMenuController.remove()', 'DELETE', 1, 'admin', NULL, '/system/menu/1059', '127.0.0.1', '内网IP', '{menuId=1059}', '{\"msg\":\"操作成功\",\"code\":200}', 0, NULL, '2022-10-30 12:16:04');
INSERT INTO `sys_oper_log` (`oper_id`, `title`, `business_type`, `method`, `request_method`, `operator_type`, `oper_name`, `dept_name`, `oper_url`, `oper_ip`, `oper_location`, `oper_param`, `json_result`, `status`, `error_msg`, `oper_time`) VALUES (15, '菜单管理', 3, 'com.ruoyi.project.system.controller.SysMenuController.remove()', 'DELETE', 1, 'admin', NULL, '/system/menu/1060', '127.0.0.1', '内网IP', '{menuId=1060}', '{\"msg\":\"操作成功\",\"code\":200}', 0, NULL, '2022-10-30 12:16:06');
INSERT INTO `sys_oper_log` (`oper_id`, `title`, `business_type`, `method`, `request_method`, `operator_type`, `oper_name`, `dept_name`, `oper_url`, `oper_ip`, `oper_location`, `oper_param`, `json_result`, `status`, `error_msg`, `oper_time`) VALUES (16, '菜单管理', 3, 'com.ruoyi.project.system.controller.SysMenuController.remove()', 'DELETE', 1, 'admin', NULL, '/system/menu/115', '127.0.0.1', '内网IP', '{menuId=115}', '{\"msg\":\"操作成功\",\"code\":200}', 0, NULL, '2022-10-30 12:16:08');
INSERT INTO `sys_oper_log` (`oper_id`, `title`, `business_type`, `method`, `request_method`, `operator_type`, `oper_name`, `dept_name`, `oper_url`, `oper_ip`, `oper_location`, `oper_param`, `json_result`, `status`, `error_msg`, `oper_time`) VALUES (17, '菜单管理', 3, 'com.ruoyi.project.system.controller.SysMenuController.remove()', 'DELETE', 1, 'admin', NULL, '/system/menu/114', '127.0.0.1', '内网IP', '{menuId=114}', '{\"msg\":\"操作成功\",\"code\":200}', 0, NULL, '2022-10-30 12:16:09');
INSERT INTO `sys_oper_log` (`oper_id`, `title`, `business_type`, `method`, `request_method`, `operator_type`, `oper_name`, `dept_name`, `oper_url`, `oper_ip`, `oper_location`, `oper_param`, `json_result`, `status`, `error_msg`, `oper_time`) VALUES (18, '菜单管理', 3, 'com.ruoyi.project.system.controller.SysMenuController.remove()', 'DELETE', 1, 'admin', NULL, '/system/menu/113', '127.0.0.1', '内网IP', '{menuId=113}', '{\"msg\":\"操作成功\",\"code\":200}', 0, NULL, '2022-10-30 12:16:12');
INSERT INTO `sys_oper_log` (`oper_id`, `title`, `business_type`, `method`, `request_method`, `operator_type`, `oper_name`, `dept_name`, `oper_url`, `oper_ip`, `oper_location`, `oper_param`, `json_result`, `status`, `error_msg`, `oper_time`) VALUES (19, '菜单管理', 3, 'com.ruoyi.project.system.controller.SysMenuController.remove()', 'DELETE', 1, 'admin', NULL, '/system/menu/3', '127.0.0.1', '内网IP', '{menuId=3}', '{\"msg\":\"操作成功\",\"code\":200}', 0, NULL, '2022-10-30 12:16:14');
INSERT INTO `sys_oper_log` (`oper_id`, `title`, `business_type`, `method`, `request_method`, `operator_type`, `oper_name`, `dept_name`, `oper_url`, `oper_ip`, `oper_location`, `oper_param`, `json_result`, `status`, `error_msg`, `oper_time`) VALUES (20, '在线用户', 3, 'com.ruoyi.project.monitor.controller.SysUserOnlineController.forceLogout()', 'DELETE', 1, 'admin', NULL, '/monitor/online/b9a476f9-e4a7-49da-8313-d43d74be7c08', '127.0.0.1', '内网IP', '{tokenId=b9a476f9-e4a7-49da-8313-d43d74be7c08}', '{\"msg\":\"操作成功\",\"code\":200}', 0, NULL, '2022-10-30 12:16:26');
INSERT INTO `sys_oper_log` (`oper_id`, `title`, `business_type`, `method`, `request_method`, `operator_type`, `oper_name`, `dept_name`, `oper_url`, `oper_ip`, `oper_location`, `oper_param`, `json_result`, `status`, `error_msg`, `oper_time`) VALUES (21, '在线用户', 3, 'com.ruoyi.project.monitor.controller.SysUserOnlineController.forceLogout()', 'DELETE', 1, NULL, NULL, '/monitor/online/444ec5aa-d343-4738-ad51-358cd202154f', '127.0.0.1', '内网IP', '{tokenId=444ec5aa-d343-4738-ad51-358cd202154f}', '{\"msg\":\"操作成功\",\"code\":200}', 0, NULL, '2022-10-30 12:16:33');
INSERT INTO `sys_oper_log` (`oper_id`, `title`, `business_type`, `method`, `request_method`, `operator_type`, `oper_name`, `dept_name`, `oper_url`, `oper_ip`, `oper_location`, `oper_param`, `json_result`, `status`, `error_msg`, `oper_time`) VALUES (22, '菜单管理', 2, 'com.ruoyi.project.system.controller.SysMenuController.edit()', 'PUT', 1, 'admin', NULL, '/system/menu', '127.0.0.1', '内网IP', '{\"icon\":\"monitor\",\"orderNum\":\"110\",\"menuName\":\"系统监控\",\"path\":\"monitor\",\"children\":[],\"updateBy\":\"admin\",\"isFrame\":\"1\",\"menuId\":2,\"perms\":\"\",\"visible\":\"0\",\"superFlag\":1,\"params\":{},\"parentId\":1,\"createTime\":1521171180000,\"menuType\":\"M\",\"status\":\"0\"}', '{\"msg\":\"操作成功\",\"code\":200}', 0, NULL, '2022-10-30 12:17:00');
INSERT INTO `sys_oper_log` (`oper_id`, `title`, `business_type`, `method`, `request_method`, `operator_type`, `oper_name`, `dept_name`, `oper_url`, `oper_ip`, `oper_location`, `oper_param`, `json_result`, `status`, `error_msg`, `oper_time`) VALUES (23, '菜单管理', 2, 'com.ruoyi.project.system.controller.SysMenuController.edit()', 'PUT', 1, 'admin', NULL, '/system/menu', '127.0.0.1', '内网IP', '{\"icon\":\"monitor\",\"orderNum\":\"110\",\"menuName\":\"系统监控\",\"path\":\"monitor\",\"children\":[],\"updateBy\":\"admin\",\"isFrame\":\"1\",\"menuId\":2,\"perms\":\"\",\"visible\":\"0\",\"superFlag\":1,\"params\":{},\"parentId\":0,\"createTime\":1521171180000,\"menuType\":\"M\",\"status\":\"0\"}', '{\"msg\":\"操作成功\",\"code\":200}', 0, NULL, '2022-10-30 12:17:38');
INSERT INTO `sys_oper_log` (`oper_id`, `title`, `business_type`, `method`, `request_method`, `operator_type`, `oper_name`, `dept_name`, `oper_url`, `oper_ip`, `oper_location`, `oper_param`, `json_result`, `status`, `error_msg`, `oper_time`) VALUES (24, '菜单管理', 2, 'vip.penint.ques.project.system.controller.SysMenuController.edit()', 'PUT', 1, 'admin', NULL, '/system/menu', '127.0.0.1', '内网IP', '{\"icon\":\"tree\",\"orderNum\":\"4\",\"menuName\":\"部门管理\",\"path\":\"dept\",\"children\":[],\"updateBy\":\"admin\",\"isFrame\":\"1\",\"menuId\":103,\"perms\":\"selfcom:dept:list\",\"visible\":\"0\",\"superFlag\":0,\"params\":{},\"parentId\":2006,\"component\":\"selfcom/dept/index\",\"createTime\":1521171180000,\"menuType\":\"C\",\"status\":\"1\"}', '{\"msg\":\"操作成功\",\"code\":200}', 0, NULL, '2022-10-30 13:44:41');
INSERT INTO `sys_oper_log` (`oper_id`, `title`, `business_type`, `method`, `request_method`, `operator_type`, `oper_name`, `dept_name`, `oper_url`, `oper_ip`, `oper_location`, `oper_param`, `json_result`, `status`, `error_msg`, `oper_time`) VALUES (25, '用户管理', 2, 'vip.penint.ques.project.system.controller.SelfcomUserController.changeStatus()', 'PUT', 1, '13090901234', NULL, '/selfcom/user/changeStatus', '127.0.0.1', '内网IP', '{\"admin\":false,\"updateBy\":\"13090901234\",\"params\":{},\"userId\":126,\"stop\":true,\"status\":\"1\"}', 'null', 1, '不能禁用管理员账号', '2022-10-30 13:45:22');
INSERT INTO `sys_oper_log` (`oper_id`, `title`, `business_type`, `method`, `request_method`, `operator_type`, `oper_name`, `dept_name`, `oper_url`, `oper_ip`, `oper_location`, `oper_param`, `json_result`, `status`, `error_msg`, `oper_time`) VALUES (26, '权限模板', 2, 'vip.penint.ques.project.system.controller.SysTemplateController.edit()', 'PUT', 1, 'admin', NULL, '/system/template', '127.0.0.1', '内网IP', '{\"name\":\"测试\",\"remark\":\"123\",\"id\":\"1667039536771518903\",\"menuIds\":[2006,100,1001,1002,1003,1004,1005,1006,1007,101,1008,1009,1010,1011,1012],\"params\":{}}', '{\"msg\":\"操作成功\",\"code\":200}', 0, NULL, '2022-10-30 13:45:47');
INSERT INTO `sys_oper_log` (`oper_id`, `title`, `business_type`, `method`, `request_method`, `operator_type`, `oper_name`, `dept_name`, `oper_url`, `oper_ip`, `oper_location`, `oper_param`, `json_result`, `status`, `error_msg`, `oper_time`) VALUES (27, '公司信息', 2, 'vip.penint.ques.project.system.controller.SysCompanyController.edit()', 'PUT', 1, 'admin', NULL, '/system/company', '127.0.0.1', '内网IP', '{\"address\":\"测试地址\",\"activeTime\":1665676800000,\"companyName\":\"测试公司租户\",\"params\":{},\"regionCodes\":\"110000,110100,110101\",\"createTime\":1667039573000,\"phone\":\"13090901234\",\"id\":\"1667039572748367575\",\"tempId\":\"1667039536771518903\",\"comCode\":77959,\"email\":\"1234@qq.com\",\"activeFlag\":1}', '{\"msg\":\"操作成功\",\"code\":200}', 0, NULL, '2022-10-31 10:14:45');
INSERT INTO `sys_oper_log` (`oper_id`, `title`, `business_type`, `method`, `request_method`, `operator_type`, `oper_name`, `dept_name`, `oper_url`, `oper_ip`, `oper_location`, `oper_param`, `json_result`, `status`, `error_msg`, `oper_time`) VALUES (28, '公司信息', 2, 'vip.penint.ques.project.system.controller.SysCompanyController.edit()', 'PUT', 1, 'admin', NULL, '/system/company', '127.0.0.1', '内网IP', '{\"address\":\"测试地址\",\"activeTime\":1665676800000,\"companyName\":\"测试公司租户\",\"params\":{},\"regionCodes\":\"110000,110100,110101\",\"createTime\":1667039573000,\"phone\":\"13090901234\",\"id\":\"1667039572748367575\",\"tempId\":\"1667039536771518903\",\"comCode\":77959,\"email\":\"1234@qq.com\",\"activeFlag\":0}', '{\"msg\":\"操作成功\",\"code\":200}', 0, NULL, '2022-10-31 10:15:44');
INSERT INTO `sys_oper_log` (`oper_id`, `title`, `business_type`, `method`, `request_method`, `operator_type`, `oper_name`, `dept_name`, `oper_url`, `oper_ip`, `oper_location`, `oper_param`, `json_result`, `status`, `error_msg`, `oper_time`) VALUES (29, '用户管理', 2, 'vip.penint.ques.project.system.controller.SelfcomUserController.edit()', 'PUT', 1, '13090901234', NULL, '/selfcom/user', '127.0.0.1', '内网IP', '{\"superAdminFlag\":0,\"roles\":[],\"phonenumber\":\"13090901234\",\"admin\":false,\"loginDate\":1667109950000,\"remark\":\"公司管理员账号\",\"delFlag\":\"0\",\"password\":\"\",\"loginIp\":\"\",\"comId\":\"1667039572748367575\",\"adminFlag\":1,\"email\":\"1234@qq.com\",\"nickName\":\"管理员77959\",\"sex\":\"0\",\"avatar\":\"\",\"params\":{},\"userName\":\"13090901234\",\"userId\":126,\"createBy\":\"superAdmin\",\"roleIds\":[],\"stop\":true,\"createTime\":1667109950000,\"status\":\"1\"}', 'null', 1, '不能停用管理员账号', '2022-10-31 10:16:32');
INSERT INTO `sys_oper_log` (`oper_id`, `title`, `business_type`, `method`, `request_method`, `operator_type`, `oper_name`, `dept_name`, `oper_url`, `oper_ip`, `oper_location`, `oper_param`, `json_result`, `status`, `error_msg`, `oper_time`) VALUES (30, '公司信息', 2, 'vip.penint.ques.project.system.controller.SysCompanyController.edit()', 'PUT', 1, 'admin', NULL, '/system/company', '127.0.0.1', '内网IP', '{\"address\":\"测试地址\",\"activeTime\":1665676800000,\"companyName\":\"测试公司租户\",\"params\":{},\"regionCodes\":\"110000,110100,110101\",\"createTime\":1667039573000,\"phone\":\"13090901234\",\"id\":\"1667039572748367575\",\"tempId\":\"1667039536771518903\",\"comCode\":77959,\"email\":\"1234@qq.com\",\"activeFlag\":1}', '{\"msg\":\"操作成功\",\"code\":200}', 0, NULL, '2022-10-31 10:26:47');
INSERT INTO `sys_oper_log` (`oper_id`, `title`, `business_type`, `method`, `request_method`, `operator_type`, `oper_name`, `dept_name`, `oper_url`, `oper_ip`, `oper_location`, `oper_param`, `json_result`, `status`, `error_msg`, `oper_time`) VALUES (31, '公司信息', 2, 'vip.penint.ques.project.system.controller.SysCompanyController.edit()', 'PUT', 1, 'admin', NULL, '/system/company', '127.0.0.1', '内网IP', '{\"address\":\"测试地址\",\"activeTime\":1665676800000,\"companyName\":\"测试公司租户\",\"params\":{},\"regionCodes\":\"110000,110100,110101\",\"createTime\":1667039573000,\"phone\":\"13090901234\",\"id\":\"1667039572748367575\",\"tempId\":\"1667039536771518903\",\"comCode\":77959,\"email\":\"1234@qq.com\",\"activeFlag\":0}', '{\"msg\":\"操作成功\",\"code\":200}', 0, NULL, '2022-10-31 10:29:03');
INSERT INTO `sys_oper_log` (`oper_id`, `title`, `business_type`, `method`, `request_method`, `operator_type`, `oper_name`, `dept_name`, `oper_url`, `oper_ip`, `oper_location`, `oper_param`, `json_result`, `status`, `error_msg`, `oper_time`) VALUES (32, '公司信息', 2, 'vip.penint.ques.project.system.controller.SysCompanyController.edit()', 'PUT', 1, 'admin', NULL, '/system/company', '127.0.0.1', '内网IP', '{\"address\":\"测试地址\",\"activeTime\":1665676800000,\"companyName\":\"测试公司租户\",\"params\":{},\"regionCodes\":\"110000,110100,110101\",\"createTime\":1667039573000,\"phone\":\"13090901234\",\"id\":\"1667039572748367575\",\"tempId\":\"1667039536771518903\",\"comCode\":77959,\"email\":\"1234@qq.com\",\"activeFlag\":1}', '{\"msg\":\"操作成功\",\"code\":200}', 0, NULL, '2022-10-31 10:36:30');
INSERT INTO `sys_oper_log` (`oper_id`, `title`, `business_type`, `method`, `request_method`, `operator_type`, `oper_name`, `dept_name`, `oper_url`, `oper_ip`, `oper_location`, `oper_param`, `json_result`, `status`, `error_msg`, `oper_time`) VALUES (33, '公司信息', 2, 'vip.penint.ques.project.system.controller.SysCompanyController.edit()', 'PUT', 1, 'admin', NULL, '/system/company', '127.0.0.1', '内网IP', '{\"address\":\"测试地址\",\"activeTime\":1667145600000,\"companyName\":\"测试公司租户\",\"params\":{},\"regionCodes\":\"110000,110100,110101\",\"createTime\":1667039573000,\"phone\":\"13090901234\",\"id\":\"1667039572748367575\",\"tempId\":\"1667039536771518903\",\"comCode\":77959,\"email\":\"1234@qq.com\",\"activeFlag\":1}', '{\"msg\":\"操作成功\",\"code\":200}', 0, NULL, '2022-10-31 10:38:26');
INSERT INTO `sys_oper_log` (`oper_id`, `title`, `business_type`, `method`, `request_method`, `operator_type`, `oper_name`, `dept_name`, `oper_url`, `oper_ip`, `oper_location`, `oper_param`, `json_result`, `status`, `error_msg`, `oper_time`) VALUES (34, '公司信息', 2, 'vip.penint.ques.project.system.controller.SysCompanyController.edit()', 'PUT', 1, 'admin', NULL, '/system/company', '127.0.0.1', '内网IP', '{\"address\":\"测试地址\",\"activeTime\":1667232000000,\"companyName\":\"测试公司租户\",\"params\":{},\"regionCodes\":\"110000,110100,110101\",\"createTime\":1667039573000,\"phone\":\"13090901234\",\"id\":\"1667039572748367575\",\"tempId\":\"1667039536771518903\",\"comCode\":77959,\"email\":\"1234@qq.com\",\"activeFlag\":1}', '{\"msg\":\"操作成功\",\"code\":200}', 0, NULL, '2022-10-31 10:38:46');
INSERT INTO `sys_oper_log` (`oper_id`, `title`, `business_type`, `method`, `request_method`, `operator_type`, `oper_name`, `dept_name`, `oper_url`, `oper_ip`, `oper_location`, `oper_param`, `json_result`, `status`, `error_msg`, `oper_time`) VALUES (35, '公司信息', 2, 'vip.penint.ques.project.system.controller.SysCompanyController.edit()', 'PUT', 1, 'admin', NULL, '/system/company', '127.0.0.1', '内网IP', '{\"address\":\"测试地址\",\"activeTime\":1667145600000,\"companyName\":\"测试公司租户\",\"params\":{},\"regionCodes\":\"110000,110100,110101\",\"createTime\":1667039573000,\"phone\":\"13090901234\",\"id\":\"1667039572748367575\",\"tempId\":\"1667039536771518903\",\"comCode\":77959,\"email\":\"1234@qq.com\",\"activeFlag\":1}', '{\"msg\":\"操作成功\",\"code\":200}', 0, NULL, '2022-10-31 10:40:48');
INSERT INTO `sys_oper_log` (`oper_id`, `title`, `business_type`, `method`, `request_method`, `operator_type`, `oper_name`, `dept_name`, `oper_url`, `oper_ip`, `oper_location`, `oper_param`, `json_result`, `status`, `error_msg`, `oper_time`) VALUES (36, '公司信息', 2, 'vip.penint.ques.project.system.controller.SysCompanyController.edit()', 'PUT', 1, 'admin', NULL, '/system/company', '127.0.0.1', '内网IP', '{\"address\":\"测试地址\",\"activeTime\":1667491200000,\"companyName\":\"测试公司租户\",\"params\":{},\"regionCodes\":\"110000,110100,110101\",\"createTime\":1667039573000,\"phone\":\"13090901234\",\"id\":\"1667039572748367575\",\"tempId\":\"1667039536771518903\",\"comCode\":77959,\"email\":\"1234@qq.com\",\"activeFlag\":1}', '{\"msg\":\"操作成功\",\"code\":200}', 0, NULL, '2022-10-31 10:41:11');
INSERT INTO `sys_oper_log` (`oper_id`, `title`, `business_type`, `method`, `request_method`, `operator_type`, `oper_name`, `dept_name`, `oper_url`, `oper_ip`, `oper_location`, `oper_param`, `json_result`, `status`, `error_msg`, `oper_time`) VALUES (37, '菜单管理', 3, 'vip.penint.ques.project.system.controller.SysMenuController.remove()', 'DELETE', 1, 'admin', NULL, '/system/menu/1021', '127.0.0.1', '内网IP', '{menuId=1021}', '{\"msg\":\"操作成功\",\"code\":200}', 0, NULL, '2022-10-31 20:21:25');
INSERT INTO `sys_oper_log` (`oper_id`, `title`, `business_type`, `method`, `request_method`, `operator_type`, `oper_name`, `dept_name`, `oper_url`, `oper_ip`, `oper_location`, `oper_param`, `json_result`, `status`, `error_msg`, `oper_time`) VALUES (38, '菜单管理', 3, 'vip.penint.ques.project.system.controller.SysMenuController.remove()', 'DELETE', 1, 'admin', NULL, '/system/menu/1022', '127.0.0.1', '内网IP', '{menuId=1022}', '{\"msg\":\"操作成功\",\"code\":200}', 0, NULL, '2022-10-31 20:21:27');
INSERT INTO `sys_oper_log` (`oper_id`, `title`, `business_type`, `method`, `request_method`, `operator_type`, `oper_name`, `dept_name`, `oper_url`, `oper_ip`, `oper_location`, `oper_param`, `json_result`, `status`, `error_msg`, `oper_time`) VALUES (39, '菜单管理', 3, 'vip.penint.ques.project.system.controller.SysMenuController.remove()', 'DELETE', 1, 'admin', NULL, '/system/menu/1023', '127.0.0.1', '内网IP', '{menuId=1023}', '{\"msg\":\"操作成功\",\"code\":200}', 0, NULL, '2022-10-31 20:21:29');
INSERT INTO `sys_oper_log` (`oper_id`, `title`, `business_type`, `method`, `request_method`, `operator_type`, `oper_name`, `dept_name`, `oper_url`, `oper_ip`, `oper_location`, `oper_param`, `json_result`, `status`, `error_msg`, `oper_time`) VALUES (40, '菜单管理', 3, 'vip.penint.ques.project.system.controller.SysMenuController.remove()', 'DELETE', 1, 'admin', NULL, '/system/menu/1024', '127.0.0.1', '内网IP', '{menuId=1024}', '{\"msg\":\"操作成功\",\"code\":200}', 0, NULL, '2022-10-31 20:21:31');
INSERT INTO `sys_oper_log` (`oper_id`, `title`, `business_type`, `method`, `request_method`, `operator_type`, `oper_name`, `dept_name`, `oper_url`, `oper_ip`, `oper_location`, `oper_param`, `json_result`, `status`, `error_msg`, `oper_time`) VALUES (41, '菜单管理', 3, 'vip.penint.ques.project.system.controller.SysMenuController.remove()', 'DELETE', 1, 'admin', NULL, '/system/menu/1025', '127.0.0.1', '内网IP', '{menuId=1025}', '{\"msg\":\"操作成功\",\"code\":200}', 0, NULL, '2022-10-31 20:21:33');
INSERT INTO `sys_oper_log` (`oper_id`, `title`, `business_type`, `method`, `request_method`, `operator_type`, `oper_name`, `dept_name`, `oper_url`, `oper_ip`, `oper_location`, `oper_param`, `json_result`, `status`, `error_msg`, `oper_time`) VALUES (42, '菜单管理', 3, 'vip.penint.ques.project.system.controller.SysMenuController.remove()', 'DELETE', 1, 'admin', NULL, '/system/menu/104', '127.0.0.1', '内网IP', '{menuId=104}', '{\"msg\":\"操作成功\",\"code\":200}', 0, NULL, '2022-10-31 20:21:36');
INSERT INTO `sys_oper_log` (`oper_id`, `title`, `business_type`, `method`, `request_method`, `operator_type`, `oper_name`, `dept_name`, `oper_url`, `oper_ip`, `oper_location`, `oper_param`, `json_result`, `status`, `error_msg`, `oper_time`) VALUES (43, '菜单管理', 2, 'vip.penint.ques.project.system.controller.SysMenuController.edit()', 'PUT', 1, 'admin', NULL, '/system/menu', '127.0.0.1', '内网IP', '{\"icon\":\"tree\",\"orderNum\":\"4\",\"menuName\":\"部门管理\",\"path\":\"dept\",\"children\":[],\"updateBy\":\"admin\",\"isFrame\":\"1\",\"menuId\":103,\"perms\":\"selfcom:dept:list\",\"visible\":\"0\",\"superFlag\":0,\"params\":{},\"parentId\":2006,\"component\":\"selfcom/dept/index\",\"createTime\":1667109950000,\"menuType\":\"C\",\"status\":\"0\"}', '{\"msg\":\"操作成功\",\"code\":200}', 0, NULL, '2022-10-31 20:26:33');
INSERT INTO `sys_oper_log` (`oper_id`, `title`, `business_type`, `method`, `request_method`, `operator_type`, `oper_name`, `dept_name`, `oper_url`, `oper_ip`, `oper_location`, `oper_param`, `json_result`, `status`, `error_msg`, `oper_time`) VALUES (44, '权限模板', 2, 'vip.penint.ques.project.system.controller.SysTemplateController.edit()', 'PUT', 1, 'admin', NULL, '/system/template', '127.0.0.1', '内网IP', '{\"name\":\"测试\",\"remark\":\"123\",\"id\":\"1667039536771518903\",\"menuIds\":[2006,100,1001,1002,1003,1004,1005,1006,1007,101,1008,1009,1010,1011,1012,103,1017,1018,1019,1020],\"params\":{}}', '{\"msg\":\"操作成功\",\"code\":200}', 0, NULL, '2022-10-31 20:27:17');
INSERT INTO `sys_oper_log` (`oper_id`, `title`, `business_type`, `method`, `request_method`, `operator_type`, `oper_name`, `dept_name`, `oper_url`, `oper_ip`, `oper_location`, `oper_param`, `json_result`, `status`, `error_msg`, `oper_time`) VALUES (45, '部门管理', 1, 'vip.penint.ques.project.system.controller.SelfcomDeptController.add()', 'POST', 1, '13090901234', NULL, '/selfcom/dept', '127.0.0.1', '内网IP', '{\"deptName\":\"测试公司\",\"orderNum\":\"1\",\"delFlag\":\"0\",\"params\":{},\"parentId\":0,\"createBy\":\"13090901234\",\"children\":[],\"comId\":\"1667039572748367575\",\"ancestors\":\"0\",\"status\":\"0\"}', '{\"msg\":\"操作成功\",\"code\":200}', 0, NULL, '2022-10-31 20:27:37');
INSERT INTO `sys_oper_log` (`oper_id`, `title`, `business_type`, `method`, `request_method`, `operator_type`, `oper_name`, `dept_name`, `oper_url`, `oper_ip`, `oper_location`, `oper_param`, `json_result`, `status`, `error_msg`, `oper_time`) VALUES (46, '部门管理', 1, 'vip.penint.ques.project.system.controller.SelfcomDeptController.add()', 'POST', 1, '13090901234', NULL, '/selfcom/dept', '127.0.0.1', '内网IP', '{\"deptName\":\"财务部\",\"leader\":\"\",\"orderNum\":\"1\",\"params\":{},\"parentId\":102,\"createBy\":\"13090901234\",\"children\":[],\"comId\":\"1667039572748367575\",\"ancestors\":\"0,102\",\"status\":\"0\"}', '{\"msg\":\"操作成功\",\"code\":200}', 0, NULL, '2022-10-31 20:28:01');
INSERT INTO `sys_oper_log` (`oper_id`, `title`, `business_type`, `method`, `request_method`, `operator_type`, `oper_name`, `dept_name`, `oper_url`, `oper_ip`, `oper_location`, `oper_param`, `json_result`, `status`, `error_msg`, `oper_time`) VALUES (47, '部门管理', 1, 'vip.penint.ques.project.system.controller.SelfcomDeptController.add()', 'POST', 1, '13090901234', NULL, '/selfcom/dept', '127.0.0.1', '内网IP', '{\"deptName\":\"运营部\",\"orderNum\":\"2\",\"params\":{},\"parentId\":102,\"createBy\":\"13090901234\",\"children\":[],\"comId\":\"1667039572748367575\",\"ancestors\":\"0,102\",\"status\":\"0\"}', '{\"msg\":\"操作成功\",\"code\":200}', 0, NULL, '2022-10-31 20:28:09');
INSERT INTO `sys_oper_log` (`oper_id`, `title`, `business_type`, `method`, `request_method`, `operator_type`, `oper_name`, `dept_name`, `oper_url`, `oper_ip`, `oper_location`, `oper_param`, `json_result`, `status`, `error_msg`, `oper_time`) VALUES (48, '角色管理', 1, 'vip.penint.ques.project.system.controller.SelfcomRoleController.add()', 'POST', 1, '13090901234', NULL, '/selfcom/role', '127.0.0.1', '内网IP', '{\"flag\":false,\"roleId\":2,\"admin\":false,\"params\":{},\"roleSort\":\"1\",\"createBy\":\"13090901234\",\"roleKey\":\"1667219383438829664\",\"roleName\":\"测试角色1\",\"comId\":\"1667039572748367575\",\"deptIds\":[],\"menuIds\":[2006,100,1001,1002,1003,1004,1005,1006,1007,101,1008,1009,1010,1011,1012,103,1017,1018,1019,1020],\"status\":\"0\"}', '{\"msg\":\"操作成功\",\"code\":200}', 0, NULL, '2022-10-31 20:29:43');
INSERT INTO `sys_oper_log` (`oper_id`, `title`, `business_type`, `method`, `request_method`, `operator_type`, `oper_name`, `dept_name`, `oper_url`, `oper_ip`, `oper_location`, `oper_param`, `json_result`, `status`, `error_msg`, `oper_time`) VALUES (49, '用户管理', 2, 'vip.penint.ques.project.system.controller.SelfcomUserController.edit()', 'PUT', 1, '13090901234', NULL, '/selfcom/user', '127.0.0.1', '内网IP', '{\"superAdminFlag\":0,\"roles\":[],\"phonenumber\":\"13090901234\",\"admin\":false,\"loginDate\":1667109950000,\"remark\":\"公司管理员账号\",\"delFlag\":\"0\",\"password\":\"\",\"updateBy\":\"13090901234\",\"loginIp\":\"\",\"comId\":\"1667039572748367575\",\"adminFlag\":1,\"email\":\"1234@qq.com\",\"nickName\":\"管理员77959\",\"sex\":\"0\",\"deptId\":103,\"avatar\":\"\",\"params\":{},\"userName\":\"13090901234\",\"userId\":126,\"createBy\":\"superAdmin\",\"roleIds\":[],\"stop\":false,\"createTime\":1667109950000,\"status\":\"0\"}', '{\"msg\":\"操作成功\",\"code\":200}', 0, NULL, '2022-10-31 20:30:08');
INSERT INTO `sys_oper_log` (`oper_id`, `title`, `business_type`, `method`, `request_method`, `operator_type`, `oper_name`, `dept_name`, `oper_url`, `oper_ip`, `oper_location`, `oper_param`, `json_result`, `status`, `error_msg`, `oper_time`) VALUES (50, '用户管理', 1, 'vip.penint.ques.project.system.controller.SelfcomUserController.add()', 'POST', 1, '13090901234', NULL, '/selfcom/user', '127.0.0.1', '内网IP', '{\"phonenumber\":\"13090901234\",\"admin\":false,\"password\":\"123456\",\"postIds\":[],\"nickName\":\"ces\",\"deptId\":103,\"params\":{},\"userName\":\"13090901234\",\"roleIds\":[2],\"stop\":false,\"status\":\"0\"}', '{\"msg\":\"新增用户\'13090901234\'失败，该登录账号已存在\",\"code\":500}', 0, NULL, '2022-10-31 20:31:11');
INSERT INTO `sys_oper_log` (`oper_id`, `title`, `business_type`, `method`, `request_method`, `operator_type`, `oper_name`, `dept_name`, `oper_url`, `oper_ip`, `oper_location`, `oper_param`, `json_result`, `status`, `error_msg`, `oper_time`) VALUES (51, '用户管理', 1, 'vip.penint.ques.project.system.controller.SelfcomUserController.add()', 'POST', 1, '13090901234', NULL, '/selfcom/user', '127.0.0.1', '内网IP', '{\"phonenumber\":\"13090901231\",\"admin\":false,\"password\":\"$2a$10$ODcwp7fqh92.79V1ToP6XewBgdgHkpjsnB/s2wt4QFTSOdKWzlJJq\",\"postIds\":[],\"comId\":\"1667039572748367575\",\"adminFlag\":0,\"nickName\":\"测试1\",\"deptId\":103,\"params\":{},\"userName\":\"13090901231\",\"userId\":127,\"createBy\":\"13090901234\",\"roleIds\":[2],\"stop\":false,\"status\":\"0\"}', '{\"msg\":\"操作成功\",\"code\":200}', 0, NULL, '2022-10-31 20:36:30');
INSERT INTO `sys_oper_log` (`oper_id`, `title`, `business_type`, `method`, `request_method`, `operator_type`, `oper_name`, `dept_name`, `oper_url`, `oper_ip`, `oper_location`, `oper_param`, `json_result`, `status`, `error_msg`, `oper_time`) VALUES (52, '用户管理', 2, 'vip.penint.ques.project.system.controller.SelfcomUserController.changeStatus()', 'PUT', 1, '13090901234', NULL, '/selfcom/user/changeStatus', '127.0.0.1', '内网IP', '{\"admin\":false,\"updateBy\":\"13090901234\",\"params\":{},\"userId\":127,\"stop\":true,\"status\":\"1\"}', '{\"msg\":\"操作成功\",\"code\":200}', 0, NULL, '2022-11-01 13:45:14');
INSERT INTO `sys_oper_log` (`oper_id`, `title`, `business_type`, `method`, `request_method`, `operator_type`, `oper_name`, `dept_name`, `oper_url`, `oper_ip`, `oper_location`, `oper_param`, `json_result`, `status`, `error_msg`, `oper_time`) VALUES (53, '公司信息', 2, 'vip.penint.ques.project.system.controller.SysCompanyController.edit()', 'PUT', 1, 'admin', NULL, '/system/company', '127.0.0.1', '内网IP', '{\"address\":\"测试地址\",\"activeTime\":1667491200000,\"companyName\":\"测试公司租户\",\"params\":{},\"regionCodes\":\"110000,110100,110101\",\"createTime\":1667039573000,\"phone\":\"13090901234\",\"id\":\"1667039572748367575\",\"tempId\":\"1667039536771518903\",\"comCode\":77959,\"email\":\"1234@qq.com\",\"activeFlag\":0}', '{\"msg\":\"操作成功\",\"code\":200}', 0, NULL, '2022-11-01 13:50:44');
INSERT INTO `sys_oper_log` (`oper_id`, `title`, `business_type`, `method`, `request_method`, `operator_type`, `oper_name`, `dept_name`, `oper_url`, `oper_ip`, `oper_location`, `oper_param`, `json_result`, `status`, `error_msg`, `oper_time`) VALUES (54, '公司信息', 2, 'vip.penint.ques.project.system.controller.SysCompanyController.edit()', 'PUT', 1, 'admin', NULL, '/system/company', '127.0.0.1', '内网IP', '{\"address\":\"测试地址\",\"activeTime\":1667491200000,\"companyName\":\"测试公司租户\",\"params\":{},\"regionCodes\":\"110000,110100,110101\",\"createTime\":1667039573000,\"phone\":\"13090901234\",\"id\":\"1667039572748367575\",\"tempId\":\"1667039536771518903\",\"comCode\":77959,\"email\":\"1234@qq.com\",\"activeFlag\":1}', '{\"msg\":\"操作成功\",\"code\":200}', 0, NULL, '2022-11-01 13:50:53');
INSERT INTO `sys_oper_log` (`oper_id`, `title`, `business_type`, `method`, `request_method`, `operator_type`, `oper_name`, `dept_name`, `oper_url`, `oper_ip`, `oper_location`, `oper_param`, `json_result`, `status`, `error_msg`, `oper_time`) VALUES (55, '用户管理', 2, 'vip.penint.ques.project.system.controller.SelfcomUserController.changeStatus()', 'PUT', 1, '13090901234', NULL, '/selfcom/user/changeStatus', '127.0.0.1', '内网IP', '{\"admin\":false,\"updateBy\":\"13090901234\",\"params\":{},\"userId\":127,\"stop\":false,\"status\":\"0\"}', '{\"msg\":\"操作成功\",\"code\":200}', 0, NULL, '2022-11-01 13:51:19');
INSERT INTO `sys_oper_log` (`oper_id`, `title`, `business_type`, `method`, `request_method`, `operator_type`, `oper_name`, `dept_name`, `oper_url`, `oper_ip`, `oper_location`, `oper_param`, `json_result`, `status`, `error_msg`, `oper_time`) VALUES (56, '公司信息', 2, 'vip.penint.ques.project.system.controller.SysCompanyController.edit()', 'PUT', 1, 'admin', NULL, '/system/company', '127.0.0.1', '内网IP', '{\"address\":\"123\",\"activeTime\":1669737600000,\"companyName\":\"ces\",\"params\":{},\"regionCodes\":\"110000,110100,110101\",\"createTime\":1667313936000,\"phone\":\"13012349090\",\"id\":\"1667313936283198486\",\"tempId\":\"1667039536771518903\",\"comCode\":77171,\"email\":\"admin@qq.com\",\"activeFlag\":0}', '{\"msg\":\"操作成功\",\"code\":200}', 0, NULL, '2022-11-01 22:56:08');
INSERT INTO `sys_oper_log` (`oper_id`, `title`, `business_type`, `method`, `request_method`, `operator_type`, `oper_name`, `dept_name`, `oper_url`, `oper_ip`, `oper_location`, `oper_param`, `json_result`, `status`, `error_msg`, `oper_time`) VALUES (57, '公司信息', 2, 'vip.penint.ques.project.system.controller.SysCompanyController.edit()', 'PUT', 1, 'admin', NULL, '/system/company', '127.0.0.1', '内网IP', '{\"address\":\"123\",\"activeTime\":1669737600000,\"companyName\":\"ces\",\"params\":{},\"regionCodes\":\"110000,110100,110101\",\"createTime\":1667313936000,\"phone\":\"13012349090\",\"id\":\"1667313936283198486\",\"tempId\":\"1667039536771518903\",\"comCode\":77171,\"email\":\"admin@qq.com\",\"activeFlag\":1}', '{\"msg\":\"操作成功\",\"code\":200}', 0, NULL, '2022-11-01 22:56:13');
INSERT INTO `sys_oper_log` (`oper_id`, `title`, `business_type`, `method`, `request_method`, `operator_type`, `oper_name`, `dept_name`, `oper_url`, `oper_ip`, `oper_location`, `oper_param`, `json_result`, `status`, `error_msg`, `oper_time`) VALUES (58, '菜单管理', 2, 'vip.penint.ques.project.system.controller.SysMenuController.edit()', 'PUT', 1, 'admin', NULL, '/system/menu', '127.0.0.1', '内网IP', '{\"icon\":\"clipboard\",\"orderNum\":\"8\",\"menuName\":\"租户管理\",\"path\":\"agent\",\"children\":[],\"updateBy\":\"admin\",\"isFrame\":\"1\",\"menuId\":2042,\"perms\":\"\",\"answerFlag\":1,\"visible\":\"0\",\"superFlag\":1,\"params\":{},\"parentId\":0,\"createTime\":1667109950000,\"menuType\":\"M\",\"status\":\"0\"}', '{\"msg\":\"操作成功\",\"code\":200}', 0, NULL, '2022-11-01 23:59:55');
INSERT INTO `sys_oper_log` (`oper_id`, `title`, `business_type`, `method`, `request_method`, `operator_type`, `oper_name`, `dept_name`, `oper_url`, `oper_ip`, `oper_location`, `oper_param`, `json_result`, `status`, `error_msg`, `oper_time`) VALUES (59, '菜单管理', 2, 'vip.penint.ques.project.system.controller.SysMenuController.edit()', 'PUT', 1, 'admin', NULL, '/system/menu', '127.0.0.1', '内网IP', '{\"icon\":\"dashboard\",\"orderNum\":\"1\",\"menuName\":\"权限模板\",\"path\":\"template\",\"children\":[],\"updateBy\":\"admin\",\"isFrame\":\"1\",\"menuId\":2000,\"perms\":\"system:template:list\",\"answerFlag\":1,\"visible\":\"0\",\"superFlag\":1,\"params\":{},\"parentId\":2042,\"component\":\"system/template/index\",\"createTime\":1667109950000,\"menuType\":\"C\",\"status\":\"0\"}', '{\"msg\":\"操作成功\",\"code\":200}', 0, NULL, '2022-11-02 00:00:04');
INSERT INTO `sys_oper_log` (`oper_id`, `title`, `business_type`, `method`, `request_method`, `operator_type`, `oper_name`, `dept_name`, `oper_url`, `oper_ip`, `oper_location`, `oper_param`, `json_result`, `status`, `error_msg`, `oper_time`) VALUES (60, '菜单管理', 2, 'vip.penint.ques.project.system.controller.SysMenuController.edit()', 'PUT', 1, 'admin', NULL, '/system/menu', '127.0.0.1', '内网IP', '{\"icon\":\"dashboard\",\"orderNum\":\"1\",\"menuName\":\"权限模板\",\"path\":\"template\",\"children\":[],\"updateBy\":\"admin\",\"isFrame\":\"1\",\"menuId\":2000,\"perms\":\"system:template:list\",\"answerFlag\":1,\"visible\":\"0\",\"superFlag\":0,\"params\":{},\"parentId\":2042,\"component\":\"system/template/index\",\"createTime\":1667109950000,\"menuType\":\"C\",\"status\":\"0\"}', '{\"msg\":\"操作成功\",\"code\":200}', 0, NULL, '2022-11-02 00:09:05');
INSERT INTO `sys_oper_log` (`oper_id`, `title`, `business_type`, `method`, `request_method`, `operator_type`, `oper_name`, `dept_name`, `oper_url`, `oper_ip`, `oper_location`, `oper_param`, `json_result`, `status`, `error_msg`, `oper_time`) VALUES (61, '菜单管理', 2, 'vip.penint.ques.project.system.controller.SysMenuController.edit()', 'PUT', 1, 'admin', NULL, '/system/menu', '127.0.0.1', '内网IP', '{\"icon\":\"dashboard\",\"orderNum\":\"1\",\"menuName\":\"权限模板\",\"path\":\"template\",\"children\":[],\"updateBy\":\"admin\",\"isFrame\":\"1\",\"menuId\":2000,\"perms\":\"system:template:list\",\"answerFlag\":1,\"visible\":\"0\",\"superFlag\":1,\"params\":{},\"parentId\":2042,\"component\":\"system/template/index\",\"createTime\":1667109950000,\"menuType\":\"C\",\"status\":\"0\"}', '{\"msg\":\"操作成功\",\"code\":200}', 0, NULL, '2022-11-02 00:09:21');
INSERT INTO `sys_oper_log` (`oper_id`, `title`, `business_type`, `method`, `request_method`, `operator_type`, `oper_name`, `dept_name`, `oper_url`, `oper_ip`, `oper_location`, `oper_param`, `json_result`, `status`, `error_msg`, `oper_time`) VALUES (62, '菜单管理', 2, 'vip.penint.ques.project.system.controller.SysMenuController.edit()', 'PUT', 1, 'admin', NULL, '/system/menu', '127.0.0.1', '内网IP', '{\"icon\":\"dashboard\",\"orderNum\":\"1\",\"menuName\":\"权限模板\",\"path\":\"template\",\"children\":[],\"updateBy\":\"admin\",\"isFrame\":\"1\",\"menuId\":2000,\"perms\":\"system:template:list\",\"answerFlag\":0,\"visible\":\"0\",\"superFlag\":1,\"params\":{},\"parentId\":2042,\"component\":\"system/template/index\",\"createTime\":1667109950000,\"menuType\":\"C\",\"status\":\"0\"}', '{\"msg\":\"操作成功\",\"code\":200}', 0, NULL, '2022-11-02 00:16:35');
INSERT INTO `sys_oper_log` (`oper_id`, `title`, `business_type`, `method`, `request_method`, `operator_type`, `oper_name`, `dept_name`, `oper_url`, `oper_ip`, `oper_location`, `oper_param`, `json_result`, `status`, `error_msg`, `oper_time`) VALUES (63, '菜单管理', 2, 'vip.penint.ques.project.system.controller.SysMenuController.edit()', 'PUT', 1, 'admin', NULL, '/system/menu', '127.0.0.1', '内网IP', '{\"icon\":\"dashboard\",\"orderNum\":\"1\",\"menuName\":\"权限模板\",\"path\":\"template\",\"children\":[],\"updateBy\":\"admin\",\"isFrame\":\"1\",\"menuId\":2000,\"perms\":\"system:template:list\",\"answerFlag\":1,\"visible\":\"0\",\"superFlag\":1,\"params\":{},\"parentId\":2042,\"component\":\"system/template/index\",\"createTime\":1667109950000,\"menuType\":\"C\",\"status\":\"0\"}', '{\"msg\":\"操作成功\",\"code\":200}', 0, NULL, '2022-11-02 00:19:13');
INSERT INTO `sys_oper_log` (`oper_id`, `title`, `business_type`, `method`, `request_method`, `operator_type`, `oper_name`, `dept_name`, `oper_url`, `oper_ip`, `oper_location`, `oper_param`, `json_result`, `status`, `error_msg`, `oper_time`) VALUES (64, '菜单管理', 1, 'vip.penint.ques.project.system.controller.SysMenuController.add()', 'POST', 1, 'admin', NULL, '/system/menu', '127.0.0.1', '内网IP', '{\"icon\":\"user\",\"orderNum\":\"9\",\"menuName\":\"答者管理\",\"path\":\"/answer\",\"children\":[],\"isFrame\":\"1\",\"answerFlag\":0,\"visible\":\"0\",\"superFlag\":1,\"params\":{},\"parentId\":0,\"createBy\":\"admin\",\"menuType\":\"M\",\"status\":\"0\"}', '{\"msg\":\"操作成功\",\"code\":200}', 0, NULL, '2022-11-02 13:02:08');
INSERT INTO `sys_oper_log` (`oper_id`, `title`, `business_type`, `method`, `request_method`, `operator_type`, `oper_name`, `dept_name`, `oper_url`, `oper_ip`, `oper_location`, `oper_param`, `json_result`, `status`, `error_msg`, `oper_time`) VALUES (65, '菜单管理', 2, 'vip.penint.ques.project.system.controller.SysMenuController.edit()', 'PUT', 1, 'admin', NULL, '/system/menu', '127.0.0.1', '内网IP', '{\"icon\":\"user\",\"orderNum\":\"9\",\"menuName\":\"答者管理\",\"path\":\"answer\",\"children\":[],\"updateBy\":\"admin\",\"isFrame\":\"1\",\"menuId\":2043,\"perms\":\"\",\"answerFlag\":0,\"visible\":\"0\",\"superFlag\":1,\"params\":{},\"parentId\":0,\"createTime\":1667365328000,\"menuType\":\"M\",\"status\":\"0\"}', '{\"msg\":\"操作成功\",\"code\":200}', 0, NULL, '2022-11-02 13:02:28');
INSERT INTO `sys_oper_log` (`oper_id`, `title`, `business_type`, `method`, `request_method`, `operator_type`, `oper_name`, `dept_name`, `oper_url`, `oper_ip`, `oper_location`, `oper_param`, `json_result`, `status`, `error_msg`, `oper_time`) VALUES (66, '菜单管理', 1, 'vip.penint.ques.project.system.controller.SysMenuController.add()', 'POST', 1, 'admin', NULL, '/system/menu', '127.0.0.1', '内网IP', '{\"icon\":\"user\",\"orderNum\":\"1\",\"menuName\":\"答者管理\",\"path\":\"user\",\"children\":[],\"isFrame\":\"1\",\"visible\":\"0\",\"superFlag\":0,\"params\":{},\"parentId\":2043,\"component\":\"answer/user\",\"createBy\":\"admin\",\"menuType\":\"C\",\"status\":\"0\"}', '{\"msg\":\"操作成功\",\"code\":200}', 0, NULL, '2022-11-02 13:04:22');
INSERT INTO `sys_oper_log` (`oper_id`, `title`, `business_type`, `method`, `request_method`, `operator_type`, `oper_name`, `dept_name`, `oper_url`, `oper_ip`, `oper_location`, `oper_param`, `json_result`, `status`, `error_msg`, `oper_time`) VALUES (67, '菜单管理', 2, 'vip.penint.ques.project.system.controller.SysMenuController.edit()', 'PUT', 1, 'admin', NULL, '/system/menu', '127.0.0.1', '内网IP', '{\"icon\":\"user\",\"orderNum\":\"1\",\"menuName\":\"答者管理\",\"path\":\"user\",\"children\":[],\"updateBy\":\"admin\",\"isFrame\":\"1\",\"menuId\":2044,\"perms\":\"\",\"answerFlag\":0,\"visible\":\"0\",\"superFlag\":1,\"params\":{},\"parentId\":2043,\"component\":\"answer/user\",\"createTime\":1667365462000,\"menuType\":\"C\",\"status\":\"0\"}', '{\"msg\":\"操作成功\",\"code\":200}', 0, NULL, '2022-11-02 13:06:14');
INSERT INTO `sys_oper_log` (`oper_id`, `title`, `business_type`, `method`, `request_method`, `operator_type`, `oper_name`, `dept_name`, `oper_url`, `oper_ip`, `oper_location`, `oper_param`, `json_result`, `status`, `error_msg`, `oper_time`) VALUES (68, '菜单管理', 2, 'vip.penint.ques.project.system.controller.SysMenuController.edit()', 'PUT', 1, 'admin', NULL, '/system/menu', '127.0.0.1', '内网IP', '{\"icon\":\"user\",\"orderNum\":\"1\",\"menuName\":\"答者列表\",\"path\":\"user\",\"children\":[],\"updateBy\":\"admin\",\"isFrame\":\"1\",\"menuId\":2044,\"perms\":\"\",\"answerFlag\":0,\"visible\":\"0\",\"superFlag\":1,\"params\":{},\"parentId\":2043,\"component\":\"answer/user\",\"createTime\":1667365462000,\"menuType\":\"C\",\"status\":\"0\"}', '{\"msg\":\"操作成功\",\"code\":200}', 0, NULL, '2022-11-02 13:07:04');
INSERT INTO `sys_oper_log` (`oper_id`, `title`, `business_type`, `method`, `request_method`, `operator_type`, `oper_name`, `dept_name`, `oper_url`, `oper_ip`, `oper_location`, `oper_param`, `json_result`, `status`, `error_msg`, `oper_time`) VALUES (69, '用户管理', 2, 'vip.penint.ques.project.system.controller.SelfcomUserController.resetPwd()', 'PUT', 1, 'admin', NULL, '/selfcom/user/resetPwd', '127.0.0.1', '内网IP', '{\"admin\":false,\"password\":\"$2a$10$v/OU5m5we9ai7FuOy.VMHOT9kYDgPzrUqQuDZEou/9Is409Bv7bvi\",\"updateBy\":\"admin\",\"params\":{},\"userId\":131,\"stop\":false}', '{\"msg\":\"操作成功\",\"code\":200}', 0, NULL, '2022-11-02 17:14:00');
INSERT INTO `sys_oper_log` (`oper_id`, `title`, `business_type`, `method`, `request_method`, `operator_type`, `oper_name`, `dept_name`, `oper_url`, `oper_ip`, `oper_location`, `oper_param`, `json_result`, `status`, `error_msg`, `oper_time`) VALUES (70, '菜单管理', 1, 'vip.penint.ques.project.system.controller.SysMenuController.add()', 'POST', 1, 'admin', NULL, '/system/menu', '127.0.0.1', '内网IP', '{\"orderNum\":\"1\",\"menuName\":\"详情\",\"children\":[],\"isFrame\":\"1\",\"perms\":\"selfcom:user:query\",\"visible\":\"0\",\"superFlag\":0,\"params\":{},\"parentId\":2044,\"createBy\":\"admin\",\"menuType\":\"F\",\"status\":\"0\"}', '{\"msg\":\"操作成功\",\"code\":200}', 0, NULL, '2022-11-02 17:15:14');
INSERT INTO `sys_oper_log` (`oper_id`, `title`, `business_type`, `method`, `request_method`, `operator_type`, `oper_name`, `dept_name`, `oper_url`, `oper_ip`, `oper_location`, `oper_param`, `json_result`, `status`, `error_msg`, `oper_time`) VALUES (71, '菜单管理', 1, 'vip.penint.ques.project.system.controller.SysMenuController.add()', 'POST', 1, 'admin', NULL, '/system/menu', '127.0.0.1', '内网IP', '{\"orderNum\":\"2\",\"menuName\":\"删除\",\"children\":[],\"isFrame\":\"1\",\"perms\":\"selfcom:user:remove\",\"visible\":\"0\",\"superFlag\":0,\"params\":{},\"parentId\":2044,\"createBy\":\"admin\",\"menuType\":\"F\",\"status\":\"0\"}', '{\"msg\":\"操作成功\",\"code\":200}', 0, NULL, '2022-11-02 17:15:40');
INSERT INTO `sys_oper_log` (`oper_id`, `title`, `business_type`, `method`, `request_method`, `operator_type`, `oper_name`, `dept_name`, `oper_url`, `oper_ip`, `oper_location`, `oper_param`, `json_result`, `status`, `error_msg`, `oper_time`) VALUES (72, '菜单管理', 1, 'vip.penint.ques.project.system.controller.SysMenuController.add()', 'POST', 1, 'admin', NULL, '/system/menu', '127.0.0.1', '内网IP', '{\"orderNum\":\"3\",\"menuName\":\"重置密码\",\"children\":[],\"isFrame\":\"1\",\"perms\":\"selfcom:user:resetPwd\",\"visible\":\"0\",\"superFlag\":0,\"params\":{},\"parentId\":2044,\"createBy\":\"admin\",\"menuType\":\"F\",\"status\":\"0\"}', '{\"msg\":\"操作成功\",\"code\":200}', 0, NULL, '2022-11-02 17:16:05');
INSERT INTO `sys_oper_log` (`oper_id`, `title`, `business_type`, `method`, `request_method`, `operator_type`, `oper_name`, `dept_name`, `oper_url`, `oper_ip`, `oper_location`, `oper_param`, `json_result`, `status`, `error_msg`, `oper_time`) VALUES (73, '菜单管理', 2, 'vip.penint.ques.project.system.controller.SysMenuController.edit()', 'PUT', 1, 'admin', NULL, '/system/menu', '127.0.0.1', '内网IP', '{\"icon\":\"user\",\"orderNum\":\"1\",\"menuName\":\"答者列表\",\"path\":\"user\",\"children\":[],\"updateBy\":\"admin\",\"isFrame\":\"1\",\"menuId\":2044,\"perms\":\"answer:user:list\",\"answerFlag\":0,\"visible\":\"0\",\"superFlag\":1,\"params\":{},\"parentId\":2043,\"component\":\"answer/user\",\"createTime\":1667365462000,\"menuType\":\"C\",\"status\":\"0\"}', '{\"msg\":\"操作成功\",\"code\":200}', 0, NULL, '2022-11-02 17:16:26');
INSERT INTO `sys_oper_log` (`oper_id`, `title`, `business_type`, `method`, `request_method`, `operator_type`, `oper_name`, `dept_name`, `oper_url`, `oper_ip`, `oper_location`, `oper_param`, `json_result`, `status`, `error_msg`, `oper_time`) VALUES (74, '菜单管理', 2, 'vip.penint.ques.project.system.controller.SysMenuController.edit()', 'PUT', 1, 'admin', NULL, '/system/menu', '127.0.0.1', '内网IP', '{\"icon\":\"user\",\"orderNum\":\"1\",\"menuName\":\"答者列表\",\"path\":\"user\",\"children\":[],\"updateBy\":\"admin\",\"isFrame\":\"1\",\"menuId\":2044,\"perms\":\"answer:user:list\",\"answerFlag\":1,\"visible\":\"0\",\"superFlag\":1,\"params\":{},\"parentId\":2043,\"component\":\"answer/user\",\"createTime\":1667365462000,\"menuType\":\"C\",\"status\":\"0\"}', '{\"msg\":\"操作成功\",\"code\":200}', 0, NULL, '2022-11-02 17:16:36');
INSERT INTO `sys_oper_log` (`oper_id`, `title`, `business_type`, `method`, `request_method`, `operator_type`, `oper_name`, `dept_name`, `oper_url`, `oper_ip`, `oper_location`, `oper_param`, `json_result`, `status`, `error_msg`, `oper_time`) VALUES (75, '菜单管理', 2, 'vip.penint.ques.project.system.controller.SysMenuController.edit()', 'PUT', 1, 'admin', NULL, '/system/menu', '127.0.0.1', '内网IP', '{\"icon\":\"user\",\"orderNum\":\"9\",\"menuName\":\"答者管理\",\"path\":\"answer\",\"children\":[],\"updateBy\":\"admin\",\"isFrame\":\"1\",\"menuId\":2043,\"perms\":\"\",\"answerFlag\":1,\"visible\":\"0\",\"superFlag\":1,\"params\":{},\"parentId\":0,\"createTime\":1667365328000,\"menuType\":\"M\",\"status\":\"0\"}', '{\"msg\":\"操作成功\",\"code\":200}', 0, NULL, '2022-11-02 17:16:39');
INSERT INTO `sys_oper_log` (`oper_id`, `title`, `business_type`, `method`, `request_method`, `operator_type`, `oper_name`, `dept_name`, `oper_url`, `oper_ip`, `oper_location`, `oper_param`, `json_result`, `status`, `error_msg`, `oper_time`) VALUES (76, '菜单管理', 2, 'vip.penint.ques.project.system.controller.SysMenuController.edit()', 'PUT', 1, 'admin', NULL, '/system/menu', '127.0.0.1', '内网IP', '{\"icon\":\"clipboard\",\"orderNum\":\"8\",\"menuName\":\"租户管理\",\"path\":\"agent\",\"children\":[],\"updateBy\":\"admin\",\"isFrame\":\"1\",\"menuId\":2042,\"perms\":\"\",\"answerFlag\":0,\"visible\":\"0\",\"superFlag\":1,\"params\":{},\"parentId\":0,\"createTime\":1667109950000,\"menuType\":\"M\",\"status\":\"0\"}', '{\"msg\":\"操作成功\",\"code\":200}', 0, NULL, '2022-11-02 17:16:53');
INSERT INTO `sys_oper_log` (`oper_id`, `title`, `business_type`, `method`, `request_method`, `operator_type`, `oper_name`, `dept_name`, `oper_url`, `oper_ip`, `oper_location`, `oper_param`, `json_result`, `status`, `error_msg`, `oper_time`) VALUES (77, '菜单管理', 2, 'vip.penint.ques.project.system.controller.SysMenuController.edit()', 'PUT', 1, 'admin', NULL, '/system/menu', '127.0.0.1', '内网IP', '{\"icon\":\"dashboard\",\"orderNum\":\"1\",\"menuName\":\"权限模板\",\"path\":\"template\",\"children\":[],\"updateBy\":\"admin\",\"isFrame\":\"1\",\"menuId\":2000,\"perms\":\"system:template:list\",\"answerFlag\":0,\"visible\":\"0\",\"superFlag\":1,\"params\":{},\"parentId\":2042,\"component\":\"system/template/index\",\"createTime\":1667109950000,\"menuType\":\"C\",\"status\":\"0\"}', '{\"msg\":\"操作成功\",\"code\":200}', 0, NULL, '2022-11-02 17:16:57');
INSERT INTO `sys_oper_log` (`oper_id`, `title`, `business_type`, `method`, `request_method`, `operator_type`, `oper_name`, `dept_name`, `oper_url`, `oper_ip`, `oper_location`, `oper_param`, `json_result`, `status`, `error_msg`, `oper_time`) VALUES (78, '菜单管理', 1, 'vip.penint.ques.project.system.controller.SysMenuController.add()', 'POST', 1, 'admin', NULL, '/system/menu', '127.0.0.1', '内网IP', '{\"orderNum\":\"8\",\"menuName\":\"用户状态修改\",\"children\":[],\"isFrame\":\"1\",\"perms\":\"selfcom:user:updateStatus\",\"visible\":\"0\",\"superFlag\":0,\"params\":{},\"parentId\":100,\"createBy\":\"admin\",\"menuType\":\"F\",\"status\":\"0\"}', '{\"msg\":\"操作成功\",\"code\":200}', 0, NULL, '2022-11-02 17:21:46');
INSERT INTO `sys_oper_log` (`oper_id`, `title`, `business_type`, `method`, `request_method`, `operator_type`, `oper_name`, `dept_name`, `oper_url`, `oper_ip`, `oper_location`, `oper_param`, `json_result`, `status`, `error_msg`, `oper_time`) VALUES (79, '菜单管理', 1, 'vip.penint.ques.project.system.controller.SysMenuController.add()', 'POST', 1, 'admin', NULL, '/system/menu', '127.0.0.1', '内网IP', '{\"orderNum\":\"4\",\"menuName\":\"用户状态修改\",\"children\":[],\"isFrame\":\"1\",\"perms\":\"selfcom:user:updateStatus\",\"visible\":\"0\",\"superFlag\":0,\"params\":{},\"parentId\":2044,\"createBy\":\"admin\",\"menuType\":\"F\",\"status\":\"0\"}', '{\"msg\":\"操作成功\",\"code\":200}', 0, NULL, '2022-11-02 17:22:03');
INSERT INTO `sys_oper_log` (`oper_id`, `title`, `business_type`, `method`, `request_method`, `operator_type`, `oper_name`, `dept_name`, `oper_url`, `oper_ip`, `oper_location`, `oper_param`, `json_result`, `status`, `error_msg`, `oper_time`) VALUES (80, '用户管理', 2, 'vip.penint.ques.project.system.controller.SelfcomUserController.changeStatus()', 'PUT', 1, '13000001234', NULL, '/selfcom/user/changeStatus', '127.0.0.1', '内网IP', '{\"admin\":false,\"updateBy\":\"13000001234\",\"params\":{},\"userId\":131,\"stop\":true,\"status\":\"1\"}', '{\"msg\":\"操作成功\",\"code\":200}', 0, NULL, '2022-11-02 17:22:48');
INSERT INTO `sys_oper_log` (`oper_id`, `title`, `business_type`, `method`, `request_method`, `operator_type`, `oper_name`, `dept_name`, `oper_url`, `oper_ip`, `oper_location`, `oper_param`, `json_result`, `status`, `error_msg`, `oper_time`) VALUES (81, '用户管理', 2, 'vip.penint.ques.project.system.controller.SelfcomUserController.changeStatus()', 'PUT', 1, '13000001234', NULL, '/selfcom/user/changeStatus', '127.0.0.1', '内网IP', '{\"admin\":false,\"updateBy\":\"13000001234\",\"params\":{},\"userId\":131,\"stop\":false,\"status\":\"0\"}', '{\"msg\":\"操作成功\",\"code\":200}', 0, NULL, '2022-11-02 17:22:50');
INSERT INTO `sys_oper_log` (`oper_id`, `title`, `business_type`, `method`, `request_method`, `operator_type`, `oper_name`, `dept_name`, `oper_url`, `oper_ip`, `oper_location`, `oper_param`, `json_result`, `status`, `error_msg`, `oper_time`) VALUES (82, '用户管理', 2, 'vip.penint.ques.project.system.controller.SelfcomUserController.edit()', 'PUT', 1, 'admin', NULL, '/selfcom/user', '127.0.0.1', '内网IP', '{\"superAdminFlag\":0,\"roles\":[],\"phonenumber\":\"13000001234\",\"admin\":false,\"remark\":\"答者账号1\",\"delFlag\":\"0\",\"password\":\"\",\"updateBy\":\"admin\",\"loginIp\":\"\",\"adminFlag\":0,\"email\":\"admin12@qq.com\",\"answerFlag\":1,\"nickName\":\"答者12\",\"sex\":\"0\",\"avatar\":\"\",\"params\":{},\"userName\":\"13000001234\",\"userId\":131,\"createBy\":\"\",\"roleIds\":[],\"stop\":false,\"createTime\":1667316834000,\"status\":\"0\"}', '{\"msg\":\"操作成功\",\"code\":200}', 0, NULL, '2022-11-02 23:05:44');
INSERT INTO `sys_oper_log` (`oper_id`, `title`, `business_type`, `method`, `request_method`, `operator_type`, `oper_name`, `dept_name`, `oper_url`, `oper_ip`, `oper_location`, `oper_param`, `json_result`, `status`, `error_msg`, `oper_time`) VALUES (83, '用户管理', 2, 'vip.penint.ques.project.system.controller.SelfcomUserController.edit()', 'PUT', 1, 'admin', NULL, '/selfcom/user', '127.0.0.1', '内网IP', '{\"superAdminFlag\":0,\"roles\":[],\"phonenumber\":\"13000001234\",\"admin\":false,\"remark\":\"答者账号4\",\"delFlag\":\"0\",\"password\":\"\",\"loginIp\":\"\",\"adminFlag\":0,\"email\":\"admin12@qq.com\",\"answerFlag\":1,\"nickName\":\"答者4\",\"sex\":\"0\",\"avatar\":\"\",\"params\":{},\"userName\":\"13000001234\",\"userId\":131,\"createBy\":\"\",\"roleIds\":[],\"stop\":true,\"createTime\":1667316834000,\"status\":\"1\"}', 'null', 1, '不能停用平台超级管理员账号', '2022-11-02 23:05:52');
INSERT INTO `sys_oper_log` (`oper_id`, `title`, `business_type`, `method`, `request_method`, `operator_type`, `oper_name`, `dept_name`, `oper_url`, `oper_ip`, `oper_location`, `oper_param`, `json_result`, `status`, `error_msg`, `oper_time`) VALUES (84, '用户管理', 2, 'vip.penint.ques.project.system.controller.SelfcomUserController.edit()', 'PUT', 1, 'admin', NULL, '/selfcom/user', '127.0.0.1', '内网IP', '{\"superAdminFlag\":0,\"roles\":[],\"phonenumber\":\"13000001234\",\"admin\":false,\"remark\":\"答者账号4\",\"delFlag\":\"0\",\"password\":\"\",\"loginIp\":\"\",\"adminFlag\":0,\"email\":\"admin12@qq.com\",\"answerFlag\":1,\"nickName\":\"答者4\",\"sex\":\"0\",\"avatar\":\"\",\"params\":{},\"userName\":\"13000001234\",\"userId\":131,\"createBy\":\"\",\"roleIds\":[],\"stop\":true,\"createTime\":1667316834000,\"status\":\"1\"}', 'null', 1, '不能停用平台超级管理员账号', '2022-11-02 23:08:30');
INSERT INTO `sys_oper_log` (`oper_id`, `title`, `business_type`, `method`, `request_method`, `operator_type`, `oper_name`, `dept_name`, `oper_url`, `oper_ip`, `oper_location`, `oper_param`, `json_result`, `status`, `error_msg`, `oper_time`) VALUES (85, '用户管理', 2, 'vip.penint.ques.project.system.controller.SelfcomUserController.edit()', 'PUT', 1, 'admin', NULL, '/selfcom/user', '127.0.0.1', '内网IP', '{\"superAdminFlag\":0,\"roles\":[],\"phonenumber\":\"13000001234\",\"admin\":false,\"remark\":\"答者账号4\",\"delFlag\":\"0\",\"password\":\"\",\"loginIp\":\"\",\"adminFlag\":0,\"email\":\"admin12@qq.com\",\"answerFlag\":1,\"nickName\":\"答者4\",\"sex\":\"0\",\"avatar\":\"\",\"params\":{},\"userName\":\"13000001234\",\"userId\":131,\"createBy\":\"\",\"roleIds\":[],\"stop\":true,\"createTime\":1667316834000,\"status\":\"1\"}', 'null', 1, '不能停用平台超级管理员账号', '2022-11-02 23:09:23');
INSERT INTO `sys_oper_log` (`oper_id`, `title`, `business_type`, `method`, `request_method`, `operator_type`, `oper_name`, `dept_name`, `oper_url`, `oper_ip`, `oper_location`, `oper_param`, `json_result`, `status`, `error_msg`, `oper_time`) VALUES (86, '用户管理', 2, 'vip.penint.ques.project.system.controller.SelfcomUserController.edit()', 'PUT', 1, 'admin', NULL, '/selfcom/user', '127.0.0.1', '内网IP', '{\"superAdminFlag\":0,\"roles\":[],\"phonenumber\":\"13000001234\",\"admin\":false,\"remark\":\"答者账号4\",\"delFlag\":\"0\",\"password\":\"\",\"loginIp\":\"\",\"adminFlag\":0,\"email\":\"admin12@qq.com\",\"answerFlag\":1,\"nickName\":\"答者4\",\"sex\":\"0\",\"avatar\":\"\",\"params\":{},\"userName\":\"13000001234\",\"userId\":131,\"createBy\":\"\",\"roleIds\":[],\"stop\":true,\"createTime\":1667316834000,\"status\":\"1\"}', 'null', 1, '不能停用平台超级管理员账号', '2022-11-02 23:09:46');
INSERT INTO `sys_oper_log` (`oper_id`, `title`, `business_type`, `method`, `request_method`, `operator_type`, `oper_name`, `dept_name`, `oper_url`, `oper_ip`, `oper_location`, `oper_param`, `json_result`, `status`, `error_msg`, `oper_time`) VALUES (87, '用户管理', 2, 'vip.penint.ques.project.system.controller.SelfcomUserController.edit()', 'PUT', 1, 'admin', NULL, '/selfcom/user', '127.0.0.1', '内网IP', '{\"superAdminFlag\":0,\"roles\":[],\"phonenumber\":\"13000001234\",\"admin\":false,\"remark\":\"答者账号4\",\"delFlag\":\"0\",\"password\":\"\",\"loginIp\":\"\",\"adminFlag\":0,\"email\":\"admin12@qq.com\",\"answerFlag\":1,\"nickName\":\"答者4\",\"sex\":\"0\",\"avatar\":\"\",\"params\":{},\"userName\":\"13000001234\",\"userId\":131,\"createBy\":\"\",\"roleIds\":[],\"stop\":true,\"createTime\":1667316834000,\"status\":\"1\"}', 'null', 1, '不能停用平台超级管理员账号', '2022-11-02 23:10:33');
INSERT INTO `sys_oper_log` (`oper_id`, `title`, `business_type`, `method`, `request_method`, `operator_type`, `oper_name`, `dept_name`, `oper_url`, `oper_ip`, `oper_location`, `oper_param`, `json_result`, `status`, `error_msg`, `oper_time`) VALUES (88, '用户管理', 2, 'vip.penint.ques.project.system.controller.SelfcomUserController.edit()', 'PUT', 1, 'admin', NULL, '/selfcom/user', '127.0.0.1', '内网IP', '{\"superAdminFlag\":0,\"roles\":[],\"phonenumber\":\"13000001234\",\"admin\":false,\"remark\":\"答者账号4\",\"delFlag\":\"0\",\"password\":\"\",\"updateBy\":\"admin\",\"loginIp\":\"\",\"adminFlag\":0,\"email\":\"admin12@qq.com\",\"answerFlag\":1,\"nickName\":\"答者4\",\"sex\":\"0\",\"avatar\":\"\",\"params\":{},\"userName\":\"13000001234\",\"userId\":131,\"createBy\":\"\",\"roleIds\":[],\"stop\":true,\"createTime\":1667316834000,\"status\":\"1\"}', '{\"msg\":\"操作成功\",\"code\":200}', 0, NULL, '2022-11-02 23:11:46');
INSERT INTO `sys_oper_log` (`oper_id`, `title`, `business_type`, `method`, `request_method`, `operator_type`, `oper_name`, `dept_name`, `oper_url`, `oper_ip`, `oper_location`, `oper_param`, `json_result`, `status`, `error_msg`, `oper_time`) VALUES (89, '用户管理', 2, 'vip.penint.ques.project.system.controller.SelfcomUserController.edit()', 'PUT', 1, 'admin', NULL, '/selfcom/user', '127.0.0.1', '内网IP', '{\"superAdminFlag\":0,\"roles\":[],\"phonenumber\":\"13000001234\",\"admin\":false,\"remark\":\"答者账号4\",\"delFlag\":\"0\",\"password\":\"\",\"updateBy\":\"admin\",\"loginIp\":\"\",\"adminFlag\":0,\"email\":\"admin@qq.com\",\"answerFlag\":1,\"nickName\":\"答者4\",\"sex\":\"0\",\"avatar\":\"\",\"params\":{},\"userName\":\"13000001234\",\"userId\":131,\"createBy\":\"\",\"roleIds\":[],\"stop\":true,\"createTime\":1667316834000,\"status\":\"1\"}', '{\"msg\":\"操作成功\",\"code\":200}', 0, NULL, '2022-11-02 23:11:51');
INSERT INTO `sys_oper_log` (`oper_id`, `title`, `business_type`, `method`, `request_method`, `operator_type`, `oper_name`, `dept_name`, `oper_url`, `oper_ip`, `oper_location`, `oper_param`, `json_result`, `status`, `error_msg`, `oper_time`) VALUES (90, '用户管理', 2, 'vip.penint.ques.project.system.controller.SelfcomUserController.edit()', 'PUT', 1, 'admin', NULL, '/selfcom/user', '127.0.0.1', '内网IP', '{\"superAdminFlag\":0,\"roles\":[],\"phonenumber\":\"13000001234\",\"admin\":false,\"remark\":\"答者账号4\",\"delFlag\":\"0\",\"password\":\"\",\"updateBy\":\"admin\",\"loginIp\":\"\",\"adminFlag\":0,\"email\":\"admin2@qq.com\",\"answerFlag\":1,\"nickName\":\"答者4\",\"sex\":\"0\",\"avatar\":\"\",\"params\":{},\"userName\":\"13000001234\",\"userId\":131,\"createBy\":\"\",\"roleIds\":[],\"stop\":true,\"createTime\":1667316834000,\"status\":\"1\"}', '{\"msg\":\"操作成功\",\"code\":200}', 0, NULL, '2022-11-02 23:13:15');
INSERT INTO `sys_oper_log` (`oper_id`, `title`, `business_type`, `method`, `request_method`, `operator_type`, `oper_name`, `dept_name`, `oper_url`, `oper_ip`, `oper_location`, `oper_param`, `json_result`, `status`, `error_msg`, `oper_time`) VALUES (91, '用户管理', 2, 'vip.penint.ques.project.system.controller.SelfcomUserController.edit()', 'PUT', 1, 'admin', NULL, '/selfcom/user', '127.0.0.1', '内网IP', '{\"superAdminFlag\":0,\"roles\":[],\"phonenumber\":\"13000001234\",\"admin\":false,\"remark\":\"答者账号4\",\"delFlag\":\"0\",\"password\":\"\",\"updateBy\":\"admin\",\"loginIp\":\"\",\"adminFlag\":0,\"email\":\"admin@qq.com\",\"answerFlag\":1,\"nickName\":\"答者4\",\"sex\":\"0\",\"avatar\":\"\",\"params\":{},\"userName\":\"13000001234\",\"userId\":131,\"createBy\":\"\",\"roleIds\":[],\"stop\":true,\"createTime\":1667316834000,\"status\":\"1\"}', '{\"msg\":\"操作成功\",\"code\":200}', 0, NULL, '2022-11-02 23:13:20');
INSERT INTO `sys_oper_log` (`oper_id`, `title`, `business_type`, `method`, `request_method`, `operator_type`, `oper_name`, `dept_name`, `oper_url`, `oper_ip`, `oper_location`, `oper_param`, `json_result`, `status`, `error_msg`, `oper_time`) VALUES (92, '用户管理', 2, 'vip.penint.ques.project.system.controller.SelfcomUserController.edit()', 'PUT', 1, 'admin', NULL, '/selfcom/user', '127.0.0.1', '内网IP', '{\"superAdminFlag\":0,\"roles\":[],\"phonenumber\":\"13000001234\",\"admin\":false,\"remark\":\"答者账号4\",\"delFlag\":\"0\",\"password\":\"\",\"updateBy\":\"admin\",\"loginIp\":\"\",\"adminFlag\":0,\"email\":\"admin2@qq.com\",\"answerFlag\":1,\"nickName\":\"答者4\",\"sex\":\"0\",\"avatar\":\"\",\"params\":{},\"userName\":\"13000001234\",\"userId\":131,\"createBy\":\"\",\"roleIds\":[],\"stop\":true,\"createTime\":1667316834000,\"status\":\"1\"}', '{\"msg\":\"操作成功\",\"code\":200}', 0, NULL, '2022-11-02 23:13:26');
INSERT INTO `sys_oper_log` (`oper_id`, `title`, `business_type`, `method`, `request_method`, `operator_type`, `oper_name`, `dept_name`, `oper_url`, `oper_ip`, `oper_location`, `oper_param`, `json_result`, `status`, `error_msg`, `oper_time`) VALUES (93, '用户管理', 2, 'vip.penint.ques.project.system.controller.SelfcomUserController.edit()', 'PUT', 1, 'admin', NULL, '/selfcom/user', '127.0.0.1', '内网IP', '{\"superAdminFlag\":0,\"roles\":[],\"phonenumber\":\"13000001234\",\"admin\":false,\"remark\":\"答者账号4\",\"delFlag\":\"0\",\"password\":\"\",\"updateBy\":\"admin\",\"loginIp\":\"\",\"adminFlag\":0,\"email\":\"admin2@qq.com\",\"answerFlag\":1,\"nickName\":\"答者4\",\"sex\":\"0\",\"avatar\":\"\",\"params\":{},\"userName\":\"13000001234\",\"userId\":131,\"createBy\":\"\",\"roleIds\":[],\"stop\":true,\"createTime\":1667316834000,\"status\":\"1\"}', '{\"msg\":\"操作成功\",\"code\":200}', 0, NULL, '2022-11-02 23:14:30');
INSERT INTO `sys_oper_log` (`oper_id`, `title`, `business_type`, `method`, `request_method`, `operator_type`, `oper_name`, `dept_name`, `oper_url`, `oper_ip`, `oper_location`, `oper_param`, `json_result`, `status`, `error_msg`, `oper_time`) VALUES (94, '用户管理', 2, 'vip.penint.ques.project.system.controller.SelfcomUserController.edit()', 'PUT', 1, 'admin', NULL, '/selfcom/user', '127.0.0.1', '内网IP', '{\"superAdminFlag\":0,\"roles\":[],\"phonenumber\":\"13000001234\",\"admin\":false,\"remark\":\"答者账号4\",\"delFlag\":\"0\",\"password\":\"\",\"updateBy\":\"admin\",\"loginIp\":\"\",\"adminFlag\":0,\"email\":\"admin@qq.com\",\"answerFlag\":1,\"nickName\":\"答者4\",\"sex\":\"0\",\"avatar\":\"\",\"params\":{},\"userName\":\"13000001234\",\"userId\":131,\"createBy\":\"\",\"roleIds\":[],\"stop\":true,\"createTime\":1667316834000,\"status\":\"1\"}', '{\"msg\":\"操作成功\",\"code\":200}', 0, NULL, '2022-11-02 23:14:40');
INSERT INTO `sys_oper_log` (`oper_id`, `title`, `business_type`, `method`, `request_method`, `operator_type`, `oper_name`, `dept_name`, `oper_url`, `oper_ip`, `oper_location`, `oper_param`, `json_result`, `status`, `error_msg`, `oper_time`) VALUES (95, '用户管理', 2, 'vip.penint.ques.project.system.controller.SelfcomUserController.edit()', 'PUT', 1, 'admin', NULL, '/selfcom/user', '127.0.0.1', '内网IP', '{\"superAdminFlag\":0,\"roles\":[],\"phonenumber\":\"13000001234\",\"admin\":false,\"remark\":\"答者账号4\",\"delFlag\":\"0\",\"password\":\"\",\"updateBy\":\"admin\",\"loginIp\":\"\",\"adminFlag\":0,\"email\":\"admin@qq.com\",\"answerFlag\":1,\"nickName\":\"答者4\",\"sex\":\"0\",\"avatar\":\"\",\"params\":{},\"userName\":\"13000001234\",\"userId\":131,\"createBy\":\"\",\"roleIds\":[],\"stop\":true,\"createTime\":1667316834000,\"status\":\"1\"}', '{\"msg\":\"操作成功\",\"code\":200}', 0, NULL, '2022-11-02 23:15:03');
INSERT INTO `sys_oper_log` (`oper_id`, `title`, `business_type`, `method`, `request_method`, `operator_type`, `oper_name`, `dept_name`, `oper_url`, `oper_ip`, `oper_location`, `oper_param`, `json_result`, `status`, `error_msg`, `oper_time`) VALUES (96, '用户管理', 2, 'vip.penint.ques.project.system.controller.SelfcomUserController.edit()', 'PUT', 1, 'admin', NULL, '/selfcom/user', '127.0.0.1', '内网IP', '{\"superAdminFlag\":0,\"roles\":[],\"phonenumber\":\"13000001234\",\"admin\":false,\"remark\":\"答者账号4\",\"delFlag\":\"0\",\"password\":\"\",\"loginIp\":\"\",\"adminFlag\":0,\"email\":\"admin@qq.com\",\"answerFlag\":1,\"nickName\":\"答者4\",\"sex\":\"0\",\"avatar\":\"\",\"params\":{},\"userName\":\"13000001234\",\"userId\":131,\"createBy\":\"\",\"roleIds\":[],\"stop\":true,\"createTime\":1667316834000,\"status\":\"1\"}', '{\"msg\":\"修改用户\'13000001234\'失败，邮箱账号已存在\",\"code\":500}', 0, NULL, '2022-11-02 23:16:44');
INSERT INTO `sys_oper_log` (`oper_id`, `title`, `business_type`, `method`, `request_method`, `operator_type`, `oper_name`, `dept_name`, `oper_url`, `oper_ip`, `oper_location`, `oper_param`, `json_result`, `status`, `error_msg`, `oper_time`) VALUES (97, '用户管理', 2, 'vip.penint.ques.project.system.controller.SelfcomUserController.edit()', 'PUT', 1, 'admin', NULL, '/selfcom/user', '127.0.0.1', '内网IP', '{\"superAdminFlag\":0,\"roles\":[],\"phonenumber\":\"13000001234\",\"admin\":false,\"remark\":\"答者账号4\",\"delFlag\":\"0\",\"password\":\"\",\"loginIp\":\"\",\"adminFlag\":0,\"email\":\"admin@qq.com\",\"answerFlag\":1,\"nickName\":\"答者4\",\"sex\":\"0\",\"avatar\":\"\",\"params\":{},\"userName\":\"13000001234\",\"userId\":131,\"createBy\":\"\",\"roleIds\":[],\"stop\":true,\"createTime\":1667316834000,\"status\":\"1\"}', 'null', 1, '新增用户\'13000001234\'失败，该登录账号已存在', '2022-11-02 23:18:35');
INSERT INTO `sys_oper_log` (`oper_id`, `title`, `business_type`, `method`, `request_method`, `operator_type`, `oper_name`, `dept_name`, `oper_url`, `oper_ip`, `oper_location`, `oper_param`, `json_result`, `status`, `error_msg`, `oper_time`) VALUES (98, '用户管理', 2, 'vip.penint.ques.project.system.controller.SelfcomUserController.edit()', 'PUT', 1, 'admin', NULL, '/selfcom/user', '127.0.0.1', '内网IP', '{\"superAdminFlag\":0,\"roles\":[],\"phonenumber\":\"13000001234\",\"admin\":false,\"remark\":\"答者账号4\",\"delFlag\":\"0\",\"password\":\"\",\"loginIp\":\"\",\"adminFlag\":0,\"email\":\"admin@qq.com\",\"answerFlag\":1,\"nickName\":\"答者4\",\"sex\":\"0\",\"avatar\":\"\",\"params\":{},\"userName\":\"13000001234\",\"userId\":131,\"createBy\":\"\",\"roleIds\":[],\"stop\":true,\"createTime\":1667316834000,\"status\":\"1\"}', 'null', 1, '新增用户\'13000001234\'失败，该登录账号已存在', '2022-11-02 23:18:52');
INSERT INTO `sys_oper_log` (`oper_id`, `title`, `business_type`, `method`, `request_method`, `operator_type`, `oper_name`, `dept_name`, `oper_url`, `oper_ip`, `oper_location`, `oper_param`, `json_result`, `status`, `error_msg`, `oper_time`) VALUES (99, '用户管理', 2, 'vip.penint.ques.project.system.controller.SelfcomUserController.edit()', 'PUT', 1, 'admin', NULL, '/selfcom/user', '127.0.0.1', '内网IP', '{\"superAdminFlag\":0,\"roles\":[],\"phonenumber\":\"13000001234\",\"admin\":false,\"remark\":\"答者账号4\",\"delFlag\":\"0\",\"password\":\"\",\"updateBy\":\"admin\",\"loginIp\":\"\",\"adminFlag\":0,\"email\":\"admin@qq.com\",\"answerFlag\":1,\"nickName\":\"答者4\",\"sex\":\"0\",\"avatar\":\"\",\"params\":{},\"userName\":\"13000001234\",\"userId\":131,\"createBy\":\"\",\"roleIds\":[],\"stop\":true,\"createTime\":1667316834000,\"status\":\"1\"}', '{\"msg\":\"操作成功\",\"code\":200}', 0, NULL, '2022-11-02 23:21:41');
INSERT INTO `sys_oper_log` (`oper_id`, `title`, `business_type`, `method`, `request_method`, `operator_type`, `oper_name`, `dept_name`, `oper_url`, `oper_ip`, `oper_location`, `oper_param`, `json_result`, `status`, `error_msg`, `oper_time`) VALUES (100, '用户管理', 2, 'vip.penint.ques.project.system.controller.SelfcomUserController.edit()', 'PUT', 1, 'admin', NULL, '/selfcom/user', '127.0.0.1', '内网IP', '{\"superAdminFlag\":0,\"roles\":[],\"phonenumber\":\"13000001234\",\"admin\":false,\"remark\":\"答者账号4\",\"delFlag\":\"0\",\"password\":\"\",\"loginIp\":\"\",\"adminFlag\":0,\"email\":\"admin@qq.com\",\"answerFlag\":1,\"nickName\":\"答者4\",\"sex\":\"0\",\"avatar\":\"\",\"params\":{},\"userName\":\"13000001234\",\"userId\":131,\"createBy\":\"\",\"roleIds\":[],\"stop\":true,\"createTime\":1667316834000,\"status\":\"1\"}', '{\"msg\":\"修改用户\'13000001234\'失败，邮箱账号已存在\",\"code\":500}', 0, NULL, '2022-11-02 23:22:21');
INSERT INTO `sys_oper_log` (`oper_id`, `title`, `business_type`, `method`, `request_method`, `operator_type`, `oper_name`, `dept_name`, `oper_url`, `oper_ip`, `oper_location`, `oper_param`, `json_result`, `status`, `error_msg`, `oper_time`) VALUES (101, '用户管理', 2, 'vip.penint.ques.project.system.controller.SelfcomUserController.edit()', 'PUT', 1, 'admin', NULL, '/selfcom/user', '127.0.0.1', '内网IP', '{\"superAdminFlag\":0,\"roles\":[],\"phonenumber\":\"13000001234\",\"admin\":false,\"remark\":\"答者账号4\",\"delFlag\":\"0\",\"password\":\"\",\"loginIp\":\"\",\"adminFlag\":0,\"email\":\"admin1@qq.com\",\"answerFlag\":1,\"nickName\":\"答者4\",\"sex\":\"0\",\"avatar\":\"\",\"params\":{},\"userName\":\"13000001234\",\"userId\":131,\"createBy\":\"\",\"roleIds\":[],\"stop\":true,\"createTime\":1667316834000,\"status\":\"1\"}', '{\"msg\":\"修改用户\'13000001234\'失败，邮箱账号已存在\",\"code\":500}', 0, NULL, '2022-11-02 23:23:13');
INSERT INTO `sys_oper_log` (`oper_id`, `title`, `business_type`, `method`, `request_method`, `operator_type`, `oper_name`, `dept_name`, `oper_url`, `oper_ip`, `oper_location`, `oper_param`, `json_result`, `status`, `error_msg`, `oper_time`) VALUES (102, '用户管理', 2, 'vip.penint.ques.project.system.controller.SelfcomUserController.changeStatus()', 'PUT', 1, 'admin', NULL, '/selfcom/user/changeStatus', '127.0.0.1', '内网IP', '{\"admin\":false,\"updateBy\":\"admin\",\"params\":{},\"userId\":131,\"stop\":false,\"status\":\"0\"}', '{\"msg\":\"操作成功\",\"code\":200}', 0, NULL, '2022-11-02 23:23:38');
INSERT INTO `sys_oper_log` (`oper_id`, `title`, `business_type`, `method`, `request_method`, `operator_type`, `oper_name`, `dept_name`, `oper_url`, `oper_ip`, `oper_location`, `oper_param`, `json_result`, `status`, `error_msg`, `oper_time`) VALUES (103, '用户管理', 2, 'vip.penint.ques.project.system.controller.SelfcomUserController.edit()', 'PUT', 1, 'admin', NULL, '/selfcom/user', '127.0.0.1', '内网IP', '{\"superAdminFlag\":0,\"roles\":[],\"phonenumber\":\"13000001234\",\"admin\":false,\"remark\":\"答者账号4\",\"delFlag\":\"0\",\"password\":\"\",\"loginIp\":\"\",\"adminFlag\":0,\"email\":\"admin1@qq.com\",\"answerFlag\":1,\"nickName\":\"答者4\",\"sex\":\"0\",\"avatar\":\"\",\"params\":{},\"userName\":\"13000001234\",\"userId\":131,\"createBy\":\"\",\"roleIds\":[],\"stop\":false,\"createTime\":1667316834000,\"status\":\"0\"}', '{\"msg\":\"修改用户\'13000001234\'失败，邮箱账号已存在\",\"code\":500}', 0, NULL, '2022-11-02 23:25:40');
INSERT INTO `sys_oper_log` (`oper_id`, `title`, `business_type`, `method`, `request_method`, `operator_type`, `oper_name`, `dept_name`, `oper_url`, `oper_ip`, `oper_location`, `oper_param`, `json_result`, `status`, `error_msg`, `oper_time`) VALUES (104, '用户管理', 2, 'vip.penint.ques.project.system.controller.SelfcomUserController.edit()', 'PUT', 1, 'admin', NULL, '/selfcom/user', '127.0.0.1', '内网IP', '{\"superAdminFlag\":0,\"roles\":[],\"phonenumber\":\"13000001234\",\"admin\":false,\"remark\":\"答者账号4\",\"delFlag\":\"0\",\"password\":\"\",\"updateBy\":\"admin\",\"loginIp\":\"\",\"adminFlag\":0,\"email\":\"admin5@qq.com\",\"answerFlag\":1,\"nickName\":\"答者4\",\"sex\":\"0\",\"avatar\":\"\",\"params\":{},\"userName\":\"13000001234\",\"userId\":131,\"createBy\":\"\",\"roleIds\":[],\"stop\":false,\"createTime\":1667316834000,\"status\":\"0\"}', '{\"msg\":\"操作成功\",\"code\":200}', 0, NULL, '2022-11-02 23:25:46');
INSERT INTO `sys_oper_log` (`oper_id`, `title`, `business_type`, `method`, `request_method`, `operator_type`, `oper_name`, `dept_name`, `oper_url`, `oper_ip`, `oper_location`, `oper_param`, `json_result`, `status`, `error_msg`, `oper_time`) VALUES (105, '用户管理', 2, 'vip.penint.ques.project.system.controller.SelfcomUserController.edit()', 'PUT', 1, 'admin', NULL, '/selfcom/user', '127.0.0.1', '内网IP', '{\"superAdminFlag\":0,\"roles\":[],\"phonenumber\":\"13000001234\",\"admin\":false,\"remark\":\"答者账号4\",\"delFlag\":\"0\",\"password\":\"\",\"updateBy\":\"admin\",\"loginIp\":\"\",\"adminFlag\":0,\"email\":\"admin@qq.com\",\"answerFlag\":1,\"nickName\":\"答者4\",\"sex\":\"0\",\"avatar\":\"\",\"params\":{},\"userName\":\"13000001234\",\"userId\":131,\"createBy\":\"\",\"roleIds\":[],\"stop\":false,\"createTime\":1667316834000,\"status\":\"0\"}', '{\"msg\":\"操作成功\",\"code\":200}', 0, NULL, '2022-11-02 23:25:50');
INSERT INTO `sys_oper_log` (`oper_id`, `title`, `business_type`, `method`, `request_method`, `operator_type`, `oper_name`, `dept_name`, `oper_url`, `oper_ip`, `oper_location`, `oper_param`, `json_result`, `status`, `error_msg`, `oper_time`) VALUES (106, '用户管理', 3, 'vip.penint.ques.project.system.controller.SelfcomUserController.remove()', 'DELETE', 1, 'admin', NULL, '/selfcom/user/131', '127.0.0.1', '内网IP', '{userIds=131}', '{\"msg\":\"操作成功\",\"code\":200}', 0, NULL, '2022-11-02 23:26:10');
INSERT INTO `sys_oper_log` (`oper_id`, `title`, `business_type`, `method`, `request_method`, `operator_type`, `oper_name`, `dept_name`, `oper_url`, `oper_ip`, `oper_location`, `oper_param`, `json_result`, `status`, `error_msg`, `oper_time`) VALUES (107, '用户管理', 1, 'vip.penint.ques.project.system.controller.SelfcomUserController.add()', 'POST', 1, 'admin', NULL, '/selfcom/user', '127.0.0.1', '内网IP', '{\"phonenumber\":\"13212341234\",\"admin\":false,\"remark\":\"123\",\"password\":\"123456\",\"postIds\":[],\"email\":\"1234@qq.com\",\"answerFlag\":1,\"nickName\":\"1234\",\"params\":{},\"userName\":\"13212341234\",\"roleIds\":[],\"stop\":false,\"status\":\"0\"}', '{\"msg\":\"新增用户\'13212341234\'失败，邮箱账号已存在\",\"code\":500}', 0, NULL, '2022-11-02 23:30:49');
INSERT INTO `sys_oper_log` (`oper_id`, `title`, `business_type`, `method`, `request_method`, `operator_type`, `oper_name`, `dept_name`, `oper_url`, `oper_ip`, `oper_location`, `oper_param`, `json_result`, `status`, `error_msg`, `oper_time`) VALUES (108, '用户管理', 1, 'vip.penint.ques.project.system.controller.SelfcomUserController.add()', 'POST', 1, 'admin', NULL, '/selfcom/user', '127.0.0.1', '内网IP', '{\"phonenumber\":\"13212341234\",\"admin\":false,\"remark\":\"123\",\"password\":\"123456\",\"postIds\":[],\"email\":\"1234@qq.com\",\"answerFlag\":1,\"nickName\":\"1234\",\"params\":{},\"userName\":\"13212341234\",\"roleIds\":[],\"stop\":false,\"status\":\"0\"}', '{\"msg\":\"新增用户\'13212341234\'失败，邮箱账号已存在\",\"code\":500}', 0, NULL, '2022-11-02 23:30:55');
INSERT INTO `sys_oper_log` (`oper_id`, `title`, `business_type`, `method`, `request_method`, `operator_type`, `oper_name`, `dept_name`, `oper_url`, `oper_ip`, `oper_location`, `oper_param`, `json_result`, `status`, `error_msg`, `oper_time`) VALUES (109, '用户管理', 1, 'vip.penint.ques.project.system.controller.SelfcomUserController.add()', 'POST', 1, 'admin', NULL, '/selfcom/user', '127.0.0.1', '内网IP', '{\"phonenumber\":\"13212341234\",\"admin\":false,\"remark\":\"123\",\"password\":\"$2a$10$dgJxLgnqsmiXHI5RTj44d.jnJVAQaFRgiBaR5LTuBDWZ4ogv3XiuS\",\"postIds\":[],\"comId\":\"\",\"adminFlag\":0,\"email\":\"12344@qq.com\",\"answerFlag\":1,\"nickName\":\"1234\",\"params\":{},\"userName\":\"13212341234\",\"userId\":132,\"createBy\":\"admin\",\"roleIds\":[],\"stop\":false,\"status\":\"0\"}', '{\"msg\":\"操作成功\",\"code\":200}', 0, NULL, '2022-11-02 23:30:59');
INSERT INTO `sys_oper_log` (`oper_id`, `title`, `business_type`, `method`, `request_method`, `operator_type`, `oper_name`, `dept_name`, `oper_url`, `oper_ip`, `oper_location`, `oper_param`, `json_result`, `status`, `error_msg`, `oper_time`) VALUES (110, '菜单管理', 1, 'vip.penint.ques.project.system.controller.SysMenuController.add()', 'POST', 1, 'admin', NULL, '/system/menu', '127.0.0.1', '内网IP', '{\"orderNum\":\"5\",\"menuName\":\"修改\",\"children\":[],\"isFrame\":\"1\",\"perms\":\"selfcom:user:edit\",\"visible\":\"0\",\"superFlag\":0,\"params\":{},\"parentId\":2044,\"createBy\":\"admin\",\"menuType\":\"F\",\"status\":\"0\"}', '{\"msg\":\"操作成功\",\"code\":200}', 0, NULL, '2022-11-02 23:32:56');
INSERT INTO `sys_oper_log` (`oper_id`, `title`, `business_type`, `method`, `request_method`, `operator_type`, `oper_name`, `dept_name`, `oper_url`, `oper_ip`, `oper_location`, `oper_param`, `json_result`, `status`, `error_msg`, `oper_time`) VALUES (111, '菜单管理', 1, 'vip.penint.ques.project.system.controller.SysMenuController.add()', 'POST', 1, 'admin', NULL, '/system/menu', '127.0.0.1', '内网IP', '{\"orderNum\":\"6\",\"menuName\":\"新增\",\"children\":[],\"isFrame\":\"1\",\"perms\":\"selfcom:user:add\",\"visible\":\"0\",\"superFlag\":0,\"params\":{},\"parentId\":2044,\"createBy\":\"admin\",\"menuType\":\"F\",\"status\":\"0\"}', '{\"msg\":\"操作成功\",\"code\":200}', 0, NULL, '2022-11-02 23:34:16');
INSERT INTO `sys_oper_log` (`oper_id`, `title`, `business_type`, `method`, `request_method`, `operator_type`, `oper_name`, `dept_name`, `oper_url`, `oper_ip`, `oper_location`, `oper_param`, `json_result`, `status`, `error_msg`, `oper_time`) VALUES (112, '用户管理', 6, 'vip.penint.ques.project.system.controller.SelfcomUserController.importData()', 'POST', 1, 'admin', NULL, '/selfcom/user/importData', '127.0.0.1', '内网IP', 'false', 'null', 1, '很抱歉，导入失败！共 1 条数据格式不正确，错误如下：<br/>1、账号 13090901234 已存在', '2022-11-03 00:01:01');
INSERT INTO `sys_oper_log` (`oper_id`, `title`, `business_type`, `method`, `request_method`, `operator_type`, `oper_name`, `dept_name`, `oper_url`, `oper_ip`, `oper_location`, `oper_param`, `json_result`, `status`, `error_msg`, `oper_time`) VALUES (113, '用户管理', 6, 'vip.penint.ques.project.system.controller.SelfcomUserController.importData()', 'POST', 1, 'admin', NULL, '/selfcom/user/importData', '127.0.0.1', '内网IP', 'false', '{\"msg\":\"恭喜您，数据已全部导入成功！共 1 条，数据如下：<br/>1、账号 13090901222 导入成功\",\"code\":200}', 0, NULL, '2022-11-03 00:01:27');
INSERT INTO `sys_oper_log` (`oper_id`, `title`, `business_type`, `method`, `request_method`, `operator_type`, `oper_name`, `dept_name`, `oper_url`, `oper_ip`, `oper_location`, `oper_param`, `json_result`, `status`, `error_msg`, `oper_time`) VALUES (114, '用户管理', 6, 'vip.penint.ques.project.system.controller.SelfcomUserController.importData()', 'POST', 1, 'admin', NULL, '/selfcom/user/importData', '127.0.0.1', '内网IP', 'false false', 'null', 1, '很抱歉，导入失败！共 1 条数据格式不正确，错误如下：<br/>1、账号 13090901222 导入失败：新增用户\'13090901222\'失败，该登录账号已存在', '2022-11-03 00:05:04');
INSERT INTO `sys_oper_log` (`oper_id`, `title`, `business_type`, `method`, `request_method`, `operator_type`, `oper_name`, `dept_name`, `oper_url`, `oper_ip`, `oper_location`, `oper_param`, `json_result`, `status`, `error_msg`, `oper_time`) VALUES (115, '用户管理', 6, 'vip.penint.ques.project.system.controller.SelfcomUserController.importData()', 'POST', 1, 'admin', NULL, '/selfcom/user/importData', '127.0.0.1', '内网IP', 'false false', '{\"msg\":\"恭喜您，数据已全部导入成功！共 1 条，数据如下：<br/>1、账号 13090901222 导入成功\",\"code\":200}', 0, NULL, '2022-11-03 00:06:26');
INSERT INTO `sys_oper_log` (`oper_id`, `title`, `business_type`, `method`, `request_method`, `operator_type`, `oper_name`, `dept_name`, `oper_url`, `oper_ip`, `oper_location`, `oper_param`, `json_result`, `status`, `error_msg`, `oper_time`) VALUES (116, '用户管理', 6, 'vip.penint.ques.project.system.controller.SelfcomUserController.importData()', 'POST', 1, 'admin', NULL, '/selfcom/user/importData', '127.0.0.1', '内网IP', 'false true', '{\"msg\":\"恭喜您，数据已全部导入成功！共 1 条，数据如下：<br/>1、账号 13090901222 导入成功\",\"code\":200}', 0, NULL, '2022-11-03 00:09:15');
INSERT INTO `sys_oper_log` (`oper_id`, `title`, `business_type`, `method`, `request_method`, `operator_type`, `oper_name`, `dept_name`, `oper_url`, `oper_ip`, `oper_location`, `oper_param`, `json_result`, `status`, `error_msg`, `oper_time`) VALUES (117, '用户管理', 6, 'vip.penint.ques.project.system.controller.SelfcomUserController.importData()', 'POST', 1, 'admin', NULL, '/selfcom/user/importData', '127.0.0.1', '内网IP', 'false true', 'null', 1, '很抱歉，导入失败！共 1 条数据格式不正确，错误如下：<br/>1、账号 13090901222 已存在', '2022-11-03 00:09:45');
INSERT INTO `sys_oper_log` (`oper_id`, `title`, `business_type`, `method`, `request_method`, `operator_type`, `oper_name`, `dept_name`, `oper_url`, `oper_ip`, `oper_location`, `oper_param`, `json_result`, `status`, `error_msg`, `oper_time`) VALUES (118, '用户管理', 6, 'vip.penint.ques.project.system.controller.SelfcomUserController.importData()', 'POST', 1, 'admin', NULL, '/selfcom/user/importData', '127.0.0.1', '内网IP', 'false true', 'null', 1, '很抱歉，导入失败！共 2 条数据格式不正确，错误如下：<br/>1、账号 13090901222 已存在<br/>2、账号 13012314123 导入失败：新增用户\'13012314123\'失败，邮箱账号已存在', '2022-11-03 00:10:34');
INSERT INTO `sys_oper_log` (`oper_id`, `title`, `business_type`, `method`, `request_method`, `operator_type`, `oper_name`, `dept_name`, `oper_url`, `oper_ip`, `oper_location`, `oper_param`, `json_result`, `status`, `error_msg`, `oper_time`) VALUES (119, '菜单管理', 1, 'vip.penint.ques.project.system.controller.SysMenuController.add()', 'POST', 1, 'admin', NULL, '/system/menu', '127.0.0.1', '内网IP', '{\"icon\":\"education\",\"orderNum\":\"10\",\"menuName\":\"题目管理\",\"path\":\"ques\",\"children\":[],\"isFrame\":\"1\",\"answerFlag\":0,\"visible\":\"0\",\"superFlag\":1,\"params\":{},\"createBy\":\"admin\",\"menuType\":\"M\",\"status\":\"0\"}', '{\"msg\":\"操作成功\",\"code\":200}', 0, NULL, '2022-11-03 01:03:46');
INSERT INTO `sys_oper_log` (`oper_id`, `title`, `business_type`, `method`, `request_method`, `operator_type`, `oper_name`, `dept_name`, `oper_url`, `oper_ip`, `oper_location`, `oper_param`, `json_result`, `status`, `error_msg`, `oper_time`) VALUES (120, '菜单管理', 1, 'vip.penint.ques.project.system.controller.SysMenuController.add()', 'POST', 1, 'admin', NULL, '/system/menu', '127.0.0.1', '内网IP', '{\"icon\":\"list\",\"orderNum\":\"1\",\"menuName\":\"题目列表\",\"path\":\"qu\",\"children\":[],\"isFrame\":\"1\",\"perms\":\"ques:qu:list\",\"answerFlag\":0,\"visible\":\"0\",\"superFlag\":1,\"params\":{},\"parentId\":2052,\"component\":\"/ques/qu\",\"createBy\":\"admin\",\"menuType\":\"C\",\"status\":\"0\"}', '{\"msg\":\"操作成功\",\"code\":200}', 0, NULL, '2022-11-03 01:04:33');
INSERT INTO `sys_oper_log` (`oper_id`, `title`, `business_type`, `method`, `request_method`, `operator_type`, `oper_name`, `dept_name`, `oper_url`, `oper_ip`, `oper_location`, `oper_param`, `json_result`, `status`, `error_msg`, `oper_time`) VALUES (121, '菜单管理', 2, 'vip.penint.ques.project.system.controller.SysMenuController.edit()', 'PUT', 1, 'admin', NULL, '/system/menu', '127.0.0.1', '内网IP', '{\"icon\":\"list\",\"orderNum\":\"1\",\"menuName\":\"题目列表\",\"path\":\"qu\",\"children\":[],\"updateBy\":\"admin\",\"isFrame\":\"1\",\"menuId\":2053,\"perms\":\"ques:qu:list\",\"answerFlag\":0,\"visible\":\"0\",\"superFlag\":1,\"params\":{},\"parentId\":2052,\"component\":\"ques/qu\",\"createTime\":1667408673000,\"menuType\":\"C\",\"status\":\"0\"}', '{\"msg\":\"操作成功\",\"code\":200}', 0, NULL, '2022-11-03 01:05:19');
INSERT INTO `sys_oper_log` (`oper_id`, `title`, `business_type`, `method`, `request_method`, `operator_type`, `oper_name`, `dept_name`, `oper_url`, `oper_ip`, `oper_location`, `oper_param`, `json_result`, `status`, `error_msg`, `oper_time`) VALUES (122, '题目', 1, 'vip.penint.ques.project.ques.controller.QuController.add()', 'POST', 1, 'admin', NULL, '/qu', '127.0.0.1', '内网IP', '{\"answerList\":[{\"quId\":\"1550342870903418882\",\"id\":\"1550342872061046785\",\"content\":\"两类\"},{\"quId\":\"1550342870903418882\",\"id\":\"1550342872069435393\",\"content\":\"三类\"},{\"quId\":\"1550342870903418882\",\"id\":\"1550342872073629698\",\"content\":\"四类\"},{\"quId\":\"1550342870903418882\",\"id\":\"1550342872073629699\",\"content\":\"五类1\"}],\"quType\":1,\"createTime\":\"2022-11-03T00:21:26\",\"level\":1,\"id\":\"1550342870903418882\",\"content\":\"垃圾可以分为几类？\"}', '{\"msg\":\"操作成功\",\"code\":200}', 0, NULL, '2022-11-03 12:37:09');
INSERT INTO `sys_oper_log` (`oper_id`, `title`, `business_type`, `method`, `request_method`, `operator_type`, `oper_name`, `dept_name`, `oper_url`, `oper_ip`, `oper_location`, `oper_param`, `json_result`, `status`, `error_msg`, `oper_time`) VALUES (123, '题目', 1, 'vip.penint.ques.project.ques.controller.QuController.add()', 'POST', 1, 'admin', NULL, '/qu', '127.0.0.1', '内网IP', '{\"answerList\":[{\"quId\":\"1550342870903418882\",\"id\":\"1550342872061046785\",\"content\":\"两类1\"},{\"quId\":\"1550342870903418882\",\"id\":\"1550342872069435393\",\"content\":\"三类2\"},{\"quId\":\"1550342870903418882\",\"id\":\"1550342872073629698\",\"content\":\"四类3\"},{\"quId\":\"1550342870903418882\",\"id\":\"1550342872073629699\",\"content\":\"五类4\"}],\"quType\":1,\"createTime\":\"2022-11-03T00:21:26\",\"level\":1,\"id\":\"1550342870903418882\",\"content\":\"垃圾可以分为几类？\"}', '{\"msg\":\"操作成功\",\"code\":200}', 0, NULL, '2022-11-03 12:37:52');
INSERT INTO `sys_oper_log` (`oper_id`, `title`, `business_type`, `method`, `request_method`, `operator_type`, `oper_name`, `dept_name`, `oper_url`, `oper_ip`, `oper_location`, `oper_param`, `json_result`, `status`, `error_msg`, `oper_time`) VALUES (124, '题目', 1, 'vip.penint.ques.project.ques.controller.QuController.add()', 'POST', 1, 'admin', NULL, '/qu', '127.0.0.1', '内网IP', '{\"answerList\":[{\"quId\":\"1550342870903418882\",\"id\":\"1550342872061046785\",\"content\":\"两类\"},{\"quId\":\"1550342870903418882\",\"id\":\"1550342872069435393\",\"content\":\"三类\"},{\"quId\":\"1550342870903418882\",\"id\":\"1550342872073629698\",\"content\":\"四类\"},{\"quId\":\"1550342870903418882\",\"id\":\"1550342872073629699\",\"content\":\"五类\"}],\"quType\":1,\"createTime\":\"2022-11-03T00:21:26\",\"level\":1,\"id\":\"1550342870903418882\",\"content\":\"垃圾可以分为几类？\"}', '{\"msg\":\"操作成功\",\"code\":200}', 0, NULL, '2022-11-03 12:38:05');
INSERT INTO `sys_oper_log` (`oper_id`, `title`, `business_type`, `method`, `request_method`, `operator_type`, `oper_name`, `dept_name`, `oper_url`, `oper_ip`, `oper_location`, `oper_param`, `json_result`, `status`, `error_msg`, `oper_time`) VALUES (125, '题目', 1, 'vip.penint.ques.project.ques.controller.QuController.add()', 'POST', 1, 'admin', NULL, '/qu', '127.0.0.1', '内网IP', '{\"answerList\":[{\"content\":\"1\"},{\"content\":\"2\"}],\"quType\":1,\"level\":1,\"content\":\"测试1？\"}', 'null', 1, '\n### Error updating database.  Cause: java.sql.SQLException: Field \'id\' doesn\'t have a default value\n### The error may exist in vip/penint/ques/project/ques/mapper/IQuMapper.java (best guess)\n### The error may involve vip.penint.ques.project.ques.mapper.IQuMapper.insert-Inline\n### The error occurred while setting parameters\n### SQL: INSERT INTO t_qu  ( qu_type, level, content )  VALUES  ( ?, ?, ? )\n### Cause: java.sql.SQLException: Field \'id\' doesn\'t have a default value\n; Field \'id\' doesn\'t have a default value; nested exception is java.sql.SQLException: Field \'id\' doesn\'t have a default value', '2022-11-03 16:37:38');
INSERT INTO `sys_oper_log` (`oper_id`, `title`, `business_type`, `method`, `request_method`, `operator_type`, `oper_name`, `dept_name`, `oper_url`, `oper_ip`, `oper_location`, `oper_param`, `json_result`, `status`, `error_msg`, `oper_time`) VALUES (126, '题目', 1, 'vip.penint.ques.project.ques.controller.QuController.add()', 'POST', 1, 'admin', NULL, '/qu', '127.0.0.1', '内网IP', '{\"answerList\":[{\"content\":\"1\"},{\"content\":\"2\"}],\"quType\":1,\"level\":1,\"content\":\"测试1？\"}', 'null', 1, '\n### Error updating database.  Cause: java.sql.SQLException: Field \'id\' doesn\'t have a default value\n### The error may exist in vip/penint/ques/project/ques/mapper/IQuMapper.java (best guess)\n### The error may involve vip.penint.ques.project.ques.mapper.IQuMapper.insert-Inline\n### The error occurred while setting parameters\n### SQL: INSERT INTO t_qu  ( qu_type, level, content )  VALUES  ( ?, ?, ? )\n### Cause: java.sql.SQLException: Field \'id\' doesn\'t have a default value\n; Field \'id\' doesn\'t have a default value; nested exception is java.sql.SQLException: Field \'id\' doesn\'t have a default value', '2022-11-03 16:37:43');
INSERT INTO `sys_oper_log` (`oper_id`, `title`, `business_type`, `method`, `request_method`, `operator_type`, `oper_name`, `dept_name`, `oper_url`, `oper_ip`, `oper_location`, `oper_param`, `json_result`, `status`, `error_msg`, `oper_time`) VALUES (127, '题目', 1, 'vip.penint.ques.project.ques.controller.QuController.add()', 'POST', 1, 'admin', NULL, '/qu', '127.0.0.1', '内网IP', '{\"answerList\":[{\"content\":\"1\"},{\"content\":\"2\"}],\"quType\":1,\"level\":1,\"id\":\"1588088507946016769\",\"content\":\"测试1？\"}', '{\"msg\":\"操作成功\",\"code\":200}', 0, NULL, '2022-11-03 16:39:40');
INSERT INTO `sys_oper_log` (`oper_id`, `title`, `business_type`, `method`, `request_method`, `operator_type`, `oper_name`, `dept_name`, `oper_url`, `oper_ip`, `oper_location`, `oper_param`, `json_result`, `status`, `error_msg`, `oper_time`) VALUES (128, '菜单管理', 2, 'vip.penint.ques.project.system.controller.SysMenuController.edit()', 'PUT', 1, 'admin', NULL, '/system/menu', '127.0.0.1', '内网IP', '{\"icon\":\"education\",\"orderNum\":\"10\",\"menuName\":\"题目管理\",\"path\":\"ques\",\"children\":[],\"updateBy\":\"admin\",\"isFrame\":\"1\",\"menuId\":2052,\"perms\":\"\",\"answerFlag\":0,\"visible\":\"0\",\"superFlag\":0,\"params\":{},\"parentId\":0,\"createTime\":1667408626000,\"menuType\":\"M\",\"status\":\"0\"}', '{\"msg\":\"操作成功\",\"code\":200}', 0, NULL, '2022-11-03 16:45:59');
INSERT INTO `sys_oper_log` (`oper_id`, `title`, `business_type`, `method`, `request_method`, `operator_type`, `oper_name`, `dept_name`, `oper_url`, `oper_ip`, `oper_location`, `oper_param`, `json_result`, `status`, `error_msg`, `oper_time`) VALUES (129, '菜单管理', 2, 'vip.penint.ques.project.system.controller.SysMenuController.edit()', 'PUT', 1, 'admin', NULL, '/system/menu', '127.0.0.1', '内网IP', '{\"icon\":\"list\",\"orderNum\":\"1\",\"menuName\":\"题目列表\",\"path\":\"qu\",\"children\":[],\"updateBy\":\"admin\",\"isFrame\":\"1\",\"menuId\":2053,\"perms\":\"ques:qu:list\",\"answerFlag\":0,\"visible\":\"0\",\"superFlag\":0,\"params\":{},\"parentId\":2052,\"component\":\"ques/qu\",\"createTime\":1667408673000,\"menuType\":\"C\",\"status\":\"0\"}', '{\"msg\":\"操作成功\",\"code\":200}', 0, NULL, '2022-11-03 16:46:16');
INSERT INTO `sys_oper_log` (`oper_id`, `title`, `business_type`, `method`, `request_method`, `operator_type`, `oper_name`, `dept_name`, `oper_url`, `oper_ip`, `oper_location`, `oper_param`, `json_result`, `status`, `error_msg`, `oper_time`) VALUES (130, '权限模板', 2, 'vip.penint.ques.project.system.controller.SysTemplateController.edit()', 'PUT', 1, 'admin', NULL, '/system/template', '127.0.0.1', '内网IP', '{\"name\":\"测试\",\"remark\":\"123\",\"id\":\"1667039536771518903\",\"menuIds\":[2006,100,1001,1002,1003,1004,1005,1006,1007,2048,101,1008,1009,1010,1011,1012,103,1017,1018,1019,1020,2052,2053],\"params\":{}}', '{\"msg\":\"操作成功\",\"code\":200}', 0, NULL, '2022-11-03 16:46:33');
INSERT INTO `sys_oper_log` (`oper_id`, `title`, `business_type`, `method`, `request_method`, `operator_type`, `oper_name`, `dept_name`, `oper_url`, `oper_ip`, `oper_location`, `oper_param`, `json_result`, `status`, `error_msg`, `oper_time`) VALUES (131, '公司信息', 3, 'vip.penint.ques.project.system.controller.SysCompanyController.remove()', 'DELETE', 1, 'admin', NULL, '/system/company/1667039572748367575', '127.0.0.1', '内网IP', '{ids=1667039572748367575}', '{\"msg\":\"操作成功\",\"code\":200}', 0, NULL, '2022-11-03 16:46:50');
INSERT INTO `sys_oper_log` (`oper_id`, `title`, `business_type`, `method`, `request_method`, `operator_type`, `oper_name`, `dept_name`, `oper_url`, `oper_ip`, `oper_location`, `oper_param`, `json_result`, `status`, `error_msg`, `oper_time`) VALUES (132, '公司信息', 5, 'vip.penint.ques.project.system.controller.SysCompanyController.export()', 'GET', 1, 'admin', NULL, '/system/company/export', '127.0.0.1', '内网IP', '{}', '{\"msg\":\"f3f3ab7c-a4ef-425f-99ca-67f4d646ebd4_company.xlsx\",\"code\":200}', 0, NULL, '2022-11-03 16:47:34');
INSERT INTO `sys_oper_log` (`oper_id`, `title`, `business_type`, `method`, `request_method`, `operator_type`, `oper_name`, `dept_name`, `oper_url`, `oper_ip`, `oper_location`, `oper_param`, `json_result`, `status`, `error_msg`, `oper_time`) VALUES (133, '题目', 1, 'vip.penint.ques.project.ques.controller.QuController.add()', 'POST', 1, '13012349090', NULL, '/qu', '127.0.0.1', '内网IP', '{\"answerList\":[{\"content\":\"123\"},{\"content\":\"12342\"},{\"content\":\"1234\"},{\"content\":\"444\"}],\"quType\":2,\"level\":1,\"comId\":\"1667313936283198486\",\"id\":\"1588090888666546178\",\"content\":\"daks\"}', '{\"msg\":\"操作成功\",\"code\":200}', 0, NULL, '2022-11-03 16:49:08');
INSERT INTO `sys_oper_log` (`oper_id`, `title`, `business_type`, `method`, `request_method`, `operator_type`, `oper_name`, `dept_name`, `oper_url`, `oper_ip`, `oper_location`, `oper_param`, `json_result`, `status`, `error_msg`, `oper_time`) VALUES (134, '题目', 1, 'vip.penint.ques.project.ques.controller.QuController.add()', 'POST', 1, '13012349090', NULL, '/qu', '127.0.0.1', '内网IP', '{\"answerList\":[{\"quId\":\"1588090888666546178\",\"id\":\"1588090889497018369\",\"content\":\"1123\"},{\"quId\":\"1588090888666546178\",\"id\":\"1588090889505406977\",\"content\":\"12342\"},{\"quId\":\"1588090888666546178\",\"id\":\"1588090889505406978\",\"content\":\"1234\"},{\"quId\":\"1588090888666546178\",\"id\":\"1588090889509601281\",\"content\":\"444\"}],\"quType\":2,\"createTime\":\"2022-11-03T16:49:07\",\"level\":1,\"comId\":\"1667313936283198486\",\"id\":\"1588090888666546178\",\"content\":\"daks\"}', '{\"msg\":\"操作成功\",\"code\":200}', 0, NULL, '2022-11-05 22:12:36');
INSERT INTO `sys_oper_log` (`oper_id`, `title`, `business_type`, `method`, `request_method`, `operator_type`, `oper_name`, `dept_name`, `oper_url`, `oper_ip`, `oper_location`, `oper_param`, `json_result`, `status`, `error_msg`, `oper_time`) VALUES (135, '题目', 3, 'vip.penint.ques.project.ques.controller.QuController.remove()', 'DELETE', 1, '13012349090', NULL, '/qu/1588090888666546178', '127.0.0.1', '内网IP', '{ids=1588090888666546178}', '{\"msg\":\"操作成功\",\"code\":200}', 0, NULL, '2022-11-05 22:12:40');
INSERT INTO `sys_oper_log` (`oper_id`, `title`, `business_type`, `method`, `request_method`, `operator_type`, `oper_name`, `dept_name`, `oper_url`, `oper_ip`, `oper_location`, `oper_param`, `json_result`, `status`, `error_msg`, `oper_time`) VALUES (136, '题目', 1, 'vip.penint.ques.project.ques.controller.QuController.add()', 'POST', 1, '13012349090', NULL, '/qu', '127.0.0.1', '内网IP', '{\"answerList\":[{\"content\":\"123\"},{\"content\":\"213\"},{\"content\":\"123\"},{\"content\":\"23\"}],\"quType\":1,\"level\":1,\"comId\":\"1667313936283198486\",\"id\":\"1588897199314509826\",\"content\":\"2321312312\"}', '{\"msg\":\"操作成功\",\"code\":200}', 0, NULL, '2022-11-05 22:13:07');
INSERT INTO `sys_oper_log` (`oper_id`, `title`, `business_type`, `method`, `request_method`, `operator_type`, `oper_name`, `dept_name`, `oper_url`, `oper_ip`, `oper_location`, `oper_param`, `json_result`, `status`, `error_msg`, `oper_time`) VALUES (137, '菜单管理', 1, 'vip.penint.ques.project.system.controller.SysMenuController.add()', 'POST', 1, 'admin', NULL, '/system/menu', '127.0.0.1', '内网IP', '{\"icon\":\"education\",\"orderNum\":\"11\",\"menuName\":\"问卷管理\",\"path\":\"/admin-ques\",\"children\":[],\"isFrame\":\"1\",\"answerFlag\":0,\"visible\":\"0\",\"superFlag\":0,\"params\":{},\"parentId\":0,\"createBy\":\"admin\",\"menuType\":\"M\",\"status\":\"0\"}', '{\"msg\":\"操作成功\",\"code\":200}', 0, NULL, '2022-11-05 22:33:29');
INSERT INTO `sys_oper_log` (`oper_id`, `title`, `business_type`, `method`, `request_method`, `operator_type`, `oper_name`, `dept_name`, `oper_url`, `oper_ip`, `oper_location`, `oper_param`, `json_result`, `status`, `error_msg`, `oper_time`) VALUES (138, '菜单管理', 1, 'vip.penint.ques.project.system.controller.SysMenuController.add()', 'POST', 1, 'admin', NULL, '/system/menu', '127.0.0.1', '内网IP', '{\"icon\":\"form\",\"orderNum\":\"1\",\"menuName\":\"题目管理\",\"path\":\"ques-admin\",\"children\":[],\"isFrame\":\"1\",\"answerFlag\":0,\"visible\":\"0\",\"superFlag\":1,\"params\":{},\"parentId\":2054,\"component\":\"ques/ques-admin\",\"createBy\":\"admin\",\"menuType\":\"C\",\"status\":\"0\"}', '{\"msg\":\"操作成功\",\"code\":200}', 0, NULL, '2022-11-05 22:34:19');
INSERT INTO `sys_oper_log` (`oper_id`, `title`, `business_type`, `method`, `request_method`, `operator_type`, `oper_name`, `dept_name`, `oper_url`, `oper_ip`, `oper_location`, `oper_param`, `json_result`, `status`, `error_msg`, `oper_time`) VALUES (139, '菜单管理', 2, 'vip.penint.ques.project.system.controller.SysMenuController.edit()', 'PUT', 1, 'admin', NULL, '/system/menu', '127.0.0.1', '内网IP', '{\"icon\":\"education\",\"orderNum\":\"11\",\"menuName\":\"问卷管理\",\"path\":\"/admin-ques\",\"children\":[],\"updateBy\":\"admin\",\"isFrame\":\"1\",\"menuId\":2054,\"perms\":\"\",\"answerFlag\":0,\"visible\":\"0\",\"superFlag\":1,\"params\":{},\"parentId\":0,\"createTime\":1667658809000,\"menuType\":\"M\",\"status\":\"0\"}', '{\"msg\":\"操作成功\",\"code\":200}', 0, NULL, '2022-11-05 22:34:30');
INSERT INTO `sys_oper_log` (`oper_id`, `title`, `business_type`, `method`, `request_method`, `operator_type`, `oper_name`, `dept_name`, `oper_url`, `oper_ip`, `oper_location`, `oper_param`, `json_result`, `status`, `error_msg`, `oper_time`) VALUES (140, '菜单管理', 2, 'vip.penint.ques.project.system.controller.SysMenuController.edit()', 'PUT', 1, 'admin', NULL, '/system/menu', '127.0.0.1', '内网IP', '{\"icon\":\"form\",\"orderNum\":\"1\",\"menuName\":\"题目管理\",\"path\":\"ques-admin\",\"children\":[],\"updateBy\":\"admin\",\"isFrame\":\"1\",\"menuId\":2055,\"perms\":\"\",\"answerFlag\":0,\"visible\":\"0\",\"superFlag\":1,\"params\":{},\"parentId\":2054,\"component\":\"ques/qu-admin\",\"createTime\":1667658859000,\"menuType\":\"C\",\"status\":\"0\"}', '{\"msg\":\"操作成功\",\"code\":200}', 0, NULL, '2022-11-05 22:34:54');
INSERT INTO `sys_oper_log` (`oper_id`, `title`, `business_type`, `method`, `request_method`, `operator_type`, `oper_name`, `dept_name`, `oper_url`, `oper_ip`, `oper_location`, `oper_param`, `json_result`, `status`, `error_msg`, `oper_time`) VALUES (141, '菜单管理', 2, 'vip.penint.ques.project.system.controller.SysMenuController.edit()', 'PUT', 1, 'admin', NULL, '/system/menu', '127.0.0.1', '内网IP', '{\"icon\":\"form\",\"orderNum\":\"1\",\"menuName\":\"题目管理\",\"path\":\"ques-admin\",\"children\":[],\"updateBy\":\"admin\",\"isFrame\":\"1\",\"menuId\":2055,\"perms\":\"ques:qu:list\",\"answerFlag\":0,\"visible\":\"0\",\"superFlag\":1,\"params\":{},\"parentId\":2054,\"component\":\"ques/qu-admin\",\"createTime\":1667658859000,\"menuType\":\"C\",\"status\":\"0\"}', '{\"msg\":\"操作成功\",\"code\":200}', 0, NULL, '2022-11-05 22:35:04');
INSERT INTO `sys_oper_log` (`oper_id`, `title`, `business_type`, `method`, `request_method`, `operator_type`, `oper_name`, `dept_name`, `oper_url`, `oper_ip`, `oper_location`, `oper_param`, `json_result`, `status`, `error_msg`, `oper_time`) VALUES (142, '菜单管理', 1, 'vip.penint.ques.project.system.controller.SysMenuController.add()', 'POST', 1, 'admin', NULL, '/system/menu', '127.0.0.1', '内网IP', '{\"icon\":\"edit\",\"orderNum\":\"2\",\"menuName\":\"问卷列表\",\"path\":\"exam\",\"children\":[],\"isFrame\":\"1\",\"answerFlag\":0,\"visible\":\"0\",\"superFlag\":0,\"params\":{},\"parentId\":2052,\"component\":\"ques/exam\",\"createBy\":\"admin\",\"menuType\":\"C\",\"status\":\"0\"}', '{\"msg\":\"操作成功\",\"code\":200}', 0, NULL, '2022-11-06 15:40:54');
INSERT INTO `sys_oper_log` (`oper_id`, `title`, `business_type`, `method`, `request_method`, `operator_type`, `oper_name`, `dept_name`, `oper_url`, `oper_ip`, `oper_location`, `oper_param`, `json_result`, `status`, `error_msg`, `oper_time`) VALUES (143, '菜单管理', 2, 'vip.penint.ques.project.system.controller.SysMenuController.edit()', 'PUT', 1, 'admin', NULL, '/system/menu', '127.0.0.1', '内网IP', '{\"icon\":\"education\",\"orderNum\":\"10\",\"menuName\":\"问卷管理\",\"path\":\"ques\",\"children\":[],\"isFrame\":\"1\",\"menuId\":2052,\"perms\":\"\",\"answerFlag\":0,\"visible\":\"0\",\"superFlag\":0,\"params\":{},\"parentId\":0,\"createTime\":1667408626000,\"menuType\":\"M\",\"status\":\"0\"}', '{\"msg\":\"修改菜单\'问卷管理\'失败，菜单名称已存在\",\"code\":500}', 0, NULL, '2022-11-06 15:41:08');
INSERT INTO `sys_oper_log` (`oper_id`, `title`, `business_type`, `method`, `request_method`, `operator_type`, `oper_name`, `dept_name`, `oper_url`, `oper_ip`, `oper_location`, `oper_param`, `json_result`, `status`, `error_msg`, `oper_time`) VALUES (144, '菜单管理', 2, 'vip.penint.ques.project.system.controller.SysMenuController.edit()', 'PUT', 1, 'admin', NULL, '/system/menu', '127.0.0.1', '内网IP', '{\"icon\":\"education\",\"orderNum\":\"10\",\"menuName\":\"问卷\",\"path\":\"ques\",\"children\":[],\"updateBy\":\"admin\",\"isFrame\":\"1\",\"menuId\":2052,\"perms\":\"\",\"answerFlag\":0,\"visible\":\"0\",\"superFlag\":0,\"params\":{},\"parentId\":0,\"createTime\":1667408626000,\"menuType\":\"M\",\"status\":\"0\"}', '{\"msg\":\"操作成功\",\"code\":200}', 0, NULL, '2022-11-06 15:41:19');
INSERT INTO `sys_oper_log` (`oper_id`, `title`, `business_type`, `method`, `request_method`, `operator_type`, `oper_name`, `dept_name`, `oper_url`, `oper_ip`, `oper_location`, `oper_param`, `json_result`, `status`, `error_msg`, `oper_time`) VALUES (145, '权限模板', 2, 'vip.penint.ques.project.system.controller.SysTemplateController.edit()', 'PUT', 1, 'admin', NULL, '/system/template', '127.0.0.1', '内网IP', '{\"name\":\"测试\",\"remark\":\"123\",\"id\":\"1667039536771518903\",\"menuIds\":[2006,100,1001,1002,1003,1004,1005,1006,1007,2048,101,1008,1009,1010,1011,1012,103,1017,1018,1019,1020,2052,2053,2056],\"params\":{}}', '{\"msg\":\"操作成功\",\"code\":200}', 0, NULL, '2022-11-06 15:41:51');
INSERT INTO `sys_oper_log` (`oper_id`, `title`, `business_type`, `method`, `request_method`, `operator_type`, `oper_name`, `dept_name`, `oper_url`, `oper_ip`, `oper_location`, `oper_param`, `json_result`, `status`, `error_msg`, `oper_time`) VALUES (146, '题目', 1, 'vip.penint.ques.project.ques.controller.QuController.add()', 'POST', 1, '13012349090', NULL, '/qu', '127.0.0.1', '内网IP', '{\"answerList\":[{\"content\":\"吃饭\"},{\"content\":\"打游戏\"},{\"content\":\"谈恋爱\"},{\"content\":\"买衣服\"}],\"quType\":2,\"comId\":\"1667313936283198486\",\"id\":\"1589576599081172994\",\"content\":\"您的月消费多用在哪些方面\"}', '{\"msg\":\"操作成功\",\"code\":200}', 0, NULL, '2022-11-07 19:12:49');
INSERT INTO `sys_oper_log` (`oper_id`, `title`, `business_type`, `method`, `request_method`, `operator_type`, `oper_name`, `dept_name`, `oper_url`, `oper_ip`, `oper_location`, `oper_param`, `json_result`, `status`, `error_msg`, `oper_time`) VALUES (147, '题目', 1, 'vip.penint.ques.project.ques.controller.QuController.add()', 'POST', 1, '13012349090', NULL, '/qu', '127.0.0.1', '内网IP', '{\"answerList\":[{\"content\":\"正确\"},{\"content\":\"错误\"}],\"quType\":3,\"comId\":\"1667313936283198486\",\"id\":\"1589584331251236866\",\"content\":\"123\"}', '{\"msg\":\"操作成功\",\"code\":200}', 0, NULL, '2022-11-07 19:43:32');
INSERT INTO `sys_oper_log` (`oper_id`, `title`, `business_type`, `method`, `request_method`, `operator_type`, `oper_name`, `dept_name`, `oper_url`, `oper_ip`, `oper_location`, `oper_param`, `json_result`, `status`, `error_msg`, `oper_time`) VALUES (148, '菜单管理', 2, 'vip.penint.ques.project.system.controller.SysMenuController.edit()', 'PUT', 1, 'admin', NULL, '/system/menu', '127.0.0.1', '内网IP', '{\"icon\":\"user\",\"orderNum\":\"9\",\"menuName\":\"答者管理\",\"path\":\"answer\",\"children\":[],\"updateBy\":\"admin\",\"isFrame\":\"1\",\"menuId\":2043,\"perms\":\"\",\"answerFlag\":0,\"visible\":\"0\",\"superFlag\":1,\"params\":{},\"parentId\":0,\"createTime\":1667365328000,\"menuType\":\"M\",\"status\":\"0\"}', '{\"msg\":\"操作成功\",\"code\":200}', 0, NULL, '2022-11-09 21:02:16');
INSERT INTO `sys_oper_log` (`oper_id`, `title`, `business_type`, `method`, `request_method`, `operator_type`, `oper_name`, `dept_name`, `oper_url`, `oper_ip`, `oper_location`, `oper_param`, `json_result`, `status`, `error_msg`, `oper_time`) VALUES (149, '菜单管理', 2, 'vip.penint.ques.project.system.controller.SysMenuController.edit()', 'PUT', 1, 'admin', NULL, '/system/menu', '127.0.0.1', '内网IP', '{\"icon\":\"user\",\"orderNum\":\"1\",\"menuName\":\"答者列表\",\"path\":\"user\",\"children\":[],\"updateBy\":\"admin\",\"isFrame\":\"1\",\"menuId\":2044,\"perms\":\"answer:user:list\",\"answerFlag\":0,\"visible\":\"0\",\"superFlag\":1,\"params\":{},\"parentId\":2043,\"component\":\"answer/user\",\"createTime\":1667365462000,\"menuType\":\"C\",\"status\":\"0\"}', '{\"msg\":\"操作成功\",\"code\":200}', 0, NULL, '2022-11-09 21:02:21');
INSERT INTO `sys_oper_log` (`oper_id`, `title`, `business_type`, `method`, `request_method`, `operator_type`, `oper_name`, `dept_name`, `oper_url`, `oper_ip`, `oper_location`, `oper_param`, `json_result`, `status`, `error_msg`, `oper_time`) VALUES (150, '菜单管理', 1, 'vip.penint.ques.project.system.controller.SysMenuController.add()', 'POST', 1, 'admin', NULL, '/system/menu', '127.0.0.1', '内网IP', '{\"icon\":\"input\",\"orderNum\":\"12\",\"menuName\":\"我的问卷\",\"path\":\"my\",\"children\":[],\"isFrame\":\"1\",\"visible\":\"0\",\"superFlag\":0,\"params\":{},\"parentId\":0,\"createBy\":\"admin\",\"menuType\":\"M\",\"status\":\"0\"}', '{\"msg\":\"操作成功\",\"code\":200}', 0, NULL, '2022-11-09 21:02:56');
INSERT INTO `sys_oper_log` (`oper_id`, `title`, `business_type`, `method`, `request_method`, `operator_type`, `oper_name`, `dept_name`, `oper_url`, `oper_ip`, `oper_location`, `oper_param`, `json_result`, `status`, `error_msg`, `oper_time`) VALUES (151, '菜单管理', 2, 'vip.penint.ques.project.system.controller.SysMenuController.edit()', 'PUT', 1, 'admin', NULL, '/system/menu', '127.0.0.1', '内网IP', '{\"icon\":\"input\",\"orderNum\":\"12\",\"menuName\":\"我的问卷\",\"path\":\"my\",\"children\":[],\"updateBy\":\"admin\",\"isFrame\":\"1\",\"menuId\":2057,\"perms\":\"\",\"answerFlag\":1,\"visible\":\"0\",\"superFlag\":0,\"params\":{},\"parentId\":0,\"createTime\":1667998976000,\"menuType\":\"M\",\"status\":\"0\"}', '{\"msg\":\"操作成功\",\"code\":200}', 0, NULL, '2022-11-09 21:03:01');
INSERT INTO `sys_oper_log` (`oper_id`, `title`, `business_type`, `method`, `request_method`, `operator_type`, `oper_name`, `dept_name`, `oper_url`, `oper_ip`, `oper_location`, `oper_param`, `json_result`, `status`, `error_msg`, `oper_time`) VALUES (152, '菜单管理', 1, 'vip.penint.ques.project.system.controller.SysMenuController.add()', 'POST', 1, 'admin', NULL, '/system/menu', '127.0.0.1', '内网IP', '{\"icon\":\"education\",\"orderNum\":\"1\",\"menuName\":\"问卷列表\",\"path\":\"ques-list\",\"children\":[],\"isFrame\":\"1\",\"answerFlag\":1,\"visible\":\"0\",\"superFlag\":0,\"params\":{},\"parentId\":2057,\"createBy\":\"admin\",\"menuType\":\"M\",\"status\":\"0\"}', '{\"msg\":\"操作成功\",\"code\":200}', 0, NULL, '2022-11-09 21:03:28');
INSERT INTO `sys_oper_log` (`oper_id`, `title`, `business_type`, `method`, `request_method`, `operator_type`, `oper_name`, `dept_name`, `oper_url`, `oper_ip`, `oper_location`, `oper_param`, `json_result`, `status`, `error_msg`, `oper_time`) VALUES (153, '菜单管理', 2, 'vip.penint.ques.project.system.controller.SysMenuController.edit()', 'PUT', 1, 'admin', NULL, '/system/menu', '127.0.0.1', '内网IP', '{\"icon\":\"education\",\"orderNum\":\"1\",\"menuName\":\"问卷列表\",\"path\":\"ques-list\",\"children\":[],\"updateBy\":\"admin\",\"isFrame\":\"1\",\"menuId\":2058,\"perms\":\"\",\"answerFlag\":1,\"visible\":\"0\",\"superFlag\":0,\"params\":{},\"parentId\":2057,\"component\":\"my/ques-list\",\"createTime\":1667999008000,\"menuType\":\"C\",\"status\":\"0\"}', '{\"msg\":\"操作成功\",\"code\":200}', 0, NULL, '2022-11-09 21:03:51');
INSERT INTO `sys_oper_log` (`oper_id`, `title`, `business_type`, `method`, `request_method`, `operator_type`, `oper_name`, `dept_name`, `oper_url`, `oper_ip`, `oper_location`, `oper_param`, `json_result`, `status`, `error_msg`, `oper_time`) VALUES (154, '公司信息', 2, 'vip.penint.ques.project.system.controller.SysCompanyController.edit()', 'PUT', 1, 'admin', NULL, '/system/company', '127.0.0.1', '内网IP', '{\"address\":\"1232313213\",\"activeTime\":1669219200000,\"companyName\":\"测试1\",\"params\":{},\"regionCodes\":\"110000,110100,110101\",\"createTime\":1668048785000,\"phone\":\"13012341234\",\"id\":\"1668048784975647991\",\"tempId\":\"1667039536771518903\",\"comCode\":30854,\"email\":\"admi1@qq.com\",\"activeFlag\":1}', '{\"msg\":\"操作成功\",\"code\":200}', 0, NULL, '2022-11-10 10:55:37');
INSERT INTO `sys_oper_log` (`oper_id`, `title`, `business_type`, `method`, `request_method`, `operator_type`, `oper_name`, `dept_name`, `oper_url`, `oper_ip`, `oper_location`, `oper_param`, `json_result`, `status`, `error_msg`, `oper_time`) VALUES (155, '菜单管理', 1, 'vip.penint.ques.project.system.controller.SysMenuController.add()', 'POST', 1, 'admin', NULL, '/system/menu', '127.0.0.1', '内网IP', '{\"icon\":\"message\",\"orderNum\":\"2\",\"menuName\":\"我的回答\",\"path\":\"myAnswer\",\"children\":[],\"isFrame\":\"1\",\"visible\":\"0\",\"superFlag\":0,\"params\":{},\"parentId\":2057,\"createBy\":\"admin\",\"menuType\":\"C\",\"status\":\"0\"}', '{\"msg\":\"操作成功\",\"code\":200}', 0, NULL, '2022-11-10 11:49:37');
INSERT INTO `sys_oper_log` (`oper_id`, `title`, `business_type`, `method`, `request_method`, `operator_type`, `oper_name`, `dept_name`, `oper_url`, `oper_ip`, `oper_location`, `oper_param`, `json_result`, `status`, `error_msg`, `oper_time`) VALUES (156, '菜单管理', 2, 'vip.penint.ques.project.system.controller.SysMenuController.edit()', 'PUT', 1, 'admin', NULL, '/system/menu', '127.0.0.1', '内网IP', '{\"icon\":\"message\",\"orderNum\":\"2\",\"menuName\":\"我的回答\",\"path\":\"myAnswer\",\"children\":[],\"updateBy\":\"admin\",\"isFrame\":\"1\",\"menuId\":2059,\"perms\":\"\",\"answerFlag\":0,\"visible\":\"0\",\"superFlag\":0,\"params\":{},\"parentId\":2057,\"component\":\"my/answer\",\"createTime\":1668052177000,\"menuType\":\"C\",\"status\":\"0\"}', '{\"msg\":\"操作成功\",\"code\":200}', 0, NULL, '2022-11-10 11:49:52');
INSERT INTO `sys_oper_log` (`oper_id`, `title`, `business_type`, `method`, `request_method`, `operator_type`, `oper_name`, `dept_name`, `oper_url`, `oper_ip`, `oper_location`, `oper_param`, `json_result`, `status`, `error_msg`, `oper_time`) VALUES (157, '菜单管理', 2, 'vip.penint.ques.project.system.controller.SysMenuController.edit()', 'PUT', 1, 'admin', NULL, '/system/menu', '127.0.0.1', '内网IP', '{\"icon\":\"message\",\"orderNum\":\"2\",\"menuName\":\"我的回答\",\"path\":\"myAnswer\",\"children\":[],\"updateBy\":\"admin\",\"isFrame\":\"1\",\"menuId\":2059,\"perms\":\"\",\"answerFlag\":1,\"visible\":\"0\",\"superFlag\":0,\"params\":{},\"parentId\":2057,\"component\":\"my/answer\",\"createTime\":1668052177000,\"menuType\":\"C\",\"status\":\"0\"}', '{\"msg\":\"操作成功\",\"code\":200}', 0, NULL, '2022-11-10 11:50:25');
INSERT INTO `sys_oper_log` (`oper_id`, `title`, `business_type`, `method`, `request_method`, `operator_type`, `oper_name`, `dept_name`, `oper_url`, `oper_ip`, `oper_location`, `oper_param`, `json_result`, `status`, `error_msg`, `oper_time`) VALUES (158, '角色管理', 1, 'vip.penint.ques.project.system.controller.SelfcomRoleController.add()', 'POST', 1, '13012349090', NULL, '/selfcom/role', '127.0.0.1', '内网IP', '{\"flag\":false,\"roleId\":3,\"admin\":false,\"remark\":\"测试\",\"params\":{},\"roleSort\":\"1\",\"createBy\":\"13012349090\",\"roleKey\":\"1668061833827402633\",\"roleName\":\"测试\",\"comId\":\"1667313936283198486\",\"deptIds\":[],\"menuIds\":[2052,2053,2056],\"status\":\"0\"}', '{\"msg\":\"操作成功\",\"code\":200}', 0, NULL, '2022-11-10 14:30:34');
INSERT INTO `sys_oper_log` (`oper_id`, `title`, `business_type`, `method`, `request_method`, `operator_type`, `oper_name`, `dept_name`, `oper_url`, `oper_ip`, `oper_location`, `oper_param`, `json_result`, `status`, `error_msg`, `oper_time`) VALUES (159, '用户管理', 1, 'vip.penint.ques.project.system.controller.SelfcomUserController.add()', 'POST', 1, '13012349090', NULL, '/selfcom/user', '127.0.0.1', '内网IP', '{\"phonenumber\":\"13111111111\",\"admin\":false,\"password\":\"$2a$10$BfJC7KlKMudTmVIOnJTIL.71jovBzgf./iipt13smwZoWq4eXj/n.\",\"postIds\":[],\"comId\":\"1667313936283198486\",\"adminFlag\":0,\"nickName\":\"123123\",\"params\":{},\"userName\":\"13111111111\",\"userId\":138,\"createBy\":\"13012349090\",\"roleIds\":[3],\"stop\":false,\"status\":\"0\"}', '{\"msg\":\"操作成功\",\"code\":200}', 0, NULL, '2022-11-10 14:30:52');
INSERT INTO `sys_oper_log` (`oper_id`, `title`, `business_type`, `method`, `request_method`, `operator_type`, `oper_name`, `dept_name`, `oper_url`, `oper_ip`, `oper_location`, `oper_param`, `json_result`, `status`, `error_msg`, `oper_time`) VALUES (160, '角色管理', 2, 'vip.penint.ques.project.system.controller.SelfcomRoleController.edit()', 'PUT', 1, '13012349090', NULL, '/selfcom/role', '127.0.0.1', '内网IP', '{\"flag\":false,\"roleId\":3,\"admin\":false,\"remark\":\"测试\",\"dataScope\":\"1\",\"delFlag\":\"0\",\"params\":{},\"roleSort\":\"1\",\"createTime\":1668061833000,\"updateBy\":\"13012349090\",\"roleKey\":\"1668061833827402633\",\"roleName\":\"测试\",\"comId\":\"1667313936283198486\",\"menuIds\":[2006,100,1001,1002,1003,1004,1005,1006,1007,2048,101,1008,1009,1010,1011,1012,103,1017,1018,1019,1020,2052,2053,2056],\"status\":\"0\"}', '{\"msg\":\"操作成功\",\"code\":200}', 0, NULL, '2022-11-10 16:23:40');
INSERT INTO `sys_oper_log` (`oper_id`, `title`, `business_type`, `method`, `request_method`, `operator_type`, `oper_name`, `dept_name`, `oper_url`, `oper_ip`, `oper_location`, `oper_param`, `json_result`, `status`, `error_msg`, `oper_time`) VALUES (161, '角色管理', 2, 'vip.penint.ques.project.system.controller.SelfcomRoleController.edit()', 'PUT', 1, '13012349090', NULL, '/selfcom/role', '127.0.0.1', '内网IP', '{\"flag\":false,\"roleId\":3,\"admin\":false,\"remark\":\"测试\",\"dataScope\":\"1\",\"delFlag\":\"0\",\"params\":{},\"roleSort\":\"1\",\"createTime\":1668061833000,\"updateBy\":\"13012349090\",\"roleKey\":\"1668061833827402633\",\"roleName\":\"测试\",\"comId\":\"1667313936283198486\",\"menuIds\":[2052,2053,2056],\"status\":\"0\"}', '{\"msg\":\"操作成功\",\"code\":200}', 0, NULL, '2022-11-10 16:23:43');
INSERT INTO `sys_oper_log` (`oper_id`, `title`, `business_type`, `method`, `request_method`, `operator_type`, `oper_name`, `dept_name`, `oper_url`, `oper_ip`, `oper_location`, `oper_param`, `json_result`, `status`, `error_msg`, `oper_time`) VALUES (162, '公司信息', 2, 'vip.penint.ques.project.system.controller.SysCompanyController.edit()', 'PUT', 1, 'admin', NULL, '/system/company', '127.0.0.1', '内网IP', '{\"address\":\"ces\",\"activeTime\":1669219200000,\"companyName\":\"admin\",\"params\":{},\"regionCodes\":\"110000,110100,110102\",\"createTime\":1667314063000,\"phone\":\"13090901232\",\"id\":\"1667314063302370368\",\"tempId\":\"1667039536771518903\",\"comCode\":61181,\"email\":\"admin1@qq.com\",\"activeFlag\":1}', '{\"msg\":\"操作成功\",\"code\":200}', 0, NULL, '2022-11-10 19:42:00');
INSERT INTO `sys_oper_log` (`oper_id`, `title`, `business_type`, `method`, `request_method`, `operator_type`, `oper_name`, `dept_name`, `oper_url`, `oper_ip`, `oper_location`, `oper_param`, `json_result`, `status`, `error_msg`, `oper_time`) VALUES (163, '公司信息', 2, 'vip.penint.ques.project.system.controller.SysCompanyController.edit()', 'PUT', 1, 'admin', NULL, '/system/company', '127.0.0.1', '内网IP', '{\"address\":\"测试地址\",\"activeTime\":1669737600000,\"companyName\":\"北京xxxxx科技\",\"params\":{},\"regionCodes\":\"110000,110100,110102\",\"createTime\":1668080500000,\"phone\":\"13090123231\",\"id\":\"1668080500294678476\",\"tempId\":\"1667039536771518903\",\"comCode\":18854,\"email\":\"ad@q.com\",\"activeFlag\":1}', '{\"msg\":\"操作成功\",\"code\":200}', 0, NULL, '2022-11-10 19:42:08');
INSERT INTO `sys_oper_log` (`oper_id`, `title`, `business_type`, `method`, `request_method`, `operator_type`, `oper_name`, `dept_name`, `oper_url`, `oper_ip`, `oper_location`, `oper_param`, `json_result`, `status`, `error_msg`, `oper_time`) VALUES (164, '公司信息', 1, 'vip.penint.ques.project.system.controller.SysCompanyController.add()', 'POST', 1, 'admin', NULL, '/system/company', '127.0.0.1', '内网IP', '{\"address\":\"飒飒\",\"activeTime\":1669219200000,\"companyName\":\"北京xxxxxxxxx科技有限责任公司\",\"params\":{},\"regionCodes\":\"110000,110100,110105\",\"createTime\":1668080714585,\"phone\":\"13090900000\",\"id\":\"1668080714539802111\",\"tempId\":\"1667039536771518903\",\"comCode\":56698,\"email\":\"123@qq.com\",\"activeFlag\":1}', '{\"msg\":\"操作成功\",\"code\":200}', 0, NULL, '2022-11-10 19:45:15');
INSERT INTO `sys_oper_log` (`oper_id`, `title`, `business_type`, `method`, `request_method`, `operator_type`, `oper_name`, `dept_name`, `oper_url`, `oper_ip`, `oper_location`, `oper_param`, `json_result`, `status`, `error_msg`, `oper_time`) VALUES (165, '公司信息', 1, 'vip.penint.ques.project.system.controller.SysCompanyController.add()', 'POST', 1, 'admin', NULL, '/system/company', '127.0.0.1', '内网IP', '{\"address\":\"测试地址\",\"activeTime\":1669737600000,\"companyName\":\"北京xxxxxxxx\",\"params\":{},\"regionCodes\":\"110000,110100,110101\",\"createTime\":1668082359607,\"phone\":\"13099812311\",\"id\":\"1668082359561217371\",\"tempId\":\"1667039536771518903\",\"comCode\":79442,\"email\":\"123@qqc.com\",\"activeFlag\":1}', '{\"msg\":\"操作成功\",\"code\":200}', 0, NULL, '2022-11-10 20:12:40');
INSERT INTO `sys_oper_log` (`oper_id`, `title`, `business_type`, `method`, `request_method`, `operator_type`, `oper_name`, `dept_name`, `oper_url`, `oper_ip`, `oper_location`, `oper_param`, `json_result`, `status`, `error_msg`, `oper_time`) VALUES (166, '公司信息', 1, 'vip.penint.ques.project.system.controller.SysCompanyController.add()', 'POST', 1, 'admin', NULL, '/system/company', '127.0.0.1', '内网IP', '{\"address\":\"测试\",\"activeTime\":1669737600000,\"companyName\":\"天津xx科技有限公司\",\"params\":{},\"regionCodes\":\"120000,120100,120101\",\"createTime\":1668082392970,\"phone\":\"13987651234\",\"id\":\"1668082392922708730\",\"tempId\":\"1667039536771518903\",\"comCode\":98819,\"email\":\"1234559@qq.com\",\"activeFlag\":1}', '{\"msg\":\"操作成功\",\"code\":200}', 0, NULL, '2022-11-10 20:13:13');
INSERT INTO `sys_oper_log` (`oper_id`, `title`, `business_type`, `method`, `request_method`, `operator_type`, `oper_name`, `dept_name`, `oper_url`, `oper_ip`, `oper_location`, `oper_param`, `json_result`, `status`, `error_msg`, `oper_time`) VALUES (167, '公司信息', 1, 'vip.penint.ques.project.system.controller.SysCompanyController.add()', 'POST', 1, 'admin', NULL, '/system/company', '127.0.0.1', '内网IP', '{\"address\":\"测试\",\"activeTime\":1669219200000,\"companyName\":\"河北xx科技有限责任公司\",\"params\":{},\"regionCodes\":\"130000,130200,130202\",\"createTime\":1668082435169,\"phone\":\"13612341234\",\"id\":\"1668082435122923295\",\"tempId\":\"1667039536771518903\",\"comCode\":95844,\"email\":\"12342gj@qq.com\",\"activeFlag\":1}', '{\"msg\":\"操作成功\",\"code\":200}', 0, NULL, '2022-11-10 20:13:55');
INSERT INTO `sys_oper_log` (`oper_id`, `title`, `business_type`, `method`, `request_method`, `operator_type`, `oper_name`, `dept_name`, `oper_url`, `oper_ip`, `oper_location`, `oper_param`, `json_result`, `status`, `error_msg`, `oper_time`) VALUES (168, '公司信息', 1, 'vip.penint.ques.project.system.controller.SysCompanyController.add()', 'POST', 1, 'admin', NULL, '/system/company', '127.0.0.1', '内网IP', '{\"address\":\"书法家\",\"activeTime\":1669824000000,\"companyName\":\"山西xx科技有限公司\",\"params\":{},\"regionCodes\":\"140000,140100,140101\",\"createTime\":1668082468448,\"phone\":\"13712341234\",\"id\":\"1668082468401314585\",\"tempId\":\"1667039536771518903\",\"comCode\":44902,\"email\":\"123957@qq.com\",\"activeFlag\":1}', '{\"msg\":\"操作成功\",\"code\":200}', 0, NULL, '2022-11-10 20:14:29');
INSERT INTO `sys_oper_log` (`oper_id`, `title`, `business_type`, `method`, `request_method`, `operator_type`, `oper_name`, `dept_name`, `oper_url`, `oper_ip`, `oper_location`, `oper_param`, `json_result`, `status`, `error_msg`, `oper_time`) VALUES (169, '公司信息', 1, 'vip.penint.ques.project.system.controller.SysCompanyController.add()', 'POST', 1, 'admin', NULL, '/system/company', '127.0.0.1', '内网IP', '{\"address\":\"测试\",\"activeTime\":1669564800000,\"companyName\":\"内蒙古xx资产管理\",\"params\":{},\"regionCodes\":\"150000,150100,150101\",\"createTime\":1668082505733,\"phone\":\"13090911234\",\"id\":\"1668082505687263277\",\"tempId\":\"1667039536771518903\",\"comCode\":46795,\"email\":\"12324fj@163.com\",\"activeFlag\":1}', '{\"msg\":\"操作成功\",\"code\":200}', 0, NULL, '2022-11-10 20:15:06');
INSERT INTO `sys_oper_log` (`oper_id`, `title`, `business_type`, `method`, `request_method`, `operator_type`, `oper_name`, `dept_name`, `oper_url`, `oper_ip`, `oper_location`, `oper_param`, `json_result`, `status`, `error_msg`, `oper_time`) VALUES (170, '公司信息', 2, 'vip.penint.ques.project.system.controller.SysCompanyController.edit()', 'PUT', 1, 'admin', NULL, '/system/company', '127.0.0.1', '内网IP', '{\"address\":\"飒飒\",\"activeTime\":1669219200000,\"companyName\":\"北京xxx科技有限责任公司\",\"params\":{},\"regionCodes\":\"110000,110100,110105\",\"createTime\":1668080715000,\"phone\":\"13090900000\",\"id\":\"1668080714539802111\",\"tempId\":\"1667039536771518903\",\"comCode\":56698,\"email\":\"123@qq.com\",\"activeFlag\":1}', '{\"msg\":\"操作成功\",\"code\":200}', 0, NULL, '2022-11-10 20:15:32');
INSERT INTO `sys_oper_log` (`oper_id`, `title`, `business_type`, `method`, `request_method`, `operator_type`, `oper_name`, `dept_name`, `oper_url`, `oper_ip`, `oper_location`, `oper_param`, `json_result`, `status`, `error_msg`, `oper_time`) VALUES (171, '题目', 1, 'vip.penint.ques.project.ques.controller.QuController.add()', 'POST', 1, 'admin', NULL, '/qu', '127.0.0.1', '内网IP', '{\"answerList\":[{\"content\":\"1\"},{\"content\":\"12\"},{\"content\":\"2\"},{\"content\":\"3\"}],\"quType\":2,\"id\":\"1591006011991265282\",\"content\":\"测试13\"}', '{\"msg\":\"操作成功\",\"code\":200}', 0, NULL, '2022-11-11 17:52:48');
INSERT INTO `sys_oper_log` (`oper_id`, `title`, `business_type`, `method`, `request_method`, `operator_type`, `oper_name`, `dept_name`, `oper_url`, `oper_ip`, `oper_location`, `oper_param`, `json_result`, `status`, `error_msg`, `oper_time`) VALUES (172, '题目', 1, 'vip.penint.ques.project.ques.controller.QuController.add()', 'POST', 1, 'admin', NULL, '/qu', '127.0.0.1', '内网IP', '{\"answerList\":[{\"content\":\"1\"},{\"content\":\"2\"},{\"content\":\"3\"},{\"content\":\"4\"}],\"quType\":1,\"id\":\"1591012842625093634\",\"content\":\"123\"}', '{\"msg\":\"操作成功\",\"code\":200}', 0, NULL, '2022-11-11 18:19:56');
INSERT INTO `sys_oper_log` (`oper_id`, `title`, `business_type`, `method`, `request_method`, `operator_type`, `oper_name`, `dept_name`, `oper_url`, `oper_ip`, `oper_location`, `oper_param`, `json_result`, `status`, `error_msg`, `oper_time`) VALUES (173, '题目', 1, 'vip.penint.ques.project.ques.controller.QuController.add()', 'POST', 1, 'admin', NULL, '/qu', '127.0.0.1', '内网IP', '{\"answerList\":[{\"content\":\"正确\"},{\"content\":\"错误\"}],\"quType\":3,\"id\":\"1591012984707141633\",\"content\":\"你是什么？\"}', '{\"msg\":\"操作成功\",\"code\":200}', 0, NULL, '2022-11-11 18:20:30');
INSERT INTO `sys_oper_log` (`oper_id`, `title`, `business_type`, `method`, `request_method`, `operator_type`, `oper_name`, `dept_name`, `oper_url`, `oper_ip`, `oper_location`, `oper_param`, `json_result`, `status`, `error_msg`, `oper_time`) VALUES (174, '题目', 1, 'vip.penint.ques.project.ques.controller.QuController.add()', 'POST', 1, 'admin', NULL, '/qu', '127.0.0.1', '内网IP', '{\"answerList\":[{\"quId\":\"1591012984707141633\",\"id\":\"1591012985629888514\",\"content\":\"正确\"},{\"quId\":\"1591012984707141633\",\"id\":\"1591012985638277121\",\"content\":\"错误\"}],\"quType\":3,\"createTime\":\"2022-11-11T18:20:29\",\"level\":1,\"id\":\"1591012984707141633\",\"content\":\"你是什么？1\"}', '{\"msg\":\"操作成功\",\"code\":200}', 0, NULL, '2022-11-11 18:20:40');
INSERT INTO `sys_oper_log` (`oper_id`, `title`, `business_type`, `method`, `request_method`, `operator_type`, `oper_name`, `dept_name`, `oper_url`, `oper_ip`, `oper_location`, `oper_param`, `json_result`, `status`, `error_msg`, `oper_time`) VALUES (175, '个人信息', 2, 'vip.penint.ques.project.system.controller.SysProfileController.updatePwd()', 'PUT', 1, 'admin', NULL, '/system/user/profile/updatePwd', '127.0.0.1', '内网IP', '123456 admin123', 'null', 1, '无权重置密码', '2022-11-11 19:04:26');
INSERT INTO `sys_oper_log` (`oper_id`, `title`, `business_type`, `method`, `request_method`, `operator_type`, `oper_name`, `dept_name`, `oper_url`, `oper_ip`, `oper_location`, `oper_param`, `json_result`, `status`, `error_msg`, `oper_time`) VALUES (176, '个人信息', 2, 'vip.penint.ques.project.system.controller.SysProfileController.updatePwd()', 'PUT', 1, 'admin', NULL, '/system/user/profile/updatePwd', '127.0.0.1', '内网IP', '123456 admin123', 'null', 1, '无权重置密码', '2022-11-11 19:06:03');
INSERT INTO `sys_oper_log` (`oper_id`, `title`, `business_type`, `method`, `request_method`, `operator_type`, `oper_name`, `dept_name`, `oper_url`, `oper_ip`, `oper_location`, `oper_param`, `json_result`, `status`, `error_msg`, `oper_time`) VALUES (177, '个人信息', 2, 'vip.penint.ques.project.system.controller.SysProfileController.updatePwd()', 'PUT', 1, 'admin', NULL, '/system/user/profile/updatePwd', '127.0.0.1', '内网IP', '123456 admin123', '{\"msg\":\"操作成功\",\"code\":200}', 0, NULL, '2022-11-11 19:07:58');
COMMIT;

-- ----------------------------
-- Table structure for sys_role
-- ----------------------------
DROP TABLE IF EXISTS `sys_role`;
CREATE TABLE `sys_role` (
  `role_id` bigint NOT NULL AUTO_INCREMENT COMMENT '角色ID',
  `role_name` varchar(30) NOT NULL COMMENT '角色名称',
  `role_key` varchar(100) NOT NULL COMMENT '角色权限字符串',
  `role_sort` int NOT NULL COMMENT '显示顺序',
  `data_scope` char(1) DEFAULT '1' COMMENT '数据范围（1：全部数据权限 2：自定数据权限 3：本部门数据权限 4：本部门及以下数据权限）',
  `status` char(1) NOT NULL COMMENT '角色状态（0正常 1停用）',
  `del_flag` char(1) DEFAULT '0' COMMENT '删除标志（0代表存在 2代表删除）',
  `create_by` varchar(64) DEFAULT '' COMMENT '创建者',
  `create_time` datetime DEFAULT NULL COMMENT '创建时间',
  `update_by` varchar(64) DEFAULT '' COMMENT '更新者',
  `update_time` datetime DEFAULT NULL COMMENT '更新时间',
  `remark` varchar(500) DEFAULT NULL COMMENT '备注',
  `com_id` varchar(20) NOT NULL COMMENT '公司ID',
  PRIMARY KEY (`role_id`) USING BTREE
) ENGINE=InnoDB AUTO_INCREMENT=4 DEFAULT CHARSET=utf8mb3 ROW_FORMAT=DYNAMIC COMMENT='角色信息表';

-- ----------------------------
-- Records of sys_role
-- ----------------------------
BEGIN;
INSERT INTO `sys_role` (`role_id`, `role_name`, `role_key`, `role_sort`, `data_scope`, `status`, `del_flag`, `create_by`, `create_time`, `update_by`, `update_time`, `remark`, `com_id`) VALUES (1, '系统管理员', 'admin', 1, '1', '0', '0', 'admin', '2022-10-30 14:05:50', 'admin', '2022-10-30 14:05:50', '系统管理员', '123456');
INSERT INTO `sys_role` (`role_id`, `role_name`, `role_key`, `role_sort`, `data_scope`, `status`, `del_flag`, `create_by`, `create_time`, `update_by`, `update_time`, `remark`, `com_id`) VALUES (2, '测试角色1', '1667219383438829664', 1, '1', '0', '0', '13090901234', '2022-10-31 20:29:43', '', NULL, NULL, '1667039572748367575');
INSERT INTO `sys_role` (`role_id`, `role_name`, `role_key`, `role_sort`, `data_scope`, `status`, `del_flag`, `create_by`, `create_time`, `update_by`, `update_time`, `remark`, `com_id`) VALUES (3, '测试', '1668061833827402633', 1, '1', '0', '0', '13012349090', '2022-11-10 14:30:33', '13012349090', '2022-11-10 16:23:43', '测试', '1667313936283198486');
COMMIT;

-- ----------------------------
-- Table structure for sys_role_dept
-- ----------------------------
DROP TABLE IF EXISTS `sys_role_dept`;
CREATE TABLE `sys_role_dept` (
  `role_id` bigint NOT NULL COMMENT '角色ID',
  `dept_id` bigint NOT NULL COMMENT '部门ID',
  PRIMARY KEY (`role_id`,`dept_id`) USING BTREE
) ENGINE=InnoDB DEFAULT CHARSET=utf8mb3 ROW_FORMAT=DYNAMIC COMMENT='角色和部门关联表';

-- ----------------------------
-- Records of sys_role_dept
-- ----------------------------
BEGIN;
COMMIT;

-- ----------------------------
-- Table structure for sys_role_menu
-- ----------------------------
DROP TABLE IF EXISTS `sys_role_menu`;
CREATE TABLE `sys_role_menu` (
  `role_id` bigint NOT NULL COMMENT '角色ID',
  `menu_id` bigint NOT NULL COMMENT '菜单ID',
  PRIMARY KEY (`role_id`,`menu_id`) USING BTREE
) ENGINE=InnoDB DEFAULT CHARSET=utf8mb3 ROW_FORMAT=DYNAMIC COMMENT='角色和菜单关联表';

-- ----------------------------
-- Records of sys_role_menu
-- ----------------------------
BEGIN;
INSERT INTO `sys_role_menu` (`role_id`, `menu_id`) VALUES (2, 100);
INSERT INTO `sys_role_menu` (`role_id`, `menu_id`) VALUES (2, 101);
INSERT INTO `sys_role_menu` (`role_id`, `menu_id`) VALUES (2, 103);
INSERT INTO `sys_role_menu` (`role_id`, `menu_id`) VALUES (2, 1001);
INSERT INTO `sys_role_menu` (`role_id`, `menu_id`) VALUES (2, 1002);
INSERT INTO `sys_role_menu` (`role_id`, `menu_id`) VALUES (2, 1003);
INSERT INTO `sys_role_menu` (`role_id`, `menu_id`) VALUES (2, 1004);
INSERT INTO `sys_role_menu` (`role_id`, `menu_id`) VALUES (2, 1005);
INSERT INTO `sys_role_menu` (`role_id`, `menu_id`) VALUES (2, 1006);
INSERT INTO `sys_role_menu` (`role_id`, `menu_id`) VALUES (2, 1007);
INSERT INTO `sys_role_menu` (`role_id`, `menu_id`) VALUES (2, 1008);
INSERT INTO `sys_role_menu` (`role_id`, `menu_id`) VALUES (2, 1009);
INSERT INTO `sys_role_menu` (`role_id`, `menu_id`) VALUES (2, 1010);
INSERT INTO `sys_role_menu` (`role_id`, `menu_id`) VALUES (2, 1011);
INSERT INTO `sys_role_menu` (`role_id`, `menu_id`) VALUES (2, 1012);
INSERT INTO `sys_role_menu` (`role_id`, `menu_id`) VALUES (2, 1017);
INSERT INTO `sys_role_menu` (`role_id`, `menu_id`) VALUES (2, 1018);
INSERT INTO `sys_role_menu` (`role_id`, `menu_id`) VALUES (2, 1019);
INSERT INTO `sys_role_menu` (`role_id`, `menu_id`) VALUES (2, 1020);
INSERT INTO `sys_role_menu` (`role_id`, `menu_id`) VALUES (2, 2006);
INSERT INTO `sys_role_menu` (`role_id`, `menu_id`) VALUES (3, 2052);
INSERT INTO `sys_role_menu` (`role_id`, `menu_id`) VALUES (3, 2053);
INSERT INTO `sys_role_menu` (`role_id`, `menu_id`) VALUES (3, 2056);
COMMIT;

-- ----------------------------
-- Table structure for sys_temp_menu
-- ----------------------------
DROP TABLE IF EXISTS `sys_temp_menu`;
CREATE TABLE `sys_temp_menu` (
  `temp_id` varchar(20) NOT NULL COMMENT '模板ID',
  `menu_id` int NOT NULL COMMENT '菜单ID'
) ENGINE=InnoDB DEFAULT CHARSET=utf8mb3 ROW_FORMAT=DYNAMIC COMMENT='系统模板菜单表';

-- ----------------------------
-- Records of sys_temp_menu
-- ----------------------------
BEGIN;
INSERT INTO `sys_temp_menu` (`temp_id`, `menu_id`) VALUES ('1667039536771518903', 2006);
INSERT INTO `sys_temp_menu` (`temp_id`, `menu_id`) VALUES ('1667039536771518903', 100);
INSERT INTO `sys_temp_menu` (`temp_id`, `menu_id`) VALUES ('1667039536771518903', 1001);
INSERT INTO `sys_temp_menu` (`temp_id`, `menu_id`) VALUES ('1667039536771518903', 1002);
INSERT INTO `sys_temp_menu` (`temp_id`, `menu_id`) VALUES ('1667039536771518903', 1003);
INSERT INTO `sys_temp_menu` (`temp_id`, `menu_id`) VALUES ('1667039536771518903', 1004);
INSERT INTO `sys_temp_menu` (`temp_id`, `menu_id`) VALUES ('1667039536771518903', 1005);
INSERT INTO `sys_temp_menu` (`temp_id`, `menu_id`) VALUES ('1667039536771518903', 1006);
INSERT INTO `sys_temp_menu` (`temp_id`, `menu_id`) VALUES ('1667039536771518903', 1007);
INSERT INTO `sys_temp_menu` (`temp_id`, `menu_id`) VALUES ('1667039536771518903', 2048);
INSERT INTO `sys_temp_menu` (`temp_id`, `menu_id`) VALUES ('1667039536771518903', 101);
INSERT INTO `sys_temp_menu` (`temp_id`, `menu_id`) VALUES ('1667039536771518903', 1008);
INSERT INTO `sys_temp_menu` (`temp_id`, `menu_id`) VALUES ('1667039536771518903', 1009);
INSERT INTO `sys_temp_menu` (`temp_id`, `menu_id`) VALUES ('1667039536771518903', 1010);
INSERT INTO `sys_temp_menu` (`temp_id`, `menu_id`) VALUES ('1667039536771518903', 1011);
INSERT INTO `sys_temp_menu` (`temp_id`, `menu_id`) VALUES ('1667039536771518903', 1012);
INSERT INTO `sys_temp_menu` (`temp_id`, `menu_id`) VALUES ('1667039536771518903', 103);
INSERT INTO `sys_temp_menu` (`temp_id`, `menu_id`) VALUES ('1667039536771518903', 1017);
INSERT INTO `sys_temp_menu` (`temp_id`, `menu_id`) VALUES ('1667039536771518903', 1018);
INSERT INTO `sys_temp_menu` (`temp_id`, `menu_id`) VALUES ('1667039536771518903', 1019);
INSERT INTO `sys_temp_menu` (`temp_id`, `menu_id`) VALUES ('1667039536771518903', 1020);
INSERT INTO `sys_temp_menu` (`temp_id`, `menu_id`) VALUES ('1667039536771518903', 2052);
INSERT INTO `sys_temp_menu` (`temp_id`, `menu_id`) VALUES ('1667039536771518903', 2053);
INSERT INTO `sys_temp_menu` (`temp_id`, `menu_id`) VALUES ('1667039536771518903', 2056);
COMMIT;

-- ----------------------------
-- Table structure for sys_template
-- ----------------------------
DROP TABLE IF EXISTS `sys_template`;
CREATE TABLE `sys_template` (
  `id` varchar(20) NOT NULL,
  `name` varchar(50) NOT NULL COMMENT '模板名称',
  `remark` varchar(200) DEFAULT NULL COMMENT '备注',
  PRIMARY KEY (`id`) USING BTREE
) ENGINE=InnoDB DEFAULT CHARSET=utf8mb3 ROW_FORMAT=DYNAMIC COMMENT='权限模板表';

-- ----------------------------
-- Records of sys_template
-- ----------------------------
BEGIN;
INSERT INTO `sys_template` (`id`, `name`, `remark`) VALUES ('1667039536771518903', '测试', '123');
COMMIT;

-- ----------------------------
-- Table structure for sys_user
-- ----------------------------
DROP TABLE IF EXISTS `sys_user`;
CREATE TABLE `sys_user` (
  `user_id` bigint NOT NULL AUTO_INCREMENT COMMENT '用户ID',
  `dept_id` bigint DEFAULT NULL COMMENT '部门ID',
  `user_name` varchar(30) NOT NULL COMMENT '用户账号',
  `nick_name` varchar(30) NOT NULL COMMENT '用户昵称',
  `user_type` varchar(2) DEFAULT '00' COMMENT '用户类型（00系统用户）',
  `email` varchar(50) DEFAULT '' COMMENT '用户邮箱',
  `phonenumber` varchar(11) DEFAULT '' COMMENT '手机号码',
  `sex` char(1) DEFAULT '0' COMMENT '用户性别（0男 1女 2未知）',
  `avatar` varchar(100) DEFAULT '' COMMENT '头像地址',
  `password` varchar(100) DEFAULT '' COMMENT '密码',
  `status` char(1) DEFAULT '0' COMMENT '帐号状态（0正常 1停用）',
  `del_flag` char(1) DEFAULT '0' COMMENT '删除标志（0代表存在 2代表删除）',
  `login_ip` varchar(50) DEFAULT '' COMMENT '最后登陆IP',
  `login_date` datetime DEFAULT NULL COMMENT '最后登陆时间',
  `create_by` varchar(64) DEFAULT '' COMMENT '创建者',
  `create_time` datetime DEFAULT NULL COMMENT '创建时间',
  `update_by` varchar(64) DEFAULT '' COMMENT '更新者',
  `update_time` datetime DEFAULT NULL COMMENT '更新时间',
  `remark` varchar(500) DEFAULT NULL COMMENT '备注',
  `com_id` varchar(20) DEFAULT NULL COMMENT '公司ID',
  `admin_flag` tinyint NOT NULL DEFAULT '0' COMMENT '是否公司管理员，0否1是，默认否',
  `super_admin_flag` tinyint DEFAULT '0' COMMENT '是否系统超级管理员。0否1是',
  `answer_flag` tinyint DEFAULT '0' COMMENT '是否答者，0否1是，默认否',
  `age` int DEFAULT NULL COMMENT '年龄',
  `job` varchar(50) DEFAULT NULL COMMENT '职业',
  `like` varchar(50) DEFAULT NULL COMMENT '爱好',
  `attributes` varchar(20) DEFAULT NULL COMMENT '答者属性',
  PRIMARY KEY (`user_id`) USING BTREE
) ENGINE=InnoDB AUTO_INCREMENT=146 DEFAULT CHARSET=utf8mb3 ROW_FORMAT=DYNAMIC COMMENT='用户信息表';

-- ----------------------------
-- Records of sys_user
-- ----------------------------
BEGIN;
INSERT INTO `sys_user` (`user_id`, `dept_id`, `user_name`, `nick_name`, `user_type`, `email`, `phonenumber`, `sex`, `avatar`, `password`, `status`, `del_flag`, `login_ip`, `login_date`, `create_by`, `create_time`, `update_by`, `update_time`, `remark`, `com_id`, `admin_flag`, `super_admin_flag`, `answer_flag`, `age`, `job`, `like`, `attributes`) VALUES (1, 103, 'admin', 'admin', '00', 'admin@163.com', '13252082376', '1', '', '$2a$10$FGh9ljxaJP/.qP6AwJTd5.huseIXTsJpccfF5xC74wwKsx.QeYe/q', '0', '0', '127.0.0.1', '2022-10-30 14:05:50', 'admin', '2022-10-30 14:05:50', 'admin', '2022-11-11 19:03:42', '管理员', '', 1, 1, 0, NULL, NULL, NULL, NULL);
INSERT INTO `sys_user` (`user_id`, `dept_id`, `user_name`, `nick_name`, `user_type`, `email`, `phonenumber`, `sex`, `avatar`, `password`, `status`, `del_flag`, `login_ip`, `login_date`, `create_by`, `create_time`, `update_by`, `update_time`, `remark`, `com_id`, `admin_flag`, `super_admin_flag`, `answer_flag`, `age`, `job`, `like`, `attributes`) VALUES (126, 103, '13090901234', '管理员77959', '00', '1234@qq.com', '13090901234', '0', '', '$2a$10$6O0jGSMRHNj79Chv600gfOPluglOHUW6Wbv.uv4v3fuF7j6DVizri', '0', '0', '', '2022-10-30 14:05:50', 'superAdmin', '2022-10-30 14:05:50', '13090901234', '2022-10-31 20:30:08', '公司管理员账号', '1667039572748367575', 1, 0, 0, NULL, NULL, NULL, NULL);
INSERT INTO `sys_user` (`user_id`, `dept_id`, `user_name`, `nick_name`, `user_type`, `email`, `phonenumber`, `sex`, `avatar`, `password`, `status`, `del_flag`, `login_ip`, `login_date`, `create_by`, `create_time`, `update_by`, `update_time`, `remark`, `com_id`, `admin_flag`, `super_admin_flag`, `answer_flag`, `age`, `job`, `like`, `attributes`) VALUES (127, 103, '13090901231', '测试1', '00', 'admin4@qq.com', '13090901231', '0', '', '$2a$10$ODcwp7fqh92.79V1ToP6XewBgdgHkpjsnB/s2wt4QFTSOdKWzlJJq', '0', '0', '', NULL, '13090901234', '2022-10-31 20:36:30', '13090901234', '2022-11-01 13:51:19', NULL, '1667039572748367575', 0, 0, 0, NULL, NULL, NULL, NULL);
INSERT INTO `sys_user` (`user_id`, `dept_id`, `user_name`, `nick_name`, `user_type`, `email`, `phonenumber`, `sex`, `avatar`, `password`, `status`, `del_flag`, `login_ip`, `login_date`, `create_by`, `create_time`, `update_by`, `update_time`, `remark`, `com_id`, `admin_flag`, `super_admin_flag`, `answer_flag`, `age`, `job`, `like`, `attributes`) VALUES (128, NULL, '13012349090', '管理员77171', '00', 'admin3@qq.com', '13012349090', '0', '', '$2a$10$/IxBybhbLZLdeCrVWw9AceIXDTjfocAT78Xyj4WoF.iu8gq5Ox.vy', '0', '0', '', NULL, 'superAdmin', '2022-11-01 22:45:36', '', NULL, '公司管理员账号', '1667313936283198486', 1, 0, 0, NULL, NULL, NULL, NULL);
INSERT INTO `sys_user` (`user_id`, `dept_id`, `user_name`, `nick_name`, `user_type`, `email`, `phonenumber`, `sex`, `avatar`, `password`, `status`, `del_flag`, `login_ip`, `login_date`, `create_by`, `create_time`, `update_by`, `update_time`, `remark`, `com_id`, `admin_flag`, `super_admin_flag`, `answer_flag`, `age`, `job`, `like`, `attributes`) VALUES (129, NULL, '13090901232', '管理员61181', '00', 'admin1@qq.com', '13090901232', '0', '', '$2a$10$QcnetRXFYV2NtKqsvGNy7eRRF8wKbmcOp1YX1DyHVHcsGtuGx7Mw2', '0', '0', '', NULL, 'superAdmin', '2022-11-01 22:47:43', '', NULL, '公司管理员账号', '1667314063302370368', 1, 0, 0, NULL, NULL, NULL, NULL);
INSERT INTO `sys_user` (`user_id`, `dept_id`, `user_name`, `nick_name`, `user_type`, `email`, `phonenumber`, `sex`, `avatar`, `password`, `status`, `del_flag`, `login_ip`, `login_date`, `create_by`, `create_time`, `update_by`, `update_time`, `remark`, `com_id`, `admin_flag`, `super_admin_flag`, `answer_flag`, `age`, `job`, `like`, `attributes`) VALUES (131, NULL, '13000001234', '答者4', '00', 'admin@qq.com', '13000001234', '0', '', '$2a$10$v/OU5m5we9ai7FuOy.VMHOT9kYDgPzrUqQuDZEou/9Is409Bv7bvi', '0', '0', '', NULL, '', '2022-11-01 23:33:54', 'admin', '2022-11-02 23:25:50', '答者账号4', NULL, 0, 0, 1, NULL, NULL, NULL, NULL);
INSERT INTO `sys_user` (`user_id`, `dept_id`, `user_name`, `nick_name`, `user_type`, `email`, `phonenumber`, `sex`, `avatar`, `password`, `status`, `del_flag`, `login_ip`, `login_date`, `create_by`, `create_time`, `update_by`, `update_time`, `remark`, `com_id`, `admin_flag`, `super_admin_flag`, `answer_flag`, `age`, `job`, `like`, `attributes`) VALUES (132, NULL, '13212341234', '1234', '00', '12344@qq.com', '13212341234', '0', '', '$2a$10$dgJxLgnqsmiXHI5RTj44d.jnJVAQaFRgiBaR5LTuBDWZ4ogv3XiuS', '0', '0', '', NULL, 'admin', '2022-11-02 23:30:59', '', NULL, '123', NULL, 0, 0, 1, NULL, NULL, NULL, NULL);
INSERT INTO `sys_user` (`user_id`, `dept_id`, `user_name`, `nick_name`, `user_type`, `email`, `phonenumber`, `sex`, `avatar`, `password`, `status`, `del_flag`, `login_ip`, `login_date`, `create_by`, `create_time`, `update_by`, `update_time`, `remark`, `com_id`, `admin_flag`, `super_admin_flag`, `answer_flag`, `age`, `job`, `like`, `attributes`) VALUES (136, NULL, '13090901222', '测试答者1', '00', '132132190@qq.com', '13090901222', '0', '', '$2a$10$JiuNzi2UuT6lKTK3BOjzhu2Flm088l5rjIOLm6s/v26Eo4IkpZAye', '0', '0', '', NULL, 'admin', '2022-11-03 00:09:15', '', NULL, NULL, NULL, 0, 0, 1, NULL, NULL, NULL, NULL);
INSERT INTO `sys_user` (`user_id`, `dept_id`, `user_name`, `nick_name`, `user_type`, `email`, `phonenumber`, `sex`, `avatar`, `password`, `status`, `del_flag`, `login_ip`, `login_date`, `create_by`, `create_time`, `update_by`, `update_time`, `remark`, `com_id`, `admin_flag`, `super_admin_flag`, `answer_flag`, `age`, `job`, `like`, `attributes`) VALUES (137, NULL, '13012341234', '管理员30854', '00', 'admi1@qq.com', '13012341234', '0', '', '$2a$10$YtuRLftcV1VHL1xGHj9/S.M8msKvicnbJa6dYRB96DmShOdnCUcXC', '0', '0', '', NULL, 'superAdmin', '2022-11-10 10:53:05', '', NULL, '公司管理员账号', '1668048784975647991', 1, 0, 0, NULL, NULL, NULL, NULL);
INSERT INTO `sys_user` (`user_id`, `dept_id`, `user_name`, `nick_name`, `user_type`, `email`, `phonenumber`, `sex`, `avatar`, `password`, `status`, `del_flag`, `login_ip`, `login_date`, `create_by`, `create_time`, `update_by`, `update_time`, `remark`, `com_id`, `admin_flag`, `super_admin_flag`, `answer_flag`, `age`, `job`, `like`, `attributes`) VALUES (138, NULL, '13111111111', '123123', '00', '', '13111111111', '0', '', '$2a$10$BfJC7KlKMudTmVIOnJTIL.71jovBzgf./iipt13smwZoWq4eXj/n.', '0', '0', '', NULL, '13012349090', '2022-11-10 14:30:52', '', NULL, NULL, '1667313936283198486', 0, 0, 0, NULL, NULL, NULL, NULL);
INSERT INTO `sys_user` (`user_id`, `dept_id`, `user_name`, `nick_name`, `user_type`, `email`, `phonenumber`, `sex`, `avatar`, `password`, `status`, `del_flag`, `login_ip`, `login_date`, `create_by`, `create_time`, `update_by`, `update_time`, `remark`, `com_id`, `admin_flag`, `super_admin_flag`, `answer_flag`, `age`, `job`, `like`, `attributes`) VALUES (139, NULL, '13090123231', '管理员18854', '00', 'ad@q.com', '13090123231', '0', '', '$2a$10$E/OtsqgS6fSBBTcgh8lhie4VF7SBDb337E4HKe.AjGp0lv6lrTHry', '0', '0', '', NULL, 'superAdmin', '2022-11-10 19:41:41', '', NULL, '公司管理员账号', '1668080500294678476', 1, 0, 0, NULL, NULL, NULL, NULL);
INSERT INTO `sys_user` (`user_id`, `dept_id`, `user_name`, `nick_name`, `user_type`, `email`, `phonenumber`, `sex`, `avatar`, `password`, `status`, `del_flag`, `login_ip`, `login_date`, `create_by`, `create_time`, `update_by`, `update_time`, `remark`, `com_id`, `admin_flag`, `super_admin_flag`, `answer_flag`, `age`, `job`, `like`, `attributes`) VALUES (140, NULL, '13090900000', '管理员56698', '00', '123@qq.com', '13090900000', '0', '', '$2a$10$7UKg6YMYdbaCscdEaqH.A.3xZbkdaWo.sZUHKlBpeH4etvCadPSbO', '0', '0', '', NULL, 'superAdmin', '2022-11-10 19:45:15', '', NULL, '公司管理员账号', '1668080714539802111', 1, 0, 0, NULL, NULL, NULL, NULL);
INSERT INTO `sys_user` (`user_id`, `dept_id`, `user_name`, `nick_name`, `user_type`, `email`, `phonenumber`, `sex`, `avatar`, `password`, `status`, `del_flag`, `login_ip`, `login_date`, `create_by`, `create_time`, `update_by`, `update_time`, `remark`, `com_id`, `admin_flag`, `super_admin_flag`, `answer_flag`, `age`, `job`, `like`, `attributes`) VALUES (141, NULL, '13099812311', '管理员79442', '00', '123@qqc.com', '13099812311', '0', '', '$2a$10$SXt59q/JyIjXIhuSBvYwtuKNGHeXhDNcHsdeP4e7IRPM1zUKtEnym', '0', '0', '', NULL, 'superAdmin', '2022-11-10 20:12:40', '', NULL, '公司管理员账号', '1668082359561217371', 1, 0, 0, NULL, NULL, NULL, NULL);
INSERT INTO `sys_user` (`user_id`, `dept_id`, `user_name`, `nick_name`, `user_type`, `email`, `phonenumber`, `sex`, `avatar`, `password`, `status`, `del_flag`, `login_ip`, `login_date`, `create_by`, `create_time`, `update_by`, `update_time`, `remark`, `com_id`, `admin_flag`, `super_admin_flag`, `answer_flag`, `age`, `job`, `like`, `attributes`) VALUES (142, NULL, '13987651234', '管理员98819', '00', '1234559@qq.com', '13987651234', '0', '', '$2a$10$fftBeXDI2zKo449fQiZRhecrLbBM0wBecP4bmffcUkcrULFs4pNc6', '0', '0', '', NULL, 'superAdmin', '2022-11-10 20:13:13', '', NULL, '公司管理员账号', '1668082392922708730', 1, 0, 0, NULL, NULL, NULL, NULL);
INSERT INTO `sys_user` (`user_id`, `dept_id`, `user_name`, `nick_name`, `user_type`, `email`, `phonenumber`, `sex`, `avatar`, `password`, `status`, `del_flag`, `login_ip`, `login_date`, `create_by`, `create_time`, `update_by`, `update_time`, `remark`, `com_id`, `admin_flag`, `super_admin_flag`, `answer_flag`, `age`, `job`, `like`, `attributes`) VALUES (143, NULL, '13612341234', '管理员95844', '00', '12342gj@qq.com', '13612341234', '0', '', '$2a$10$Ej.0jiNOSqUpjJ.BFPNbceR6kfheC8N2kxGW1ukw1cOixK.1yi5Ji', '0', '0', '', NULL, 'superAdmin', '2022-11-10 20:13:55', '', NULL, '公司管理员账号', '1668082435122923295', 1, 0, 0, NULL, NULL, NULL, NULL);
INSERT INTO `sys_user` (`user_id`, `dept_id`, `user_name`, `nick_name`, `user_type`, `email`, `phonenumber`, `sex`, `avatar`, `password`, `status`, `del_flag`, `login_ip`, `login_date`, `create_by`, `create_time`, `update_by`, `update_time`, `remark`, `com_id`, `admin_flag`, `super_admin_flag`, `answer_flag`, `age`, `job`, `like`, `attributes`) VALUES (144, NULL, '13712341234', '管理员44902', '00', '123957@qq.com', '13712341234', '0', '', '$2a$10$lAZEFBS6xEKKyfw/rS/oLePHz6HUF1i8FBelproeeUpSDcGrlkJVu', '0', '0', '', NULL, 'superAdmin', '2022-11-10 20:14:29', '', NULL, '公司管理员账号', '1668082468401314585', 1, 0, 0, NULL, NULL, NULL, NULL);
INSERT INTO `sys_user` (`user_id`, `dept_id`, `user_name`, `nick_name`, `user_type`, `email`, `phonenumber`, `sex`, `avatar`, `password`, `status`, `del_flag`, `login_ip`, `login_date`, `create_by`, `create_time`, `update_by`, `update_time`, `remark`, `com_id`, `admin_flag`, `super_admin_flag`, `answer_flag`, `age`, `job`, `like`, `attributes`) VALUES (145, NULL, '13090911234', '管理员46795', '00', '12324fj@163.com', '13090911234', '0', '', '$2a$10$AoufTBVmg2S.yuqeN1LruOZ64617uvKscMkgx74GbW8dG7REGw/lS', '0', '0', '', NULL, 'superAdmin', '2022-11-10 20:15:06', '', NULL, '公司管理员账号', '1668082505687263277', 1, 0, 0, NULL, NULL, NULL, NULL);
COMMIT;

-- ----------------------------
-- Table structure for sys_user_role
-- ----------------------------
DROP TABLE IF EXISTS `sys_user_role`;
CREATE TABLE `sys_user_role` (
  `user_id` bigint NOT NULL COMMENT '用户ID',
  `role_id` bigint NOT NULL COMMENT '角色ID',
  PRIMARY KEY (`user_id`,`role_id`) USING BTREE
) ENGINE=InnoDB DEFAULT CHARSET=utf8mb3 ROW_FORMAT=DYNAMIC COMMENT='用户和角色关联表';

-- ----------------------------
-- Records of sys_user_role
-- ----------------------------
BEGIN;
INSERT INTO `sys_user_role` (`user_id`, `role_id`) VALUES (1, 1);
INSERT INTO `sys_user_role` (`user_id`, `role_id`) VALUES (127, 2);
INSERT INTO `sys_user_role` (`user_id`, `role_id`) VALUES (138, 3);
COMMIT;

-- ----------------------------
-- Table structure for t_exam
-- ----------------------------
DROP TABLE IF EXISTS `t_exam`;
CREATE TABLE `t_exam` (
  `id` varchar(64) NOT NULL COMMENT '问卷ID',
  `title` varchar(255) NOT NULL COMMENT '问卷名称',
  `content` varchar(255) NOT NULL DEFAULT '' COMMENT '问卷描述',
  `open_type` int NOT NULL DEFAULT '1' COMMENT '1公开2指定',
  `num` int NOT NULL DEFAULT '1' COMMENT '可答卷次数',
  `time_limit` tinyint(1) NOT NULL DEFAULT '0' COMMENT '是否限时',
  `start_time` date DEFAULT NULL COMMENT '开始时间',
  `stop_time` date DEFAULT NULL COMMENT '结束时间',
  `create_time` datetime DEFAULT CURRENT_TIMESTAMP COMMENT '创建时间',
  `start_user` bigint DEFAULT NULL COMMENT '发起人ID',
  `com_id` varchar(20) DEFAULT NULL COMMENT '租户ID',
  `del_flag` int NOT NULL DEFAULT '0' COMMENT '逻辑删除',
  `status` char(1) NOT NULL DEFAULT '0' COMMENT '问卷状态：0待发布，1已发布',
  `user_id_str` text COMMENT '答者用户列表str',
  `theme` int NOT NULL DEFAULT '0' COMMENT '主题',
  PRIMARY KEY (`id`)
) ENGINE=InnoDB DEFAULT CHARSET=utf8mb4 COLLATE=utf8mb4_0900_ai_ci COMMENT='问卷表';

-- ----------------------------
-- Records of t_exam
-- ----------------------------
BEGIN;
INSERT INTO `t_exam` (`id`, `title`, `content`, `open_type`, `num`, `time_limit`, `start_time`, `stop_time`, `create_time`, `start_user`, `com_id`, `del_flag`, `status`, `user_id_str`, `theme`) VALUES ('2187b4dcc1e86dd7bb4e2d031c691969', 'ccc', '13', 1, 1, 0, NULL, NULL, '2022-11-10 14:05:59', 128, '1667313936283198486', 0, '0', NULL, 5);
INSERT INTO `t_exam` (`id`, `title`, `content`, `open_type`, `num`, `time_limit`, `start_time`, `stop_time`, `create_time`, `start_user`, `com_id`, `del_flag`, `status`, `user_id_str`, `theme`) VALUES ('2e02fc5a98351fad1dff699b134da889', '123', '21', 1, 1, 0, NULL, NULL, '2022-11-10 14:28:50', 128, '1667313936283198486', 0, '1', NULL, 2);
INSERT INTO `t_exam` (`id`, `title`, `content`, `open_type`, `num`, `time_limit`, `start_time`, `stop_time`, `create_time`, `start_user`, `com_id`, `del_flag`, `status`, `user_id_str`, `theme`) VALUES ('65f15365c34d05fea272a2c15f16a5d0', '213', '123', 1, 1, 0, NULL, NULL, '2022-11-13 20:39:06', 128, '1667313936283198486', 0, '0', NULL, 5);
INSERT INTO `t_exam` (`id`, `title`, `content`, `open_type`, `num`, `time_limit`, `start_time`, `stop_time`, `create_time`, `start_user`, `com_id`, `del_flag`, `status`, `user_id_str`, `theme`) VALUES ('a9ad04a95ba4be33bdc94c18f8f6bb5a', '大学生消费情况调查问卷', '213', 2, 1, 0, NULL, NULL, '2022-11-06 21:48:33', 128, '1667313936283198486', 0, '1', NULL, 1);
INSERT INTO `t_exam` (`id`, `title`, `content`, `open_type`, `num`, `time_limit`, `start_time`, `stop_time`, `create_time`, `start_user`, `com_id`, `del_flag`, `status`, `user_id_str`, `theme`) VALUES ('d0e0a8fa212aca71ec1d7da2861ad699', 'cccaaqqqqq', '123', 1, 1, 0, NULL, NULL, '2022-11-10 14:07:48', 128, '1667313936283198486', 0, '0', NULL, 0);
INSERT INTO `t_exam` (`id`, `title`, `content`, `open_type`, `num`, `time_limit`, `start_time`, `stop_time`, `create_time`, `start_user`, `com_id`, `del_flag`, `status`, `user_id_str`, `theme`) VALUES ('d1fe3939247b15c771a6158f2c0bed2b', '123', '213', 1, 2, 0, NULL, NULL, '2022-11-06 21:46:56', 128, '1667313936283198486', 0, '1', NULL, 1);
INSERT INTO `t_exam` (`id`, `title`, `content`, `open_type`, `num`, `time_limit`, `start_time`, `stop_time`, `create_time`, `start_user`, `com_id`, `del_flag`, `status`, `user_id_str`, `theme`) VALUES ('e22759f5f04ccc9d2902e6979b62c9cb', '21312321312', '123', 2, 1, 0, NULL, NULL, '2022-11-06 23:23:39', 128, '1667313936283198486', 2, '0', '[132]', 0);
COMMIT;

-- ----------------------------
-- Table structure for t_exam_answer
-- ----------------------------
DROP TABLE IF EXISTS `t_exam_answer`;
CREATE TABLE `t_exam_answer` (
  `id` varchar(64) NOT NULL COMMENT '回答表Id',
  `exam_id` varchar(64) DEFAULT NULL COMMENT '问卷ID',
  `user_id` int DEFAULT NULL COMMENT '用户id',
  `data` json DEFAULT NULL COMMENT '回答内容',
  `create_time` datetime DEFAULT CURRENT_TIMESTAMP COMMENT '创建时间',
  PRIMARY KEY (`id`)
) ENGINE=InnoDB DEFAULT CHARSET=utf8mb4 COLLATE=utf8mb4_0900_ai_ci COMMENT='问卷回答表';

-- ----------------------------
-- Records of t_exam_answer
-- ----------------------------
BEGIN;
INSERT INTO `t_exam_answer` (`id`, `exam_id`, `user_id`, `data`, `create_time`) VALUES ('11d50577cab137a316fe2c4b6ff09b88', '2e02fc5a98351fad1dff699b134da889', 131, '{\"id\": \"2e02fc5a98351fad1dff699b134da889\", \"num\": 1, \"uids\": null, \"comId\": \"1667313936283198486\", \"theme\": \"1\", \"title\": \"123\", \"status\": \"1\", \"content\": \"21\", \"delFlag\": 0, \"openType\": 1, \"stopTime\": null, \"startTime\": null, \"startUser\": 128, \"timeLimit\": false, \"userIdStr\": null, \"createTime\": \"2022-11-10T14:28:50\", \"dateValues\": null, \"selectList\": [{\"id\": \"1588897199314509826\", \"comId\": \"1667313936283198486\", \"level\": 1, \"quType\": 1, \"content\": \"2321312312\", \"quCount\": null, \"answerList\": [{\"id\": \"1588897199394201601\", \"quId\": \"1588897199314509826\", \"checked\": false, \"content\": \"123\"}, {\"id\": \"1588897199398395905\", \"quId\": \"1588897199314509826\", \"checked\": false, \"content\": \"213\"}, {\"id\": \"1588897199402590209\", \"quId\": \"1588897199314509826\", \"checked\": false, \"content\": \"123\"}, {\"id\": \"1588897199402590210\", \"quId\": \"1588897199314509826\", \"checked\": true, \"content\": \"23\"}], \"createTime\": \"2022-11-05T22:13:07\", \"publishName\": null}, {\"id\": \"1589584331251236866\", \"comId\": \"1667313936283198486\", \"level\": 1, \"quType\": 3, \"content\": \"123\", \"quCount\": null, \"answerList\": [{\"id\": \"1589584331301568513\", \"quId\": \"1589584331251236866\", \"checked\": false, \"content\": \"正确\"}, {\"id\": \"1589584331305762817\", \"quId\": \"1589584331251236866\", \"checked\": true, \"content\": \"错误\"}], \"createTime\": \"2022-11-07T19:43:32\", \"publishName\": null}, {\"id\": \"1589576599081172994\", \"comId\": \"1667313936283198486\", \"level\": 1, \"quType\": 2, \"content\": \"您的月消费多用在哪些方面\", \"quCount\": null, \"answerList\": [{\"id\": \"1589576600205246466\", \"quId\": \"1589576599081172994\", \"checked\": true, \"content\": \"吃饭\"}, {\"id\": \"1589576600217829377\", \"quId\": \"1589576599081172994\", \"checked\": true, \"content\": \"打游戏\"}, {\"id\": \"1589576600217829378\", \"quId\": \"1589576599081172994\", \"content\": \"谈恋爱\"}, {\"id\": \"1589576600217829379\", \"quId\": \"1589576599081172994\", \"content\": \"买衣服\"}], \"createTime\": \"2022-11-07T19:12:48\", \"publishName\": null}], \"selectUserList\": null}', '2022-11-10 14:55:54');
INSERT INTO `t_exam_answer` (`id`, `exam_id`, `user_id`, `data`, `create_time`) VALUES ('1dad08a0a27571a472429995c313bdf7', 'a9ad04a95ba4be33bdc94c18f8f6bb5a', 131, '{\"id\": \"a9ad04a95ba4be33bdc94c18f8f6bb5a\", \"num\": 1, \"comId\": \"1667313936283198486\", \"theme\": \"1\", \"title\": \"大学生消费情况调查问卷\", \"status\": \"1\", \"content\": \"213\", \"delFlag\": 0, \"openType\": 2, \"stopTime\": null, \"startTime\": null, \"startUser\": 128, \"timeLimit\": false, \"userIdStr\": \"[131,132]\", \"createTime\": \"2022-11-06T21:48:33\", \"dateValues\": null, \"selectList\": [{\"id\": \"1589584331251236866\", \"comId\": \"1667313936283198486\", \"level\": 1, \"quType\": 3, \"content\": \"123\", \"quCount\": null, \"answerList\": [{\"id\": \"1589584331301568513\", \"quId\": \"1589584331251236866\", \"checked\": true, \"content\": \"正确\"}, {\"id\": \"1589584331305762817\", \"quId\": \"1589584331251236866\", \"checked\": false, \"content\": \"错误\"}], \"createTime\": \"2022-11-07T19:43:32\", \"publishName\": null}, {\"id\": \"1550342870903418882\", \"comId\": null, \"level\": 1, \"quType\": 1, \"content\": \"垃圾可以分为几类？\", \"quCount\": null, \"answerList\": [{\"id\": \"1550342872061046785\", \"quId\": \"1550342870903418882\", \"checked\": true, \"content\": \"两类\"}, {\"id\": \"1550342872069435393\", \"quId\": \"1550342870903418882\", \"checked\": false, \"content\": \"三类\"}, {\"id\": \"1550342872073629698\", \"quId\": \"1550342870903418882\", \"checked\": false, \"content\": \"四类\"}, {\"id\": \"1550342872073629699\", \"quId\": \"1550342870903418882\", \"checked\": false, \"content\": \"五类\"}], \"createTime\": \"2022-11-03T00:21:26\", \"publishName\": null}, {\"id\": \"1588088507946016769\", \"comId\": null, \"level\": 1, \"quType\": 1, \"content\": \"测试1？\", \"quCount\": null, \"answerList\": [{\"id\": \"1588088508591939585\", \"quId\": \"1588088507946016769\", \"checked\": false, \"content\": \"1\"}, {\"id\": \"1588088508604522498\", \"quId\": \"1588088507946016769\", \"checked\": true, \"content\": \"2\"}], \"createTime\": \"2022-11-03T16:39:40\", \"publishName\": null}, {\"id\": \"1550343195391553538\", \"comId\": null, \"level\": 1, \"quType\": 1, \"content\": \"包了口香糖的纸巾属于哪一类垃圾？\", \"quCount\": null, \"answerList\": [{\"id\": \"1550343195987144706\", \"quId\": \"1550343195391553538\", \"checked\": false, \"content\": \"其他垃圾 \"}, {\"id\": \"1550343195995533313\", \"quId\": \"1550343195391553538\", \"checked\": true, \"content\": \"有害垃圾\"}, {\"id\": \"1550343195999727618\", \"quId\": \"1550343195391553538\", \"checked\": false, \"content\": \"可回收物\"}, {\"id\": \"1550343196008116225\", \"quId\": \"1550343195391553538\", \"checked\": false, \"content\": \"厨余垃圾\"}], \"createTime\": \"2022-11-03T00:21:26\", \"publishName\": null}, {\"id\": \"1589576599081172994\", \"comId\": \"1667313936283198486\", \"level\": 1, \"quType\": 2, \"content\": \"您的月消费多用在哪些方面\", \"quCount\": null, \"answerList\": [{\"id\": \"1589576600205246466\", \"quId\": \"1589576599081172994\", \"checked\": true, \"content\": \"吃饭\"}, {\"id\": \"1589576600217829377\", \"quId\": \"1589576599081172994\", \"checked\": true, \"content\": \"打游戏\"}, {\"id\": \"1589576600217829378\", \"quId\": \"1589576599081172994\", \"checked\": true, \"content\": \"谈恋爱\"}, {\"id\": \"1589576600217829379\", \"quId\": \"1589576599081172994\", \"content\": \"买衣服\"}], \"createTime\": \"2022-11-07T19:12:48\", \"publishName\": null}, {\"id\": \"1588897199314509826\", \"comId\": \"1667313936283198486\", \"level\": 1, \"quType\": 1, \"content\": \"2321312312\", \"quCount\": null, \"answerList\": [{\"id\": \"1588897199394201601\", \"quId\": \"1588897199314509826\", \"checked\": false, \"content\": \"123\"}, {\"id\": \"1588897199398395905\", \"quId\": \"1588897199314509826\", \"checked\": true, \"content\": \"213\"}, {\"id\": \"1588897199402590209\", \"quId\": \"1588897199314509826\", \"checked\": false, \"content\": \"123\"}, {\"id\": \"1588897199402590210\", \"quId\": \"1588897199314509826\", \"checked\": false, \"content\": \"23\"}], \"createTime\": \"2022-11-05T22:13:07\", \"publishName\": null}], \"selectUserList\": null}', '2022-11-10 13:45:35');
INSERT INTO `t_exam_answer` (`id`, `exam_id`, `user_id`, `data`, `create_time`) VALUES ('a9650bc0662222c68e8bc11cffd43a56', 'd1fe3939247b15c771a6158f2c0bed2b', 131, '{\"id\": \"d1fe3939247b15c771a6158f2c0bed2b\", \"num\": 2, \"comId\": \"1667313936283198486\", \"theme\": \"1\", \"title\": \"123\", \"status\": \"1\", \"content\": \"213\", \"delFlag\": 0, \"openType\": 1, \"stopTime\": \"2022-11-11\", \"startTime\": \"2022-11-08\", \"startUser\": 128, \"timeLimit\": true, \"userIdStr\": null, \"createTime\": \"2022-11-06T21:46:56\", \"dateValues\": null, \"selectList\": [{\"id\": \"1588897199314509826\", \"comId\": \"1667313936283198486\", \"level\": 1, \"quType\": 1, \"content\": \"2321312312\", \"quCount\": null, \"answerList\": [{\"id\": \"1588897199394201601\", \"quId\": \"1588897199314509826\", \"checked\": false, \"content\": \"123\"}, {\"id\": \"1588897199398395905\", \"quId\": \"1588897199314509826\", \"checked\": true, \"content\": \"213\"}, {\"id\": \"1588897199402590209\", \"quId\": \"1588897199314509826\", \"checked\": false, \"content\": \"123\"}, {\"id\": \"1588897199402590210\", \"quId\": \"1588897199314509826\", \"checked\": false, \"content\": \"23\"}], \"createTime\": \"2022-11-05T22:13:07\", \"publishName\": null}, {\"id\": \"1588088507946016769\", \"comId\": null, \"level\": 1, \"quType\": 1, \"content\": \"测试1？\", \"quCount\": null, \"answerList\": [{\"id\": \"1588088508591939585\", \"quId\": \"1588088507946016769\", \"checked\": true, \"content\": \"1\"}, {\"id\": \"1588088508604522498\", \"quId\": \"1588088507946016769\", \"checked\": false, \"content\": \"2\"}], \"createTime\": \"2022-11-03T16:39:40\", \"publishName\": null}], \"selectUserList\": null}', '2022-11-10 13:33:23');
INSERT INTO `t_exam_answer` (`id`, `exam_id`, `user_id`, `data`, `create_time`) VALUES ('b284e431d96949dae7e12c91d0bc95ca', '2e02fc5a98351fad1dff699b134da889', 136, '{\"id\": \"2e02fc5a98351fad1dff699b134da889\", \"num\": 1, \"uids\": null, \"comId\": \"1667313936283198486\", \"theme\": 5, \"title\": \"123\", \"status\": \"1\", \"content\": \"21\", \"delFlag\": 0, \"openType\": 1, \"stopTime\": null, \"startTime\": null, \"startUser\": 128, \"timeLimit\": false, \"userIdStr\": null, \"createTime\": \"2022-11-10T14:28:50\", \"dateValues\": null, \"selectList\": [{\"id\": \"1588897199314509826\", \"stat\": {\"all\": 1, \"stat\": {\"0\": 0, \"1\": 0, \"2\": 0, \"3\": 1}}, \"comId\": \"1667313936283198486\", \"level\": 1, \"quType\": 1, \"content\": \"2321312312\", \"quCount\": null, \"answerList\": [{\"id\": \"1588897199394201601\", \"all\": 1, \"quId\": \"1588897199314509826\", \"checked\": false, \"content\": \"123\", \"checkNum\": 0}, {\"id\": \"1588897199398395905\", \"all\": 1, \"quId\": \"1588897199314509826\", \"checked\": false, \"content\": \"213\", \"checkNum\": 0}, {\"id\": \"1588897199402590209\", \"all\": 1, \"quId\": \"1588897199314509826\", \"checked\": false, \"content\": \"123\", \"checkNum\": 0}, {\"id\": \"1588897199402590210\", \"all\": 1, \"quId\": \"1588897199314509826\", \"checked\": true, \"content\": \"23\", \"checkNum\": 1}], \"createTime\": \"2022-11-05T22:13:07\", \"publishName\": null}, {\"id\": \"1589584331251236866\", \"stat\": {\"all\": 1, \"stat\": {\"0\": 0, \"1\": 1}}, \"comId\": \"1667313936283198486\", \"level\": 1, \"quType\": 3, \"content\": \"123\", \"quCount\": null, \"answerList\": [{\"id\": \"1589584331301568513\", \"all\": 1, \"quId\": \"1589584331251236866\", \"checked\": true, \"content\": \"正确\", \"checkNum\": 0}, {\"id\": \"1589584331305762817\", \"all\": 1, \"quId\": \"1589584331251236866\", \"checked\": false, \"content\": \"错误\", \"checkNum\": 1}], \"createTime\": \"2022-11-07T19:43:32\", \"publishName\": null}, {\"id\": \"1589576599081172994\", \"stat\": {\"all\": 1, \"stat\": {\"0\": 1, \"1\": 1, \"2\": 0, \"3\": 0}}, \"comId\": \"1667313936283198486\", \"level\": 1, \"quType\": 2, \"content\": \"您的月消费多用在哪些方面\", \"quCount\": null, \"answerList\": [{\"id\": \"1589576600205246466\", \"all\": 1, \"quId\": \"1589576599081172994\", \"checked\": true, \"content\": \"吃饭\", \"checkNum\": 1}, {\"id\": \"1589576600217829377\", \"all\": 1, \"quId\": \"1589576599081172994\", \"checked\": true, \"content\": \"打游戏\", \"checkNum\": 1}, {\"id\": \"1589576600217829378\", \"all\": 1, \"quId\": \"1589576599081172994\", \"content\": \"谈恋爱\", \"checkNum\": 0}, {\"id\": \"1589576600217829379\", \"all\": 1, \"quId\": \"1589576599081172994\", \"content\": \"买衣服\", \"checkNum\": 0}], \"createTime\": \"2022-11-07T19:12:48\", \"publishName\": null}], \"selectUserList\": null}', '2022-11-13 21:17:57');
COMMIT;

-- ----------------------------
-- Table structure for t_exam_qu
-- ----------------------------
DROP TABLE IF EXISTS `t_exam_qu`;
CREATE TABLE `t_exam_qu` (
  `id` varchar(64) NOT NULL COMMENT 'ID',
  `exam_id` varchar(64) NOT NULL COMMENT '问卷ID',
  `qu_id` varchar(64) NOT NULL COMMENT '题目ID',
  `qu_type` int NOT NULL COMMENT '题目类型',
  `sort` int NOT NULL DEFAULT '0' COMMENT '问题排序',
  `del_flag` int NOT NULL DEFAULT '0',
  PRIMARY KEY (`id`),
  KEY `paper_id` (`exam_id`),
  KEY `paper_qu_id` (`exam_id`,`qu_id`),
  KEY `qu_id` (`qu_id`),
  KEY `sort` (`sort`)
) ENGINE=InnoDB DEFAULT CHARSET=utf8mb4 COLLATE=utf8mb4_0900_ai_ci COMMENT='试卷考题';

-- ----------------------------
-- Records of t_exam_qu
-- ----------------------------
BEGIN;
INSERT INTO `t_exam_qu` (`id`, `exam_id`, `qu_id`, `qu_type`, `sort`, `del_flag`) VALUES ('09dd3f8e85748ef75b0114017bb7515f', 'd1fe3939247b15c771a6158f2c0bed2b', '1588088507946016769', 1, 1, 2);
INSERT INTO `t_exam_qu` (`id`, `exam_id`, `qu_id`, `qu_type`, `sort`, `del_flag`) VALUES ('0b8d52f7d92bb2e7bc23acba033c54b1', '2e02fc5a98351fad1dff699b134da889', '1588897199314509826', 1, 1, 0);
INSERT INTO `t_exam_qu` (`id`, `exam_id`, `qu_id`, `qu_type`, `sort`, `del_flag`) VALUES ('117b197b7722534c2f898f8cc7b84426', 'd1fe3939247b15c771a6158f2c0bed2b', '1588897199314509826', 1, 0, 2);
INSERT INTO `t_exam_qu` (`id`, `exam_id`, `qu_id`, `qu_type`, `sort`, `del_flag`) VALUES ('132a4bbe4eb4b687ef2c6d3c387af888', 'a9ad04a95ba4be33bdc94c18f8f6bb5a', '1550342870903418882', 1, 2, 2);
INSERT INTO `t_exam_qu` (`id`, `exam_id`, `qu_id`, `qu_type`, `sort`, `del_flag`) VALUES ('15e96d4c8dfe1b2da48b2cc93449019a', 'a9ad04a95ba4be33bdc94c18f8f6bb5a', '1550343195391553538', 1, 3, 2);
INSERT INTO `t_exam_qu` (`id`, `exam_id`, `qu_id`, `qu_type`, `sort`, `del_flag`) VALUES ('165b151be5938a7f04387336fb8366ea', '65f15365c34d05fea272a2c15f16a5d0', '1589584331251236866', 3, 3, 0);
INSERT INTO `t_exam_qu` (`id`, `exam_id`, `qu_id`, `qu_type`, `sort`, `del_flag`) VALUES ('1af81a7b7a978c3d232effed0cf81238', 'd1fe3939247b15c771a6158f2c0bed2b', '1588897199314509826', 1, 1, 2);
INSERT INTO `t_exam_qu` (`id`, `exam_id`, `qu_id`, `qu_type`, `sort`, `del_flag`) VALUES ('1b0afcdbefe84fa0c0741425e0afc7f8', '65f15365c34d05fea272a2c15f16a5d0', '1550342870903418882', 1, 7, 0);
INSERT INTO `t_exam_qu` (`id`, `exam_id`, `qu_id`, `qu_type`, `sort`, `del_flag`) VALUES ('1b502ef1adee86f85c70bf1e430a97f7', 'd1fe3939247b15c771a6158f2c0bed2b', '1588088507946016769', 1, 0, 2);
INSERT INTO `t_exam_qu` (`id`, `exam_id`, `qu_id`, `qu_type`, `sort`, `del_flag`) VALUES ('21c38401bfb1c483699083315739ff82', 'a9ad04a95ba4be33bdc94c18f8f6bb5a', '1588088507946016769', 1, 1, 2);
INSERT INTO `t_exam_qu` (`id`, `exam_id`, `qu_id`, `qu_type`, `sort`, `del_flag`) VALUES ('2869aa4cc3283157c1ae61224a4156cb', 'd0e0a8fa212aca71ec1d7da2861ad699', '1589576599081172994', 2, 0, 0);
INSERT INTO `t_exam_qu` (`id`, `exam_id`, `qu_id`, `qu_type`, `sort`, `del_flag`) VALUES ('2a948175f3aa9de5ee395bd46e15b908', 'a9ad04a95ba4be33bdc94c18f8f6bb5a', '1588897199314509826', 1, 0, 2);
INSERT INTO `t_exam_qu` (`id`, `exam_id`, `qu_id`, `qu_type`, `sort`, `del_flag`) VALUES ('3065118e96034deb2e0a44a1d11fd3c8', '65f15365c34d05fea272a2c15f16a5d0', '1550343195391553538', 1, 8, 0);
INSERT INTO `t_exam_qu` (`id`, `exam_id`, `qu_id`, `qu_type`, `sort`, `del_flag`) VALUES ('319a6271e870af398b562268382d3388', '2e02fc5a98351fad1dff699b134da889', '1589584331251236866', 3, 2, 0);
INSERT INTO `t_exam_qu` (`id`, `exam_id`, `qu_id`, `qu_type`, `sort`, `del_flag`) VALUES ('3248c74217daa809e74d5b92578ac71e', 'd1fe3939247b15c771a6158f2c0bed2b', '1588897199314509826', 1, 0, 2);
INSERT INTO `t_exam_qu` (`id`, `exam_id`, `qu_id`, `qu_type`, `sort`, `del_flag`) VALUES ('35715f690c709287992310497f2f8e1c', '2187b4dcc1e86dd7bb4e2d031c691969', '1588897199314509826', 1, 2, 0);
INSERT INTO `t_exam_qu` (`id`, `exam_id`, `qu_id`, `qu_type`, `sort`, `del_flag`) VALUES ('36c1629d8e9558be9cb5a734c23f2ee9', 'e22759f5f04ccc9d2902e6979b62c9cb', '1588897199314509826', 1, 0, 2);
INSERT INTO `t_exam_qu` (`id`, `exam_id`, `qu_id`, `qu_type`, `sort`, `del_flag`) VALUES ('537dcec55c9efffa9a1cf13b5dc087ab', 'a9ad04a95ba4be33bdc94c18f8f6bb5a', '1588897199314509826', 1, 0, 2);
INSERT INTO `t_exam_qu` (`id`, `exam_id`, `qu_id`, `qu_type`, `sort`, `del_flag`) VALUES ('54a89b3e2b19e431eb3557a45e292600', 'a9ad04a95ba4be33bdc94c18f8f6bb5a', '1588088507946016769', 1, 1, 2);
INSERT INTO `t_exam_qu` (`id`, `exam_id`, `qu_id`, `qu_type`, `sort`, `del_flag`) VALUES ('5a09d1d681dad876a30222f31d8a7197', '2187b4dcc1e86dd7bb4e2d031c691969', '1589576599081172994', 2, 1, 0);
INSERT INTO `t_exam_qu` (`id`, `exam_id`, `qu_id`, `qu_type`, `sort`, `del_flag`) VALUES ('5c44ba1ad7a7ca376d64ea8954ba281b', 'a9ad04a95ba4be33bdc94c18f8f6bb5a', '1589584331251236866', 3, 5, 0);
INSERT INTO `t_exam_qu` (`id`, `exam_id`, `qu_id`, `qu_type`, `sort`, `del_flag`) VALUES ('60c03ea2d0fb3ebe23f330b25add760f', '65f15365c34d05fea272a2c15f16a5d0', '1588897199314509826', 1, 5, 0);
INSERT INTO `t_exam_qu` (`id`, `exam_id`, `qu_id`, `qu_type`, `sort`, `del_flag`) VALUES ('60e60aec838e5ea29b4a14a03b9dcd64', '65f15365c34d05fea272a2c15f16a5d0', '1588088507946016769', 1, 6, 0);
INSERT INTO `t_exam_qu` (`id`, `exam_id`, `qu_id`, `qu_type`, `sort`, `del_flag`) VALUES ('60f430ddb43923cc876fbfcf753432fb', 'd1fe3939247b15c771a6158f2c0bed2b', '1588897199314509826', 1, 0, 0);
INSERT INTO `t_exam_qu` (`id`, `exam_id`, `qu_id`, `qu_type`, `sort`, `del_flag`) VALUES ('60f83e586c8f943d1c3605647bde22aa', '2187b4dcc1e86dd7bb4e2d031c691969', '1550343195391553538', 1, 5, 0);
INSERT INTO `t_exam_qu` (`id`, `exam_id`, `qu_id`, `qu_type`, `sort`, `del_flag`) VALUES ('60f97414180d06aa81d93bdb8725f968', 'a9ad04a95ba4be33bdc94c18f8f6bb5a', '1550343195391553538', 1, 3, 2);
INSERT INTO `t_exam_qu` (`id`, `exam_id`, `qu_id`, `qu_type`, `sort`, `del_flag`) VALUES ('62e987f774f951fd4bc491d981688497', 'a9ad04a95ba4be33bdc94c18f8f6bb5a', '1588897199314509826', 1, 0, 2);
INSERT INTO `t_exam_qu` (`id`, `exam_id`, `qu_id`, `qu_type`, `sort`, `del_flag`) VALUES ('6389a22af8856f0606d8dc954c867de9', 'd1fe3939247b15c771a6158f2c0bed2b', '1588088507946016769', 1, 0, 2);
INSERT INTO `t_exam_qu` (`id`, `exam_id`, `qu_id`, `qu_type`, `sort`, `del_flag`) VALUES ('6721334b27354d74272a93e2ae0dac69', 'd1fe3939247b15c771a6158f2c0bed2b', '1588088507946016769', 1, 1, 2);
INSERT INTO `t_exam_qu` (`id`, `exam_id`, `qu_id`, `qu_type`, `sort`, `del_flag`) VALUES ('715cede672b2d85f009c15c93d825188', '2187b4dcc1e86dd7bb4e2d031c691969', '1589584331251236866', 3, 0, 0);
INSERT INTO `t_exam_qu` (`id`, `exam_id`, `qu_id`, `qu_type`, `sort`, `del_flag`) VALUES ('751a291f7b81d7da9f7f9a770264ee2e', 'a9ad04a95ba4be33bdc94c18f8f6bb5a', '1550342870903418882', 1, 3, 0);
INSERT INTO `t_exam_qu` (`id`, `exam_id`, `qu_id`, `qu_type`, `sort`, `del_flag`) VALUES ('79c2ca17b8156bc8b29b90b04ccd271d', '2187b4dcc1e86dd7bb4e2d031c691969', '1588088507946016769', 1, 3, 0);
INSERT INTO `t_exam_qu` (`id`, `exam_id`, `qu_id`, `qu_type`, `sort`, `del_flag`) VALUES ('81996d30ede1cbcdcb03939ce53d92af', 'd1fe3939247b15c771a6158f2c0bed2b', '1588088507946016769', 1, 0, 2);
INSERT INTO `t_exam_qu` (`id`, `exam_id`, `qu_id`, `qu_type`, `sort`, `del_flag`) VALUES ('84846b1d472bb940f88f7df8b78a4b33', 'd1fe3939247b15c771a6158f2c0bed2b', '1588088507946016769', 1, 1, 2);
INSERT INTO `t_exam_qu` (`id`, `exam_id`, `qu_id`, `qu_type`, `sort`, `del_flag`) VALUES ('851dcced7fe7bd00d786448b6ccfd989', 'a9ad04a95ba4be33bdc94c18f8f6bb5a', '1550342870903418882', 1, 3, 2);
INSERT INTO `t_exam_qu` (`id`, `exam_id`, `qu_id`, `qu_type`, `sort`, `del_flag`) VALUES ('869d77f906feb3cc6f4a2c9d4e12d1b8', 'a9ad04a95ba4be33bdc94c18f8f6bb5a', '1588088507946016769', 1, 2, 0);
INSERT INTO `t_exam_qu` (`id`, `exam_id`, `qu_id`, `qu_type`, `sort`, `del_flag`) VALUES ('870c4754c753f1aff43a3ad223eaf4ac', '65f15365c34d05fea272a2c15f16a5d0', '1589576599081172994', 2, 4, 0);
INSERT INTO `t_exam_qu` (`id`, `exam_id`, `qu_id`, `qu_type`, `sort`, `del_flag`) VALUES ('870e8d43756f6da2075275079f22f242', 'a9ad04a95ba4be33bdc94c18f8f6bb5a', '1550343195391553538', 1, 3, 2);
INSERT INTO `t_exam_qu` (`id`, `exam_id`, `qu_id`, `qu_type`, `sort`, `del_flag`) VALUES ('893c96df5f2dd9e6aee798baeab6bf8d', 'a9ad04a95ba4be33bdc94c18f8f6bb5a', '1550342870903418882', 1, 2, 2);
INSERT INTO `t_exam_qu` (`id`, `exam_id`, `qu_id`, `qu_type`, `sort`, `del_flag`) VALUES ('8df31eac65743cd18600a481ab0eac23', 'd1fe3939247b15c771a6158f2c0bed2b', '1588897199314509826', 1, 1, 2);
INSERT INTO `t_exam_qu` (`id`, `exam_id`, `qu_id`, `qu_type`, `sort`, `del_flag`) VALUES ('99ce1362c325ca5efb76f0180d8f5510', 'a9ad04a95ba4be33bdc94c18f8f6bb5a', '1588897199314509826', 1, 0, 2);
INSERT INTO `t_exam_qu` (`id`, `exam_id`, `qu_id`, `qu_type`, `sort`, `del_flag`) VALUES ('9db5d942a46eff7d503ef46709cb064c', 'a9ad04a95ba4be33bdc94c18f8f6bb5a', '1588088507946016769', 1, 1, 2);
INSERT INTO `t_exam_qu` (`id`, `exam_id`, `qu_id`, `qu_type`, `sort`, `del_flag`) VALUES ('9fe643e6547e3045231855fc237a3c63', 'a9ad04a95ba4be33bdc94c18f8f6bb5a', '1550343195391553538', 1, 4, 0);
INSERT INTO `t_exam_qu` (`id`, `exam_id`, `qu_id`, `qu_type`, `sort`, `del_flag`) VALUES ('a2c8b6c57d3c67b16a51028bb5fc10b7', '65f15365c34d05fea272a2c15f16a5d0', '1591006011991265282', 2, 2, 0);
INSERT INTO `t_exam_qu` (`id`, `exam_id`, `qu_id`, `qu_type`, `sort`, `del_flag`) VALUES ('a4388660e483b55898118905c1f4a878', 'a9ad04a95ba4be33bdc94c18f8f6bb5a', '1550342870903418882', 1, 2, 2);
INSERT INTO `t_exam_qu` (`id`, `exam_id`, `qu_id`, `qu_type`, `sort`, `del_flag`) VALUES ('a94c6986fceccadec07af793ee1cd6a1', 'a9ad04a95ba4be33bdc94c18f8f6bb5a', '1588897199314509826', 1, 0, 2);
INSERT INTO `t_exam_qu` (`id`, `exam_id`, `qu_id`, `qu_type`, `sort`, `del_flag`) VALUES ('aedd7453ba3fa8210b8b3f7e8627950d', '2e02fc5a98351fad1dff699b134da889', '1589576599081172994', 2, 0, 0);
INSERT INTO `t_exam_qu` (`id`, `exam_id`, `qu_id`, `qu_type`, `sort`, `del_flag`) VALUES ('b334bbdea57ee3c665dae3839ea9a423', '65f15365c34d05fea272a2c15f16a5d0', '1591012842625093634', 1, 1, 0);
INSERT INTO `t_exam_qu` (`id`, `exam_id`, `qu_id`, `qu_type`, `sort`, `del_flag`) VALUES ('c1d1ccebbdd052c3c573eb714e2e0fb6', 'a9ad04a95ba4be33bdc94c18f8f6bb5a', '1589576599081172994', 2, 0, 0);
INSERT INTO `t_exam_qu` (`id`, `exam_id`, `qu_id`, `qu_type`, `sort`, `del_flag`) VALUES ('c1dc8985be38ea272cdadf3a28f5846c', 'a9ad04a95ba4be33bdc94c18f8f6bb5a', '1550343195391553538', 1, 2, 2);
INSERT INTO `t_exam_qu` (`id`, `exam_id`, `qu_id`, `qu_type`, `sort`, `del_flag`) VALUES ('ca01fd31eb4cba2f4c82f133974f0c42', 'a9ad04a95ba4be33bdc94c18f8f6bb5a', '1550343195391553538', 1, 2, 2);
INSERT INTO `t_exam_qu` (`id`, `exam_id`, `qu_id`, `qu_type`, `sort`, `del_flag`) VALUES ('cb64f8683709c214f3980474ab950921', '2187b4dcc1e86dd7bb4e2d031c691969', '1550342870903418882', 1, 4, 0);
INSERT INTO `t_exam_qu` (`id`, `exam_id`, `qu_id`, `qu_type`, `sort`, `del_flag`) VALUES ('ce0f7dbff2145a4c3be07cdacf2ecc47', 'a9ad04a95ba4be33bdc94c18f8f6bb5a', '1550342870903418882', 1, 2, 2);
INSERT INTO `t_exam_qu` (`id`, `exam_id`, `qu_id`, `qu_type`, `sort`, `del_flag`) VALUES ('cecddab0382c54a8111595799d7b9aef', 'a9ad04a95ba4be33bdc94c18f8f6bb5a', '1588897199314509826', 1, 1, 0);
INSERT INTO `t_exam_qu` (`id`, `exam_id`, `qu_id`, `qu_type`, `sort`, `del_flag`) VALUES ('cf49c88965dd788b7a32937d33494466', 'a9ad04a95ba4be33bdc94c18f8f6bb5a', '1588088507946016769', 1, 1, 2);
INSERT INTO `t_exam_qu` (`id`, `exam_id`, `qu_id`, `qu_type`, `sort`, `del_flag`) VALUES ('d2486ce8da035b68736c966c8e7e31b5', 'd0e0a8fa212aca71ec1d7da2861ad699', '1589584331251236866', 3, 1, 0);
INSERT INTO `t_exam_qu` (`id`, `exam_id`, `qu_id`, `qu_type`, `sort`, `del_flag`) VALUES ('d2586d1e18e8c1fcc84dd05469f9820b', 'e22759f5f04ccc9d2902e6979b62c9cb', '1588088507946016769', 1, 1, 2);
INSERT INTO `t_exam_qu` (`id`, `exam_id`, `qu_id`, `qu_type`, `sort`, `del_flag`) VALUES ('dadce0ade3b74527ad56d469974f34fe', 'd1fe3939247b15c771a6158f2c0bed2b', '1588088507946016769', 1, 1, 0);
INSERT INTO `t_exam_qu` (`id`, `exam_id`, `qu_id`, `qu_type`, `sort`, `del_flag`) VALUES ('debf111f2cf4f5765846fdedfa42fb11', 'd1fe3939247b15c771a6158f2c0bed2b', '1588897199314509826', 1, 1, 2);
INSERT INTO `t_exam_qu` (`id`, `exam_id`, `qu_id`, `qu_type`, `sort`, `del_flag`) VALUES ('dedd6237c060fcf20ea1cf8208807d3d', '65f15365c34d05fea272a2c15f16a5d0', '1591012984707141633', 3, 0, 0);
INSERT INTO `t_exam_qu` (`id`, `exam_id`, `qu_id`, `qu_type`, `sort`, `del_flag`) VALUES ('e4a5cbf1753b6999dd0490b7f7fcd55c', 'a9ad04a95ba4be33bdc94c18f8f6bb5a', '1588897199314509826', 1, 0, 2);
INSERT INTO `t_exam_qu` (`id`, `exam_id`, `qu_id`, `qu_type`, `sort`, `del_flag`) VALUES ('e737b0bf777a26aa96afe44dac077e8d', 'a9ad04a95ba4be33bdc94c18f8f6bb5a', '1589576599081172994', 2, 4, 2);
INSERT INTO `t_exam_qu` (`id`, `exam_id`, `qu_id`, `qu_type`, `sort`, `del_flag`) VALUES ('e9bb6d76969de73262a77745d9aacbb1', 'd1fe3939247b15c771a6158f2c0bed2b', '1588897199314509826', 1, 0, 2);
INSERT INTO `t_exam_qu` (`id`, `exam_id`, `qu_id`, `qu_type`, `sort`, `del_flag`) VALUES ('ea8e0a8a2b621f12fb5cc8cab34552da', 'a9ad04a95ba4be33bdc94c18f8f6bb5a', '1588088507946016769', 1, 1, 2);
INSERT INTO `t_exam_qu` (`id`, `exam_id`, `qu_id`, `qu_type`, `sort`, `del_flag`) VALUES ('ee4144d5f2bae071a959d9dcc7439fdb', 'a9ad04a95ba4be33bdc94c18f8f6bb5a', '1588088507946016769', 1, 1, 2);
INSERT INTO `t_exam_qu` (`id`, `exam_id`, `qu_id`, `qu_type`, `sort`, `del_flag`) VALUES ('f6e5d138abd66e0646baeb477983ffaa', 'a9ad04a95ba4be33bdc94c18f8f6bb5a', '1550343195391553538', 1, 3, 2);
INSERT INTO `t_exam_qu` (`id`, `exam_id`, `qu_id`, `qu_type`, `sort`, `del_flag`) VALUES ('f81e9976940bb14976f41fb7f7f66483', 'a9ad04a95ba4be33bdc94c18f8f6bb5a', '1550343195391553538', 1, 3, 2);
INSERT INTO `t_exam_qu` (`id`, `exam_id`, `qu_id`, `qu_type`, `sort`, `del_flag`) VALUES ('fa7f5dcc3b42999fb0b823337f660a61', 'a9ad04a95ba4be33bdc94c18f8f6bb5a', '1550342870903418882', 1, 1, 2);
INSERT INTO `t_exam_qu` (`id`, `exam_id`, `qu_id`, `qu_type`, `sort`, `del_flag`) VALUES ('fbe93abd0daddc69afb22250fb4d41a3', 'a9ad04a95ba4be33bdc94c18f8f6bb5a', '1550342870903418882', 1, 2, 2);
INSERT INTO `t_exam_qu` (`id`, `exam_id`, `qu_id`, `qu_type`, `sort`, `del_flag`) VALUES ('fd4e74565097f116c285321e9745d015', 'a9ad04a95ba4be33bdc94c18f8f6bb5a', '1588897199314509826', 1, 0, 2);
COMMIT;

-- ----------------------------
-- Table structure for t_exam_qu_answer
-- ----------------------------
DROP TABLE IF EXISTS `t_exam_qu_answer`;
CREATE TABLE `t_exam_qu_answer` (
  `id` varchar(64) NOT NULL COMMENT '自增ID',
  `exam_id` varchar(64) NOT NULL COMMENT '问卷ID',
  `answer_id` varchar(32) DEFAULT NULL COMMENT '回答项ID',
  `qu_id` varchar(32) NOT NULL COMMENT '题目ID',
  `sort` int NOT NULL DEFAULT '0' COMMENT '排序',
  `abc` varchar(64) DEFAULT '' COMMENT '选项标签',
  `del_flag` int NOT NULL DEFAULT '0',
  PRIMARY KEY (`id`),
  KEY `exam_id` (`exam_id`),
  KEY `paper_qu_id` (`exam_id`,`qu_id`),
  KEY `qu_id` (`qu_id`),
  KEY `sort` (`sort`)
) ENGINE=InnoDB DEFAULT CHARSET=utf8mb4 COLLATE=utf8mb4_0900_ai_ci COMMENT='问卷题目备选答案';

-- ----------------------------
-- Records of t_exam_qu_answer
-- ----------------------------
BEGIN;
INSERT INTO `t_exam_qu_answer` (`id`, `exam_id`, `answer_id`, `qu_id`, `sort`, `abc`, `del_flag`) VALUES ('01e99f26fc21d95ccc4efbd8ca1834f0', 'a9ad04a95ba4be33bdc94c18f8f6bb5a', '1550343195987144706', '1550343195391553538', 0, 'A', 0);
INSERT INTO `t_exam_qu_answer` (`id`, `exam_id`, `answer_id`, `qu_id`, `sort`, `abc`, `del_flag`) VALUES ('040287e7be28ae7f8bc4dee553425209', 'a9ad04a95ba4be33bdc94c18f8f6bb5a', '1588088508604522498', '1588088507946016769', 1, 'B', 2);
INSERT INTO `t_exam_qu_answer` (`id`, `exam_id`, `answer_id`, `qu_id`, `sort`, `abc`, `del_flag`) VALUES ('04beae6f48138dd6f8f627e98ef189e8', 'a9ad04a95ba4be33bdc94c18f8f6bb5a', '1550343195987144706', '1550343195391553538', 0, 'A', 2);
INSERT INTO `t_exam_qu_answer` (`id`, `exam_id`, `answer_id`, `qu_id`, `sort`, `abc`, `del_flag`) VALUES ('057d4534aecb65c85e3cf4df5097b7a3', '65f15365c34d05fea272a2c15f16a5d0', '1591006013425717250', '1591006011991265282', 3, 'D', 0);
INSERT INTO `t_exam_qu_answer` (`id`, `exam_id`, `answer_id`, `qu_id`, `sort`, `abc`, `del_flag`) VALUES ('069dcf802958f3702037e64d21b548ed', '65f15365c34d05fea272a2c15f16a5d0', '1591006013421522946', '1591006011991265282', 2, 'C', 0);
INSERT INTO `t_exam_qu_answer` (`id`, `exam_id`, `answer_id`, `qu_id`, `sort`, `abc`, `del_flag`) VALUES ('07ea0a242e3ea27d4d0d2fcfcada6da1', 'd0e0a8fa212aca71ec1d7da2861ad699', '1589576600217829379', '1589576599081172994', 3, 'D', 0);
INSERT INTO `t_exam_qu_answer` (`id`, `exam_id`, `answer_id`, `qu_id`, `sort`, `abc`, `del_flag`) VALUES ('099a8d241ecaa3cb07676d1e0873acdf', 'a9ad04a95ba4be33bdc94c18f8f6bb5a', '1589584331301568513', '1589584331251236866', 0, 'A', 0);
INSERT INTO `t_exam_qu_answer` (`id`, `exam_id`, `answer_id`, `qu_id`, `sort`, `abc`, `del_flag`) VALUES ('0cec9968f0fefd336fd673cca16e1c66', '2e02fc5a98351fad1dff699b134da889', '1588897199402590210', '1588897199314509826', 3, 'D', 0);
INSERT INTO `t_exam_qu_answer` (`id`, `exam_id`, `answer_id`, `qu_id`, `sort`, `abc`, `del_flag`) VALUES ('1024f81687572c98116d97281fb45ab8', '65f15365c34d05fea272a2c15f16a5d0', '1591012985638277121', '1591012984707141633', 1, 'B', 0);
INSERT INTO `t_exam_qu_answer` (`id`, `exam_id`, `answer_id`, `qu_id`, `sort`, `abc`, `del_flag`) VALUES ('105d0d9f771cacb3a1f1ef8d4573dff7', '65f15365c34d05fea272a2c15f16a5d0', '1588897199394201601', '1588897199314509826', 0, 'A', 0);
INSERT INTO `t_exam_qu_answer` (`id`, `exam_id`, `answer_id`, `qu_id`, `sort`, `abc`, `del_flag`) VALUES ('1130fd3996a20de43c734f07da0814b1', 'a9ad04a95ba4be33bdc94c18f8f6bb5a', '1588088508604522498', '1588088507946016769', 1, 'B', 2);
INSERT INTO `t_exam_qu_answer` (`id`, `exam_id`, `answer_id`, `qu_id`, `sort`, `abc`, `del_flag`) VALUES ('14328281cbfe975142ae8fef0efd2903', '2187b4dcc1e86dd7bb4e2d031c691969', '1588897199398395905', '1588897199314509826', 1, 'B', 0);
INSERT INTO `t_exam_qu_answer` (`id`, `exam_id`, `answer_id`, `qu_id`, `sort`, `abc`, `del_flag`) VALUES ('14ac403c59db335740a467e0b2d388b2', 'a9ad04a95ba4be33bdc94c18f8f6bb5a', '1550343195995533313', '1550343195391553538', 1, 'B', 2);
INSERT INTO `t_exam_qu_answer` (`id`, `exam_id`, `answer_id`, `qu_id`, `sort`, `abc`, `del_flag`) VALUES ('15e7527d4a3ac17126f56e11eb8b6dcf', '65f15365c34d05fea272a2c15f16a5d0', '1588897199402590210', '1588897199314509826', 3, 'D', 0);
INSERT INTO `t_exam_qu_answer` (`id`, `exam_id`, `answer_id`, `qu_id`, `sort`, `abc`, `del_flag`) VALUES ('172819d6de9021408c8db8d63204d458', 'd1fe3939247b15c771a6158f2c0bed2b', '1588897199394201601', '1588897199314509826', 0, 'A', 2);
INSERT INTO `t_exam_qu_answer` (`id`, `exam_id`, `answer_id`, `qu_id`, `sort`, `abc`, `del_flag`) VALUES ('18d19fbca415a3f0a9124e055ada2b27', 'a9ad04a95ba4be33bdc94c18f8f6bb5a', '1588897199402590210', '1588897199314509826', 3, 'D', 2);
INSERT INTO `t_exam_qu_answer` (`id`, `exam_id`, `answer_id`, `qu_id`, `sort`, `abc`, `del_flag`) VALUES ('199e7ecb855504bc42ff9aa5e1b54838', 'a9ad04a95ba4be33bdc94c18f8f6bb5a', '1550342872069435393', '1550342870903418882', 1, 'B', 2);
INSERT INTO `t_exam_qu_answer` (`id`, `exam_id`, `answer_id`, `qu_id`, `sort`, `abc`, `del_flag`) VALUES ('1d5540f0377bab71f46ace232feba98e', 'a9ad04a95ba4be33bdc94c18f8f6bb5a', '1550342872073629698', '1550342870903418882', 2, 'C', 2);
INSERT INTO `t_exam_qu_answer` (`id`, `exam_id`, `answer_id`, `qu_id`, `sort`, `abc`, `del_flag`) VALUES ('22c6712fbd377ceba321b82ec4ccb0cc', '65f15365c34d05fea272a2c15f16a5d0', '1591006013413134338', '1591006011991265282', 0, 'A', 0);
INSERT INTO `t_exam_qu_answer` (`id`, `exam_id`, `answer_id`, `qu_id`, `sort`, `abc`, `del_flag`) VALUES ('234d106c4341afebc3c1fed91c96f4af', 'd0e0a8fa212aca71ec1d7da2861ad699', '1589584331301568513', '1589584331251236866', 0, 'A', 0);
INSERT INTO `t_exam_qu_answer` (`id`, `exam_id`, `answer_id`, `qu_id`, `sort`, `abc`, `del_flag`) VALUES ('24aa6a740e1a3d6e01e47bb8e5d56d98', 'a9ad04a95ba4be33bdc94c18f8f6bb5a', '1550342872073629699', '1550342870903418882', 3, 'D', 2);
INSERT INTO `t_exam_qu_answer` (`id`, `exam_id`, `answer_id`, `qu_id`, `sort`, `abc`, `del_flag`) VALUES ('252d401f2a22df6f589f0e1797e227cd', '2e02fc5a98351fad1dff699b134da889', '1589576600217829377', '1589576599081172994', 1, 'B', 0);
INSERT INTO `t_exam_qu_answer` (`id`, `exam_id`, `answer_id`, `qu_id`, `sort`, `abc`, `del_flag`) VALUES ('25647ba191ac5b3c6aa74db7e6056550', 'a9ad04a95ba4be33bdc94c18f8f6bb5a', '1550343195999727618', '1550343195391553538', 2, 'C', 2);
INSERT INTO `t_exam_qu_answer` (`id`, `exam_id`, `answer_id`, `qu_id`, `sort`, `abc`, `del_flag`) VALUES ('2597d1f048160b2d3152955a16311b5a', '65f15365c34d05fea272a2c15f16a5d0', '1589584331305762817', '1589584331251236866', 1, 'B', 0);
INSERT INTO `t_exam_qu_answer` (`id`, `exam_id`, `answer_id`, `qu_id`, `sort`, `abc`, `del_flag`) VALUES ('28175d0559bfc81ede1b29902b311c06', 'a9ad04a95ba4be33bdc94c18f8f6bb5a', '1550342872069435393', '1550342870903418882', 1, 'B', 2);
INSERT INTO `t_exam_qu_answer` (`id`, `exam_id`, `answer_id`, `qu_id`, `sort`, `abc`, `del_flag`) VALUES ('284e5fabcd8e43116ba676e7ad324027', 'a9ad04a95ba4be33bdc94c18f8f6bb5a', '1588088508591939585', '1588088507946016769', 0, 'A', 2);
INSERT INTO `t_exam_qu_answer` (`id`, `exam_id`, `answer_id`, `qu_id`, `sort`, `abc`, `del_flag`) VALUES ('2a465cf3de86cd039f0b17696ec629a7', 'a9ad04a95ba4be33bdc94c18f8f6bb5a', '1550343195999727618', '1550343195391553538', 2, 'C', 2);
INSERT INTO `t_exam_qu_answer` (`id`, `exam_id`, `answer_id`, `qu_id`, `sort`, `abc`, `del_flag`) VALUES ('2a536ce0ae0dad5401675e7a40976869', 'a9ad04a95ba4be33bdc94c18f8f6bb5a', '1588897199394201601', '1588897199314509826', 0, 'A', 2);
INSERT INTO `t_exam_qu_answer` (`id`, `exam_id`, `answer_id`, `qu_id`, `sort`, `abc`, `del_flag`) VALUES ('2b84f2752bc472535612e51fdf05c9f6', 'a9ad04a95ba4be33bdc94c18f8f6bb5a', '1588897199402590209', '1588897199314509826', 2, 'C', 2);
INSERT INTO `t_exam_qu_answer` (`id`, `exam_id`, `answer_id`, `qu_id`, `sort`, `abc`, `del_flag`) VALUES ('2bdaf77d4ca2fb31f12be7fd23aaf2aa', '65f15365c34d05fea272a2c15f16a5d0', '1588897199402590209', '1588897199314509826', 2, 'C', 0);
INSERT INTO `t_exam_qu_answer` (`id`, `exam_id`, `answer_id`, `qu_id`, `sort`, `abc`, `del_flag`) VALUES ('2c020b43caabce029d49fb264f483018', '2187b4dcc1e86dd7bb4e2d031c691969', '1550342872073629698', '1550342870903418882', 2, 'C', 0);
INSERT INTO `t_exam_qu_answer` (`id`, `exam_id`, `answer_id`, `qu_id`, `sort`, `abc`, `del_flag`) VALUES ('300bcfe9443947fbd5f7165f618e6883', 'a9ad04a95ba4be33bdc94c18f8f6bb5a', '1550342872073629699', '1550342870903418882', 3, 'D', 0);
INSERT INTO `t_exam_qu_answer` (`id`, `exam_id`, `answer_id`, `qu_id`, `sort`, `abc`, `del_flag`) VALUES ('301bfb017c40ac6fb59ed5e7f7804a9f', 'd1fe3939247b15c771a6158f2c0bed2b', '1588088508591939585', '1588088507946016769', 0, 'A', 2);
INSERT INTO `t_exam_qu_answer` (`id`, `exam_id`, `answer_id`, `qu_id`, `sort`, `abc`, `del_flag`) VALUES ('32162740314060f7b0f173946cd02aa1', 'd1fe3939247b15c771a6158f2c0bed2b', '1588897199402590210', '1588897199314509826', 3, 'D', 2);
INSERT INTO `t_exam_qu_answer` (`id`, `exam_id`, `answer_id`, `qu_id`, `sort`, `abc`, `del_flag`) VALUES ('323ee2e55d00dddeaefb4e809ae0a94c', 'd1fe3939247b15c771a6158f2c0bed2b', '1588897199402590209', '1588897199314509826', 2, 'C', 2);
INSERT INTO `t_exam_qu_answer` (`id`, `exam_id`, `answer_id`, `qu_id`, `sort`, `abc`, `del_flag`) VALUES ('332eba1834d2d741d05dcd0e52af2150', '2187b4dcc1e86dd7bb4e2d031c691969', '1589576600217829378', '1589576599081172994', 2, 'C', 0);
INSERT INTO `t_exam_qu_answer` (`id`, `exam_id`, `answer_id`, `qu_id`, `sort`, `abc`, `del_flag`) VALUES ('3347e762c2c8dfae290629f883ac93c0', 'a9ad04a95ba4be33bdc94c18f8f6bb5a', '1550343195999727618', '1550343195391553538', 2, 'C', 2);
INSERT INTO `t_exam_qu_answer` (`id`, `exam_id`, `answer_id`, `qu_id`, `sort`, `abc`, `del_flag`) VALUES ('342eaef94fcad722cf7252799089a7f7', 'a9ad04a95ba4be33bdc94c18f8f6bb5a', '1550343195987144706', '1550343195391553538', 0, 'A', 2);
INSERT INTO `t_exam_qu_answer` (`id`, `exam_id`, `answer_id`, `qu_id`, `sort`, `abc`, `del_flag`) VALUES ('366da1452a0bf20a590a0480bcb6f411', 'd1fe3939247b15c771a6158f2c0bed2b', '1588897199398395905', '1588897199314509826', 1, 'B', 2);
INSERT INTO `t_exam_qu_answer` (`id`, `exam_id`, `answer_id`, `qu_id`, `sort`, `abc`, `del_flag`) VALUES ('373aa2cfda537cda820667f5204e308d', 'a9ad04a95ba4be33bdc94c18f8f6bb5a', '1550343195995533313', '1550343195391553538', 1, 'B', 2);
INSERT INTO `t_exam_qu_answer` (`id`, `exam_id`, `answer_id`, `qu_id`, `sort`, `abc`, `del_flag`) VALUES ('377f9a59581a455facdd8cdad750e881', 'a9ad04a95ba4be33bdc94c18f8f6bb5a', '1588897199394201601', '1588897199314509826', 0, 'A', 2);
INSERT INTO `t_exam_qu_answer` (`id`, `exam_id`, `answer_id`, `qu_id`, `sort`, `abc`, `del_flag`) VALUES ('382c5a09d8be4a99f751f764ad2312a4', 'a9ad04a95ba4be33bdc94c18f8f6bb5a', '1588897199402590210', '1588897199314509826', 3, 'D', 2);
INSERT INTO `t_exam_qu_answer` (`id`, `exam_id`, `answer_id`, `qu_id`, `sort`, `abc`, `del_flag`) VALUES ('385ea5a9839c07e8fc06db879c33773c', 'a9ad04a95ba4be33bdc94c18f8f6bb5a', '1588897199394201601', '1588897199314509826', 0, 'A', 2);
INSERT INTO `t_exam_qu_answer` (`id`, `exam_id`, `answer_id`, `qu_id`, `sort`, `abc`, `del_flag`) VALUES ('396b78eb3305d6323031bab1d238c696', 'a9ad04a95ba4be33bdc94c18f8f6bb5a', '1589576600217829377', '1589576599081172994', 1, 'B', 0);
INSERT INTO `t_exam_qu_answer` (`id`, `exam_id`, `answer_id`, `qu_id`, `sort`, `abc`, `del_flag`) VALUES ('3976986e4fc9c9b6371a0c0ae36758b0', '2187b4dcc1e86dd7bb4e2d031c691969', '1550343195995533313', '1550343195391553538', 1, 'B', 0);
INSERT INTO `t_exam_qu_answer` (`id`, `exam_id`, `answer_id`, `qu_id`, `sort`, `abc`, `del_flag`) VALUES ('3a8bd8b81e00d21a16a094679a311740', 'a9ad04a95ba4be33bdc94c18f8f6bb5a', '1588897199394201601', '1588897199314509826', 0, 'A', 2);
INSERT INTO `t_exam_qu_answer` (`id`, `exam_id`, `answer_id`, `qu_id`, `sort`, `abc`, `del_flag`) VALUES ('3ad4d18b96ce1a984349892e9b31f122', 'a9ad04a95ba4be33bdc94c18f8f6bb5a', '1589584331305762817', '1589584331251236866', 1, 'B', 0);
INSERT INTO `t_exam_qu_answer` (`id`, `exam_id`, `answer_id`, `qu_id`, `sort`, `abc`, `del_flag`) VALUES ('3c93655a1fd0c8427effd6f74cdac591', 'a9ad04a95ba4be33bdc94c18f8f6bb5a', '1550342872061046785', '1550342870903418882', 0, 'A', 2);
INSERT INTO `t_exam_qu_answer` (`id`, `exam_id`, `answer_id`, `qu_id`, `sort`, `abc`, `del_flag`) VALUES ('3f6fe525093ca9922082c740a604e86a', 'd1fe3939247b15c771a6158f2c0bed2b', '1588897199398395905', '1588897199314509826', 1, 'B', 2);
INSERT INTO `t_exam_qu_answer` (`id`, `exam_id`, `answer_id`, `qu_id`, `sort`, `abc`, `del_flag`) VALUES ('40510b3322cefa1a69fe30c374baab08', '65f15365c34d05fea272a2c15f16a5d0', '1591012844361535490', '1591012842625093634', 0, 'A', 0);
INSERT INTO `t_exam_qu_answer` (`id`, `exam_id`, `answer_id`, `qu_id`, `sort`, `abc`, `del_flag`) VALUES ('407640b867aab8d730a716199118c73c', 'a9ad04a95ba4be33bdc94c18f8f6bb5a', '1550343195987144706', '1550343195391553538', 0, 'A', 2);
INSERT INTO `t_exam_qu_answer` (`id`, `exam_id`, `answer_id`, `qu_id`, `sort`, `abc`, `del_flag`) VALUES ('4080b5aa51cc0b34881d93c8d476021b', '2187b4dcc1e86dd7bb4e2d031c691969', '1550342872069435393', '1550342870903418882', 1, 'B', 0);
INSERT INTO `t_exam_qu_answer` (`id`, `exam_id`, `answer_id`, `qu_id`, `sort`, `abc`, `del_flag`) VALUES ('4246a8dc4ea0504628f06470171d558b', 'd0e0a8fa212aca71ec1d7da2861ad699', '1589576600205246466', '1589576599081172994', 0, 'A', 0);
INSERT INTO `t_exam_qu_answer` (`id`, `exam_id`, `answer_id`, `qu_id`, `sort`, `abc`, `del_flag`) VALUES ('42a1026ebea4d8f84a13548d9ed3eb37', 'a9ad04a95ba4be33bdc94c18f8f6bb5a', '1588088508604522498', '1588088507946016769', 1, 'B', 2);
INSERT INTO `t_exam_qu_answer` (`id`, `exam_id`, `answer_id`, `qu_id`, `sort`, `abc`, `del_flag`) VALUES ('432c0b3ec86cb4b748f586f7b81f968c', 'a9ad04a95ba4be33bdc94c18f8f6bb5a', '1550342872073629699', '1550342870903418882', 3, 'D', 2);
INSERT INTO `t_exam_qu_answer` (`id`, `exam_id`, `answer_id`, `qu_id`, `sort`, `abc`, `del_flag`) VALUES ('45f4baef2f17c43c2285f179cbf4d6b5', 'a9ad04a95ba4be33bdc94c18f8f6bb5a', '1550343195999727618', '1550343195391553538', 2, 'C', 2);
INSERT INTO `t_exam_qu_answer` (`id`, `exam_id`, `answer_id`, `qu_id`, `sort`, `abc`, `del_flag`) VALUES ('473bf6a5dd29657f352bc95cff90b68a', 'd1fe3939247b15c771a6158f2c0bed2b', '1588897199394201601', '1588897199314509826', 0, 'A', 2);
INSERT INTO `t_exam_qu_answer` (`id`, `exam_id`, `answer_id`, `qu_id`, `sort`, `abc`, `del_flag`) VALUES ('47c80a6e8fd4ee96a6e5725a9db9b2d6', 'a9ad04a95ba4be33bdc94c18f8f6bb5a', '1550343195995533313', '1550343195391553538', 1, 'B', 0);
INSERT INTO `t_exam_qu_answer` (`id`, `exam_id`, `answer_id`, `qu_id`, `sort`, `abc`, `del_flag`) VALUES ('48c41347c7879516770193240c31be39', 'a9ad04a95ba4be33bdc94c18f8f6bb5a', '1550343196008116225', '1550343195391553538', 3, 'D', 2);
INSERT INTO `t_exam_qu_answer` (`id`, `exam_id`, `answer_id`, `qu_id`, `sort`, `abc`, `del_flag`) VALUES ('497e43afcb4d62400bde7116f2b403b9', '2187b4dcc1e86dd7bb4e2d031c691969', '1550342872061046785', '1550342870903418882', 0, 'A', 0);
INSERT INTO `t_exam_qu_answer` (`id`, `exam_id`, `answer_id`, `qu_id`, `sort`, `abc`, `del_flag`) VALUES ('498eee586758232f540872b989e40482', 'a9ad04a95ba4be33bdc94c18f8f6bb5a', '1550343195995533313', '1550343195391553538', 1, 'B', 2);
INSERT INTO `t_exam_qu_answer` (`id`, `exam_id`, `answer_id`, `qu_id`, `sort`, `abc`, `del_flag`) VALUES ('49a1fab622c9cfa88c674eb513ffc15a', 'e22759f5f04ccc9d2902e6979b62c9cb', '1588088508591939585', '1588088507946016769', 0, 'A', 2);
INSERT INTO `t_exam_qu_answer` (`id`, `exam_id`, `answer_id`, `qu_id`, `sort`, `abc`, `del_flag`) VALUES ('49d3f8cbdfbd1d4253b630de21e61525', '65f15365c34d05fea272a2c15f16a5d0', '1550343196008116225', '1550343195391553538', 3, 'D', 0);
INSERT INTO `t_exam_qu_answer` (`id`, `exam_id`, `answer_id`, `qu_id`, `sort`, `abc`, `del_flag`) VALUES ('4aa334c1552a04abe28f10f940246c86', 'a9ad04a95ba4be33bdc94c18f8f6bb5a', '1588897199398395905', '1588897199314509826', 1, 'B', 2);
INSERT INTO `t_exam_qu_answer` (`id`, `exam_id`, `answer_id`, `qu_id`, `sort`, `abc`, `del_flag`) VALUES ('4dd51ec7e0135f92f089d32c92f3b324', 'a9ad04a95ba4be33bdc94c18f8f6bb5a', '1588088508591939585', '1588088507946016769', 0, 'A', 2);
INSERT INTO `t_exam_qu_answer` (`id`, `exam_id`, `answer_id`, `qu_id`, `sort`, `abc`, `del_flag`) VALUES ('4df653eb0eb03ea3a7932d4902761e9d', '2e02fc5a98351fad1dff699b134da889', '1588897199394201601', '1588897199314509826', 0, 'A', 0);
INSERT INTO `t_exam_qu_answer` (`id`, `exam_id`, `answer_id`, `qu_id`, `sort`, `abc`, `del_flag`) VALUES ('4eac5ab5a372dcbd89e4ace9dde03953', 'd1fe3939247b15c771a6158f2c0bed2b', '1588088508604522498', '1588088507946016769', 1, 'B', 2);
INSERT INTO `t_exam_qu_answer` (`id`, `exam_id`, `answer_id`, `qu_id`, `sort`, `abc`, `del_flag`) VALUES ('524592c78b06c1b318085c77a46df735', 'a9ad04a95ba4be33bdc94c18f8f6bb5a', '1588088508604522498', '1588088507946016769', 1, 'B', 2);
INSERT INTO `t_exam_qu_answer` (`id`, `exam_id`, `answer_id`, `qu_id`, `sort`, `abc`, `del_flag`) VALUES ('53523434d1146dc8d157b70a41943e0d', 'a9ad04a95ba4be33bdc94c18f8f6bb5a', '1588088508591939585', '1588088507946016769', 0, 'A', 2);
INSERT INTO `t_exam_qu_answer` (`id`, `exam_id`, `answer_id`, `qu_id`, `sort`, `abc`, `del_flag`) VALUES ('54629d0ff842efcce470a0971d6e0da6', '65f15365c34d05fea272a2c15f16a5d0', '1589584331301568513', '1589584331251236866', 0, 'A', 0);
INSERT INTO `t_exam_qu_answer` (`id`, `exam_id`, `answer_id`, `qu_id`, `sort`, `abc`, `del_flag`) VALUES ('56b9ac4881e5154e0a023f774d88f77c', 'a9ad04a95ba4be33bdc94c18f8f6bb5a', '1588897199402590210', '1588897199314509826', 3, 'D', 2);
INSERT INTO `t_exam_qu_answer` (`id`, `exam_id`, `answer_id`, `qu_id`, `sort`, `abc`, `del_flag`) VALUES ('57af5a38352c1107351597c38bd577cd', 'a9ad04a95ba4be33bdc94c18f8f6bb5a', '1589576600205246466', '1589576599081172994', 0, 'A', 0);
INSERT INTO `t_exam_qu_answer` (`id`, `exam_id`, `answer_id`, `qu_id`, `sort`, `abc`, `del_flag`) VALUES ('57bab1cfdc3a725d58b40786b667f4f8', 'a9ad04a95ba4be33bdc94c18f8f6bb5a', '1589576600205246466', '1589576599081172994', 0, 'A', 2);
INSERT INTO `t_exam_qu_answer` (`id`, `exam_id`, `answer_id`, `qu_id`, `sort`, `abc`, `del_flag`) VALUES ('57e37bde53f15534c0a0184fc4b0900e', '2e02fc5a98351fad1dff699b134da889', '1589584331305762817', '1589584331251236866', 1, 'B', 0);
INSERT INTO `t_exam_qu_answer` (`id`, `exam_id`, `answer_id`, `qu_id`, `sort`, `abc`, `del_flag`) VALUES ('587b381826d86cb61588853e60efb0e8', 'a9ad04a95ba4be33bdc94c18f8f6bb5a', '1588897199402590210', '1588897199314509826', 3, 'D', 0);
INSERT INTO `t_exam_qu_answer` (`id`, `exam_id`, `answer_id`, `qu_id`, `sort`, `abc`, `del_flag`) VALUES ('590caec528046356dc2dcb4510df75d6', '2187b4dcc1e86dd7bb4e2d031c691969', '1589584331301568513', '1589584331251236866', 0, 'A', 0);
INSERT INTO `t_exam_qu_answer` (`id`, `exam_id`, `answer_id`, `qu_id`, `sort`, `abc`, `del_flag`) VALUES ('5a441b5ebe0159f37ffd4fe5c4886e9e', 'a9ad04a95ba4be33bdc94c18f8f6bb5a', '1550342872061046785', '1550342870903418882', 0, 'A', 0);
INSERT INTO `t_exam_qu_answer` (`id`, `exam_id`, `answer_id`, `qu_id`, `sort`, `abc`, `del_flag`) VALUES ('5adf5c0c424ddfeb406730941608c3ff', 'a9ad04a95ba4be33bdc94c18f8f6bb5a', '1550343196008116225', '1550343195391553538', 3, 'D', 2);
INSERT INTO `t_exam_qu_answer` (`id`, `exam_id`, `answer_id`, `qu_id`, `sort`, `abc`, `del_flag`) VALUES ('5b8059431ca4b74f4e5ba4c1c065bb6c', 'd1fe3939247b15c771a6158f2c0bed2b', '1588897199394201601', '1588897199314509826', 0, 'A', 0);
INSERT INTO `t_exam_qu_answer` (`id`, `exam_id`, `answer_id`, `qu_id`, `sort`, `abc`, `del_flag`) VALUES ('5bf63ae2c9df45d1d41f10ee626ee2ac', '2e02fc5a98351fad1dff699b134da889', '1589576600205246466', '1589576599081172994', 0, 'A', 0);
INSERT INTO `t_exam_qu_answer` (`id`, `exam_id`, `answer_id`, `qu_id`, `sort`, `abc`, `del_flag`) VALUES ('5c0e9a24e98443f0fb41d90f5041235b', 'e22759f5f04ccc9d2902e6979b62c9cb', '1588897199398395905', '1588897199314509826', 1, 'B', 2);
INSERT INTO `t_exam_qu_answer` (`id`, `exam_id`, `answer_id`, `qu_id`, `sort`, `abc`, `del_flag`) VALUES ('5c66d4ad487d4fd80f6cd428af8dd4c6', 'd1fe3939247b15c771a6158f2c0bed2b', '1588897199398395905', '1588897199314509826', 1, 'B', 0);
INSERT INTO `t_exam_qu_answer` (`id`, `exam_id`, `answer_id`, `qu_id`, `sort`, `abc`, `del_flag`) VALUES ('5d8d9ac53f22cc6c4dfd338e7810548a', '65f15365c34d05fea272a2c15f16a5d0', '1589576600217829379', '1589576599081172994', 3, 'D', 0);
INSERT INTO `t_exam_qu_answer` (`id`, `exam_id`, `answer_id`, `qu_id`, `sort`, `abc`, `del_flag`) VALUES ('5f784e9f1c567c27dc0b0a5c726b1579', 'a9ad04a95ba4be33bdc94c18f8f6bb5a', '1550342872061046785', '1550342870903418882', 0, 'A', 2);
INSERT INTO `t_exam_qu_answer` (`id`, `exam_id`, `answer_id`, `qu_id`, `sort`, `abc`, `del_flag`) VALUES ('610208fb8a2f62971231e00166ef5e79', 'a9ad04a95ba4be33bdc94c18f8f6bb5a', '1550343196008116225', '1550343195391553538', 3, 'D', 2);
INSERT INTO `t_exam_qu_answer` (`id`, `exam_id`, `answer_id`, `qu_id`, `sort`, `abc`, `del_flag`) VALUES ('61c99334abc8c74c4ec1f26458c36bd7', '65f15365c34d05fea272a2c15f16a5d0', '1550342872061046785', '1550342870903418882', 0, 'A', 0);
INSERT INTO `t_exam_qu_answer` (`id`, `exam_id`, `answer_id`, `qu_id`, `sort`, `abc`, `del_flag`) VALUES ('648a5d4d2416d80f9594aa37bba14b04', '2e02fc5a98351fad1dff699b134da889', '1588897199398395905', '1588897199314509826', 1, 'B', 0);
INSERT INTO `t_exam_qu_answer` (`id`, `exam_id`, `answer_id`, `qu_id`, `sort`, `abc`, `del_flag`) VALUES ('64d2e5c2305e8b09fd27a7cb01630767', 'a9ad04a95ba4be33bdc94c18f8f6bb5a', '1588897199394201601', '1588897199314509826', 0, 'A', 2);
INSERT INTO `t_exam_qu_answer` (`id`, `exam_id`, `answer_id`, `qu_id`, `sort`, `abc`, `del_flag`) VALUES ('64d818569af3b0285db7744a8fa5f3d9', 'a9ad04a95ba4be33bdc94c18f8f6bb5a', '1550343195987144706', '1550343195391553538', 0, 'A', 2);
INSERT INTO `t_exam_qu_answer` (`id`, `exam_id`, `answer_id`, `qu_id`, `sort`, `abc`, `del_flag`) VALUES ('64e7064d33f789478979516781dd11ba', 'a9ad04a95ba4be33bdc94c18f8f6bb5a', '1550342872073629699', '1550342870903418882', 3, 'D', 2);
INSERT INTO `t_exam_qu_answer` (`id`, `exam_id`, `answer_id`, `qu_id`, `sort`, `abc`, `del_flag`) VALUES ('67e837551f759db093c53561f8467dd8', 'd1fe3939247b15c771a6158f2c0bed2b', '1588088508604522498', '1588088507946016769', 1, 'B', 2);
INSERT INTO `t_exam_qu_answer` (`id`, `exam_id`, `answer_id`, `qu_id`, `sort`, `abc`, `del_flag`) VALUES ('68198b5ffccc6bc7cdae9b8c8d3f989c', '65f15365c34d05fea272a2c15f16a5d0', '1591012985629888514', '1591012984707141633', 0, 'A', 0);
INSERT INTO `t_exam_qu_answer` (`id`, `exam_id`, `answer_id`, `qu_id`, `sort`, `abc`, `del_flag`) VALUES ('686cbb83862b177103da058fb3c637d8', 'a9ad04a95ba4be33bdc94c18f8f6bb5a', '1589576600217829379', '1589576599081172994', 3, 'D', 0);
INSERT INTO `t_exam_qu_answer` (`id`, `exam_id`, `answer_id`, `qu_id`, `sort`, `abc`, `del_flag`) VALUES ('687118982eed1db2ad14909510a7dd31', '2e02fc5a98351fad1dff699b134da889', '1589576600217829378', '1589576599081172994', 2, 'C', 0);
INSERT INTO `t_exam_qu_answer` (`id`, `exam_id`, `answer_id`, `qu_id`, `sort`, `abc`, `del_flag`) VALUES ('68b7b1a8221387fe34a3e4b04bc43b94', 'd1fe3939247b15c771a6158f2c0bed2b', '1588897199402590209', '1588897199314509826', 2, 'C', 2);
INSERT INTO `t_exam_qu_answer` (`id`, `exam_id`, `answer_id`, `qu_id`, `sort`, `abc`, `del_flag`) VALUES ('68c2c06c79e176e29d0ca370a5329c6a', '2187b4dcc1e86dd7bb4e2d031c691969', '1589576600205246466', '1589576599081172994', 0, 'A', 0);
INSERT INTO `t_exam_qu_answer` (`id`, `exam_id`, `answer_id`, `qu_id`, `sort`, `abc`, `del_flag`) VALUES ('6ab49d4e0891e67857dc2be322411e22', 'a9ad04a95ba4be33bdc94c18f8f6bb5a', '1550342872073629698', '1550342870903418882', 2, 'C', 2);
INSERT INTO `t_exam_qu_answer` (`id`, `exam_id`, `answer_id`, `qu_id`, `sort`, `abc`, `del_flag`) VALUES ('6dceac6d11c2a79eb3881c773bf368cf', 'a9ad04a95ba4be33bdc94c18f8f6bb5a', '1550343196008116225', '1550343195391553538', 3, 'D', 2);
INSERT INTO `t_exam_qu_answer` (`id`, `exam_id`, `answer_id`, `qu_id`, `sort`, `abc`, `del_flag`) VALUES ('6eeb0418991d0c1c9c3def33180aca18', 'a9ad04a95ba4be33bdc94c18f8f6bb5a', '1588088508604522498', '1588088507946016769', 1, 'B', 0);
INSERT INTO `t_exam_qu_answer` (`id`, `exam_id`, `answer_id`, `qu_id`, `sort`, `abc`, `del_flag`) VALUES ('708b31ef11e903477823334260610116', 'a9ad04a95ba4be33bdc94c18f8f6bb5a', '1550343195999727618', '1550343195391553538', 2, 'C', 2);
INSERT INTO `t_exam_qu_answer` (`id`, `exam_id`, `answer_id`, `qu_id`, `sort`, `abc`, `del_flag`) VALUES ('713914209462bc08c7509db80ebecfd9', 'e22759f5f04ccc9d2902e6979b62c9cb', '1588897199394201601', '1588897199314509826', 0, 'A', 2);
INSERT INTO `t_exam_qu_answer` (`id`, `exam_id`, `answer_id`, `qu_id`, `sort`, `abc`, `del_flag`) VALUES ('7165f23c563a0d3b31f59d97bb53f814', 'd1fe3939247b15c771a6158f2c0bed2b', '1588897199394201601', '1588897199314509826', 0, 'A', 2);
INSERT INTO `t_exam_qu_answer` (`id`, `exam_id`, `answer_id`, `qu_id`, `sort`, `abc`, `del_flag`) VALUES ('721628695ec75e3e418e6c30d41dd2c1', 'a9ad04a95ba4be33bdc94c18f8f6bb5a', '1588897199398395905', '1588897199314509826', 1, 'B', 2);
INSERT INTO `t_exam_qu_answer` (`id`, `exam_id`, `answer_id`, `qu_id`, `sort`, `abc`, `del_flag`) VALUES ('72b93dbfb5c5297a9608c31b3a339068', 'a9ad04a95ba4be33bdc94c18f8f6bb5a', '1550342872069435393', '1550342870903418882', 1, 'B', 2);
INSERT INTO `t_exam_qu_answer` (`id`, `exam_id`, `answer_id`, `qu_id`, `sort`, `abc`, `del_flag`) VALUES ('74207390200edd4ccb7c7bd2f34f9470', 'a9ad04a95ba4be33bdc94c18f8f6bb5a', '1588897199398395905', '1588897199314509826', 1, 'B', 0);
INSERT INTO `t_exam_qu_answer` (`id`, `exam_id`, `answer_id`, `qu_id`, `sort`, `abc`, `del_flag`) VALUES ('746ced0ba2c72315905ed7932222521f', '2187b4dcc1e86dd7bb4e2d031c691969', '1589576600217829379', '1589576599081172994', 3, 'D', 0);
INSERT INTO `t_exam_qu_answer` (`id`, `exam_id`, `answer_id`, `qu_id`, `sort`, `abc`, `del_flag`) VALUES ('74a8bbbce7b7004e58fb170cbb30c4a4', '2187b4dcc1e86dd7bb4e2d031c691969', '1550342872073629699', '1550342870903418882', 3, 'D', 0);
INSERT INTO `t_exam_qu_answer` (`id`, `exam_id`, `answer_id`, `qu_id`, `sort`, `abc`, `del_flag`) VALUES ('74b1dd6b09052124a811505958bde7af', '65f15365c34d05fea272a2c15f16a5d0', '1588088508604522498', '1588088507946016769', 1, 'B', 0);
INSERT INTO `t_exam_qu_answer` (`id`, `exam_id`, `answer_id`, `qu_id`, `sort`, `abc`, `del_flag`) VALUES ('755710ed01ffe000a4097a5bdcb51435', '2187b4dcc1e86dd7bb4e2d031c691969', '1550343196008116225', '1550343195391553538', 3, 'D', 0);
INSERT INTO `t_exam_qu_answer` (`id`, `exam_id`, `answer_id`, `qu_id`, `sort`, `abc`, `del_flag`) VALUES ('75de2bcd12736a7ae4caf82f5003315c', 'd0e0a8fa212aca71ec1d7da2861ad699', '1589576600217829378', '1589576599081172994', 2, 'C', 0);
INSERT INTO `t_exam_qu_answer` (`id`, `exam_id`, `answer_id`, `qu_id`, `sort`, `abc`, `del_flag`) VALUES ('7603d871da4035ccb20bc28b8f785f42', 'a9ad04a95ba4be33bdc94c18f8f6bb5a', '1550342872073629699', '1550342870903418882', 3, 'D', 2);
INSERT INTO `t_exam_qu_answer` (`id`, `exam_id`, `answer_id`, `qu_id`, `sort`, `abc`, `del_flag`) VALUES ('76c329f82e1b72a92145dbe4aeadf70e', 'a9ad04a95ba4be33bdc94c18f8f6bb5a', '1550342872069435393', '1550342870903418882', 1, 'B', 2);
INSERT INTO `t_exam_qu_answer` (`id`, `exam_id`, `answer_id`, `qu_id`, `sort`, `abc`, `del_flag`) VALUES ('774f63c63efbe4834377c85f3f9ad08c', 'a9ad04a95ba4be33bdc94c18f8f6bb5a', '1550342872073629699', '1550342870903418882', 3, 'D', 2);
INSERT INTO `t_exam_qu_answer` (`id`, `exam_id`, `answer_id`, `qu_id`, `sort`, `abc`, `del_flag`) VALUES ('782ac2a8ce61089f641e6176cba70640', 'a9ad04a95ba4be33bdc94c18f8f6bb5a', '1550343195999727618', '1550343195391553538', 2, 'C', 2);
INSERT INTO `t_exam_qu_answer` (`id`, `exam_id`, `answer_id`, `qu_id`, `sort`, `abc`, `del_flag`) VALUES ('78771cebb7bc5a0c115799bf40b353f4', 'd1fe3939247b15c771a6158f2c0bed2b', '1588088508604522498', '1588088507946016769', 1, 'B', 0);
INSERT INTO `t_exam_qu_answer` (`id`, `exam_id`, `answer_id`, `qu_id`, `sort`, `abc`, `del_flag`) VALUES ('78f7083c9524996051aaa919b0c60126', 'd1fe3939247b15c771a6158f2c0bed2b', '1588088508591939585', '1588088507946016769', 0, 'A', 0);
INSERT INTO `t_exam_qu_answer` (`id`, `exam_id`, `answer_id`, `qu_id`, `sort`, `abc`, `del_flag`) VALUES ('79fe62833e11434de3556c3c6732e6ae', 'a9ad04a95ba4be33bdc94c18f8f6bb5a', '1550342872073629699', '1550342870903418882', 3, 'D', 2);
INSERT INTO `t_exam_qu_answer` (`id`, `exam_id`, `answer_id`, `qu_id`, `sort`, `abc`, `del_flag`) VALUES ('7a86251927fb78c8be496ba893e91358', 'd1fe3939247b15c771a6158f2c0bed2b', '1588088508604522498', '1588088507946016769', 1, 'B', 2);
INSERT INTO `t_exam_qu_answer` (`id`, `exam_id`, `answer_id`, `qu_id`, `sort`, `abc`, `del_flag`) VALUES ('7adc6b26f012413ad6326ea8776e16e4', 'a9ad04a95ba4be33bdc94c18f8f6bb5a', '1588897199402590209', '1588897199314509826', 2, 'C', 2);
INSERT INTO `t_exam_qu_answer` (`id`, `exam_id`, `answer_id`, `qu_id`, `sort`, `abc`, `del_flag`) VALUES ('7beca0c92bc283571e839af730f07772', 'a9ad04a95ba4be33bdc94c18f8f6bb5a', '1550342872073629698', '1550342870903418882', 2, 'C', 2);
INSERT INTO `t_exam_qu_answer` (`id`, `exam_id`, `answer_id`, `qu_id`, `sort`, `abc`, `del_flag`) VALUES ('7ce8e60aea33a4fe98ff3b7747f9dfc7', 'a9ad04a95ba4be33bdc94c18f8f6bb5a', '1588897199398395905', '1588897199314509826', 1, 'B', 2);
INSERT INTO `t_exam_qu_answer` (`id`, `exam_id`, `answer_id`, `qu_id`, `sort`, `abc`, `del_flag`) VALUES ('7ebf32e9d2d6f109a1a29463f7059722', 'a9ad04a95ba4be33bdc94c18f8f6bb5a', '1588897199398395905', '1588897199314509826', 1, 'B', 2);
INSERT INTO `t_exam_qu_answer` (`id`, `exam_id`, `answer_id`, `qu_id`, `sort`, `abc`, `del_flag`) VALUES ('810b150ae592d3d81c95ee8838d32261', '2187b4dcc1e86dd7bb4e2d031c691969', '1588897199402590210', '1588897199314509826', 3, 'D', 0);
INSERT INTO `t_exam_qu_answer` (`id`, `exam_id`, `answer_id`, `qu_id`, `sort`, `abc`, `del_flag`) VALUES ('81a5644d666db28f18d1a3989e92104d', 'a9ad04a95ba4be33bdc94c18f8f6bb5a', '1588897199402590209', '1588897199314509826', 2, 'C', 2);
INSERT INTO `t_exam_qu_answer` (`id`, `exam_id`, `answer_id`, `qu_id`, `sort`, `abc`, `del_flag`) VALUES ('824bcb4a523c80e7cef75c1ba65df950', 'd1fe3939247b15c771a6158f2c0bed2b', '1588088508591939585', '1588088507946016769', 0, 'A', 2);
INSERT INTO `t_exam_qu_answer` (`id`, `exam_id`, `answer_id`, `qu_id`, `sort`, `abc`, `del_flag`) VALUES ('849cbba447e30e83a000bc6a772d90ba', 'a9ad04a95ba4be33bdc94c18f8f6bb5a', '1588088508604522498', '1588088507946016769', 1, 'B', 2);
INSERT INTO `t_exam_qu_answer` (`id`, `exam_id`, `answer_id`, `qu_id`, `sort`, `abc`, `del_flag`) VALUES ('851f91d88bed82c5adbabbd4a8127cef', '65f15365c34d05fea272a2c15f16a5d0', '1591006013421522945', '1591006011991265282', 1, 'B', 0);
INSERT INTO `t_exam_qu_answer` (`id`, `exam_id`, `answer_id`, `qu_id`, `sort`, `abc`, `del_flag`) VALUES ('86f509c6934d479992734a1b11523639', 'a9ad04a95ba4be33bdc94c18f8f6bb5a', '1588897199398395905', '1588897199314509826', 1, 'B', 2);
INSERT INTO `t_exam_qu_answer` (`id`, `exam_id`, `answer_id`, `qu_id`, `sort`, `abc`, `del_flag`) VALUES ('87d76b548fb9202544cf41357e3226cd', '65f15365c34d05fea272a2c15f16a5d0', '1589576600217829378', '1589576599081172994', 2, 'C', 0);
INSERT INTO `t_exam_qu_answer` (`id`, `exam_id`, `answer_id`, `qu_id`, `sort`, `abc`, `del_flag`) VALUES ('88366ef93ca57850725b2e9bf6d64954', 'a9ad04a95ba4be33bdc94c18f8f6bb5a', '1588897199402590209', '1588897199314509826', 2, 'C', 2);
INSERT INTO `t_exam_qu_answer` (`id`, `exam_id`, `answer_id`, `qu_id`, `sort`, `abc`, `del_flag`) VALUES ('8b43fa0b91e02ab8666149f113e5a0da', 'd0e0a8fa212aca71ec1d7da2861ad699', '1589584331305762817', '1589584331251236866', 1, 'B', 0);
INSERT INTO `t_exam_qu_answer` (`id`, `exam_id`, `answer_id`, `qu_id`, `sort`, `abc`, `del_flag`) VALUES ('8b898a1543895622ca78e31f859ac4f8', 'a9ad04a95ba4be33bdc94c18f8f6bb5a', '1550342872061046785', '1550342870903418882', 0, 'A', 2);
INSERT INTO `t_exam_qu_answer` (`id`, `exam_id`, `answer_id`, `qu_id`, `sort`, `abc`, `del_flag`) VALUES ('8d046e007dc8715415b120354463663d', 'd1fe3939247b15c771a6158f2c0bed2b', '1588897199402590210', '1588897199314509826', 3, 'D', 2);
INSERT INTO `t_exam_qu_answer` (`id`, `exam_id`, `answer_id`, `qu_id`, `sort`, `abc`, `del_flag`) VALUES ('8db3df97159927947adeb071a23acb0a', 'd1fe3939247b15c771a6158f2c0bed2b', '1588897199402590209', '1588897199314509826', 2, 'C', 2);
INSERT INTO `t_exam_qu_answer` (`id`, `exam_id`, `answer_id`, `qu_id`, `sort`, `abc`, `del_flag`) VALUES ('8de9fe82e0931ad47dc6b66967c6340a', 'd1fe3939247b15c771a6158f2c0bed2b', '1588897199402590210', '1588897199314509826', 3, 'D', 2);
INSERT INTO `t_exam_qu_answer` (`id`, `exam_id`, `answer_id`, `qu_id`, `sort`, `abc`, `del_flag`) VALUES ('8f19e1c29a89505923795913fe4eb3f4', 'a9ad04a95ba4be33bdc94c18f8f6bb5a', '1550343195987144706', '1550343195391553538', 0, 'A', 2);
INSERT INTO `t_exam_qu_answer` (`id`, `exam_id`, `answer_id`, `qu_id`, `sort`, `abc`, `del_flag`) VALUES ('8f5ee24db744e1bd0cd8b2be924a0e4d', 'a9ad04a95ba4be33bdc94c18f8f6bb5a', '1550343195987144706', '1550343195391553538', 0, 'A', 2);
INSERT INTO `t_exam_qu_answer` (`id`, `exam_id`, `answer_id`, `qu_id`, `sort`, `abc`, `del_flag`) VALUES ('8ff4f64f10274ab3bd45c6f78ed3a67d', '2187b4dcc1e86dd7bb4e2d031c691969', '1588897199394201601', '1588897199314509826', 0, 'A', 0);
INSERT INTO `t_exam_qu_answer` (`id`, `exam_id`, `answer_id`, `qu_id`, `sort`, `abc`, `del_flag`) VALUES ('90a49f2339ae7dbdc99c00aa14ded313', 'a9ad04a95ba4be33bdc94c18f8f6bb5a', '1550342872073629698', '1550342870903418882', 2, 'C', 0);
INSERT INTO `t_exam_qu_answer` (`id`, `exam_id`, `answer_id`, `qu_id`, `sort`, `abc`, `del_flag`) VALUES ('93debd5143106a8968fcd96a9487b76b', 'a9ad04a95ba4be33bdc94c18f8f6bb5a', '1550342872073629698', '1550342870903418882', 2, 'C', 2);
INSERT INTO `t_exam_qu_answer` (`id`, `exam_id`, `answer_id`, `qu_id`, `sort`, `abc`, `del_flag`) VALUES ('9432a7162f4b88f3324c50788c916758', 'a9ad04a95ba4be33bdc94c18f8f6bb5a', '1588897199402590210', '1588897199314509826', 3, 'D', 2);
INSERT INTO `t_exam_qu_answer` (`id`, `exam_id`, `answer_id`, `qu_id`, `sort`, `abc`, `del_flag`) VALUES ('94f7f7f93ec5a80a7709a3f1400e993a', 'a9ad04a95ba4be33bdc94c18f8f6bb5a', '1550342872069435393', '1550342870903418882', 1, 'B', 2);
INSERT INTO `t_exam_qu_answer` (`id`, `exam_id`, `answer_id`, `qu_id`, `sort`, `abc`, `del_flag`) VALUES ('95743ffafa1e8fd4cf1743ffc0720ffd', 'a9ad04a95ba4be33bdc94c18f8f6bb5a', '1550343196008116225', '1550343195391553538', 3, 'D', 2);
INSERT INTO `t_exam_qu_answer` (`id`, `exam_id`, `answer_id`, `qu_id`, `sort`, `abc`, `del_flag`) VALUES ('973baf8becfe083917bd9e04f16ba40a', 'd1fe3939247b15c771a6158f2c0bed2b', '1588088508591939585', '1588088507946016769', 0, 'A', 2);
INSERT INTO `t_exam_qu_answer` (`id`, `exam_id`, `answer_id`, `qu_id`, `sort`, `abc`, `del_flag`) VALUES ('9a5bb42859a060ab402d341eac7f0c0e', 'a9ad04a95ba4be33bdc94c18f8f6bb5a', '1550343195995533313', '1550343195391553538', 1, 'B', 2);
INSERT INTO `t_exam_qu_answer` (`id`, `exam_id`, `answer_id`, `qu_id`, `sort`, `abc`, `del_flag`) VALUES ('9b462cc3861a9476dc4e715749d3abde', 'a9ad04a95ba4be33bdc94c18f8f6bb5a', '1550342872073629699', '1550342870903418882', 3, 'D', 2);
INSERT INTO `t_exam_qu_answer` (`id`, `exam_id`, `answer_id`, `qu_id`, `sort`, `abc`, `del_flag`) VALUES ('9b81c388dff9ae5ded08433ab19d3901', 'd1fe3939247b15c771a6158f2c0bed2b', '1588088508591939585', '1588088507946016769', 0, 'A', 2);
INSERT INTO `t_exam_qu_answer` (`id`, `exam_id`, `answer_id`, `qu_id`, `sort`, `abc`, `del_flag`) VALUES ('9d12a45375a6d5a027c4798ff271c366', '65f15365c34d05fea272a2c15f16a5d0', '1589576600217829377', '1589576599081172994', 1, 'B', 0);
INSERT INTO `t_exam_qu_answer` (`id`, `exam_id`, `answer_id`, `qu_id`, `sort`, `abc`, `del_flag`) VALUES ('9ea6f2817cc245e04212c2ed3342222f', '65f15365c34d05fea272a2c15f16a5d0', '1591012844374118402', '1591012842625093634', 2, 'C', 0);
INSERT INTO `t_exam_qu_answer` (`id`, `exam_id`, `answer_id`, `qu_id`, `sort`, `abc`, `del_flag`) VALUES ('9eba449c648369a06e195fcb8ad441bb', '65f15365c34d05fea272a2c15f16a5d0', '1550343195987144706', '1550343195391553538', 0, 'A', 0);
INSERT INTO `t_exam_qu_answer` (`id`, `exam_id`, `answer_id`, `qu_id`, `sort`, `abc`, `del_flag`) VALUES ('a08ddaf309798b6e899594acbbff9063', '2187b4dcc1e86dd7bb4e2d031c691969', '1588088508604522498', '1588088507946016769', 1, 'B', 0);
INSERT INTO `t_exam_qu_answer` (`id`, `exam_id`, `answer_id`, `qu_id`, `sort`, `abc`, `del_flag`) VALUES ('a09e640c7798b8e87cede757c9a54723', 'a9ad04a95ba4be33bdc94c18f8f6bb5a', '1550342872061046785', '1550342870903418882', 0, 'A', 2);
INSERT INTO `t_exam_qu_answer` (`id`, `exam_id`, `answer_id`, `qu_id`, `sort`, `abc`, `del_flag`) VALUES ('a0dfd511c17c31de18909c7effe09aba', 'a9ad04a95ba4be33bdc94c18f8f6bb5a', '1588897199402590209', '1588897199314509826', 2, 'C', 2);
INSERT INTO `t_exam_qu_answer` (`id`, `exam_id`, `answer_id`, `qu_id`, `sort`, `abc`, `del_flag`) VALUES ('a2429a08e68c1b3da2371c69549b101a', '2187b4dcc1e86dd7bb4e2d031c691969', '1550343195999727618', '1550343195391553538', 2, 'C', 0);
INSERT INTO `t_exam_qu_answer` (`id`, `exam_id`, `answer_id`, `qu_id`, `sort`, `abc`, `del_flag`) VALUES ('a3ff4db84ceb6e2cec917fb8faf87e18', 'a9ad04a95ba4be33bdc94c18f8f6bb5a', '1589576600217829378', '1589576599081172994', 2, 'C', 2);
INSERT INTO `t_exam_qu_answer` (`id`, `exam_id`, `answer_id`, `qu_id`, `sort`, `abc`, `del_flag`) VALUES ('a4779c8edf1087a2c8bf0030aa013dab', 'a9ad04a95ba4be33bdc94c18f8f6bb5a', '1550342872069435393', '1550342870903418882', 1, 'B', 2);
INSERT INTO `t_exam_qu_answer` (`id`, `exam_id`, `answer_id`, `qu_id`, `sort`, `abc`, `del_flag`) VALUES ('a4b870cf860e4c34cc575ce308180436', 'a9ad04a95ba4be33bdc94c18f8f6bb5a', '1588088508591939585', '1588088507946016769', 0, 'A', 2);
INSERT INTO `t_exam_qu_answer` (`id`, `exam_id`, `answer_id`, `qu_id`, `sort`, `abc`, `del_flag`) VALUES ('a6791a47a2e2547681e0cf3fd61ddfc8', 'a9ad04a95ba4be33bdc94c18f8f6bb5a', '1588897199394201601', '1588897199314509826', 0, 'A', 0);
INSERT INTO `t_exam_qu_answer` (`id`, `exam_id`, `answer_id`, `qu_id`, `sort`, `abc`, `del_flag`) VALUES ('a822945ed470ba437b9137837dc78d90', 'a9ad04a95ba4be33bdc94c18f8f6bb5a', '1588897199394201601', '1588897199314509826', 0, 'A', 2);
INSERT INTO `t_exam_qu_answer` (`id`, `exam_id`, `answer_id`, `qu_id`, `sort`, `abc`, `del_flag`) VALUES ('a8643e7a0f3ecff1722702e4caf8da54', '65f15365c34d05fea272a2c15f16a5d0', '1589576600205246466', '1589576599081172994', 0, 'A', 0);
INSERT INTO `t_exam_qu_answer` (`id`, `exam_id`, `answer_id`, `qu_id`, `sort`, `abc`, `del_flag`) VALUES ('a8b45e3f00222739002e43f46ffed2f7', '65f15365c34d05fea272a2c15f16a5d0', '1588897199398395905', '1588897199314509826', 1, 'B', 0);
INSERT INTO `t_exam_qu_answer` (`id`, `exam_id`, `answer_id`, `qu_id`, `sort`, `abc`, `del_flag`) VALUES ('a9e9f32a3373be88952ee4280af094aa', 'a9ad04a95ba4be33bdc94c18f8f6bb5a', '1550342872073629698', '1550342870903418882', 2, 'C', 2);
INSERT INTO `t_exam_qu_answer` (`id`, `exam_id`, `answer_id`, `qu_id`, `sort`, `abc`, `del_flag`) VALUES ('ad7cca7a42b437fe0e9df7cc54ccc4d9', 'a9ad04a95ba4be33bdc94c18f8f6bb5a', '1550342872069435393', '1550342870903418882', 1, 'B', 0);
INSERT INTO `t_exam_qu_answer` (`id`, `exam_id`, `answer_id`, `qu_id`, `sort`, `abc`, `del_flag`) VALUES ('ad802569422a373694627dc440f0f1ab', '2187b4dcc1e86dd7bb4e2d031c691969', '1589576600217829377', '1589576599081172994', 1, 'B', 0);
INSERT INTO `t_exam_qu_answer` (`id`, `exam_id`, `answer_id`, `qu_id`, `sort`, `abc`, `del_flag`) VALUES ('add20f0f34193bd41cfb4842f5d3f650', '65f15365c34d05fea272a2c15f16a5d0', '1550342872073629698', '1550342870903418882', 2, 'C', 0);
INSERT INTO `t_exam_qu_answer` (`id`, `exam_id`, `answer_id`, `qu_id`, `sort`, `abc`, `del_flag`) VALUES ('b4016d7f6a3cf798467c118da59a9acd', 'a9ad04a95ba4be33bdc94c18f8f6bb5a', '1588897199398395905', '1588897199314509826', 1, 'B', 2);
INSERT INTO `t_exam_qu_answer` (`id`, `exam_id`, `answer_id`, `qu_id`, `sort`, `abc`, `del_flag`) VALUES ('b464f307471227d080f82040a942181e', 'd1fe3939247b15c771a6158f2c0bed2b', '1588897199402590209', '1588897199314509826', 2, 'C', 2);
INSERT INTO `t_exam_qu_answer` (`id`, `exam_id`, `answer_id`, `qu_id`, `sort`, `abc`, `del_flag`) VALUES ('b5d41ffa1853ee1342c16660c97a9714', 'a9ad04a95ba4be33bdc94c18f8f6bb5a', '1550342872069435393', '1550342870903418882', 1, 'B', 2);
INSERT INTO `t_exam_qu_answer` (`id`, `exam_id`, `answer_id`, `qu_id`, `sort`, `abc`, `del_flag`) VALUES ('b5f151151213d7737a3b41031b131dc5', 'a9ad04a95ba4be33bdc94c18f8f6bb5a', '1550343195987144706', '1550343195391553538', 0, 'A', 2);
INSERT INTO `t_exam_qu_answer` (`id`, `exam_id`, `answer_id`, `qu_id`, `sort`, `abc`, `del_flag`) VALUES ('b8161cc9122a18cb4cddfc6d39c6cd4b', 'a9ad04a95ba4be33bdc94c18f8f6bb5a', '1588088508591939585', '1588088507946016769', 0, 'A', 2);
INSERT INTO `t_exam_qu_answer` (`id`, `exam_id`, `answer_id`, `qu_id`, `sort`, `abc`, `del_flag`) VALUES ('b8daf9d05cfbb239f8e1c69b8ba38c02', 'a9ad04a95ba4be33bdc94c18f8f6bb5a', '1588897199402590210', '1588897199314509826', 3, 'D', 2);
INSERT INTO `t_exam_qu_answer` (`id`, `exam_id`, `answer_id`, `qu_id`, `sort`, `abc`, `del_flag`) VALUES ('b9261ad598c718563a1a7675118b7ac1', 'a9ad04a95ba4be33bdc94c18f8f6bb5a', '1550343195999727618', '1550343195391553538', 2, 'C', 0);
INSERT INTO `t_exam_qu_answer` (`id`, `exam_id`, `answer_id`, `qu_id`, `sort`, `abc`, `del_flag`) VALUES ('b96ccd1ce1e34ce57633ab347da393cf', 'a9ad04a95ba4be33bdc94c18f8f6bb5a', '1588897199402590210', '1588897199314509826', 3, 'D', 2);
INSERT INTO `t_exam_qu_answer` (`id`, `exam_id`, `answer_id`, `qu_id`, `sort`, `abc`, `del_flag`) VALUES ('bbea13a2673892c8ab45a3f11fa7691d', 'a9ad04a95ba4be33bdc94c18f8f6bb5a', '1588897199402590210', '1588897199314509826', 3, 'D', 2);
INSERT INTO `t_exam_qu_answer` (`id`, `exam_id`, `answer_id`, `qu_id`, `sort`, `abc`, `del_flag`) VALUES ('bd069cb329cd59de0cff09d8cbe2f5ad', '2187b4dcc1e86dd7bb4e2d031c691969', '1588088508591939585', '1588088507946016769', 0, 'A', 0);
INSERT INTO `t_exam_qu_answer` (`id`, `exam_id`, `answer_id`, `qu_id`, `sort`, `abc`, `del_flag`) VALUES ('bd677c5c81df453650524539b62fbbf4', 'a9ad04a95ba4be33bdc94c18f8f6bb5a', '1589576600217829377', '1589576599081172994', 1, 'B', 2);
INSERT INTO `t_exam_qu_answer` (`id`, `exam_id`, `answer_id`, `qu_id`, `sort`, `abc`, `del_flag`) VALUES ('bee0a8466a0067a6ea26a8f8694db462', '65f15365c34d05fea272a2c15f16a5d0', '1550342872069435393', '1550342870903418882', 1, 'B', 0);
INSERT INTO `t_exam_qu_answer` (`id`, `exam_id`, `answer_id`, `qu_id`, `sort`, `abc`, `del_flag`) VALUES ('c132b973e1d50810909110aae6c638a6', 'd1fe3939247b15c771a6158f2c0bed2b', '1588897199402590210', '1588897199314509826', 3, 'D', 2);
INSERT INTO `t_exam_qu_answer` (`id`, `exam_id`, `answer_id`, `qu_id`, `sort`, `abc`, `del_flag`) VALUES ('c174c8736fecfcffc5640e8764e52448', 'd1fe3939247b15c771a6158f2c0bed2b', '1588897199394201601', '1588897199314509826', 0, 'A', 2);
INSERT INTO `t_exam_qu_answer` (`id`, `exam_id`, `answer_id`, `qu_id`, `sort`, `abc`, `del_flag`) VALUES ('c2a4f98fda90ef44c4ea1a8c25bfbdcf', 'd1fe3939247b15c771a6158f2c0bed2b', '1588088508591939585', '1588088507946016769', 0, 'A', 2);
INSERT INTO `t_exam_qu_answer` (`id`, `exam_id`, `answer_id`, `qu_id`, `sort`, `abc`, `del_flag`) VALUES ('c2c84d1a58ee2714044aa5a067c6b304', 'd1fe3939247b15c771a6158f2c0bed2b', '1588897199398395905', '1588897199314509826', 1, 'B', 2);
INSERT INTO `t_exam_qu_answer` (`id`, `exam_id`, `answer_id`, `qu_id`, `sort`, `abc`, `del_flag`) VALUES ('c2cd787607e64053eb9d5a97115d2f2f', 'a9ad04a95ba4be33bdc94c18f8f6bb5a', '1588897199402590209', '1588897199314509826', 2, 'C', 2);
INSERT INTO `t_exam_qu_answer` (`id`, `exam_id`, `answer_id`, `qu_id`, `sort`, `abc`, `del_flag`) VALUES ('c41f57f95ad6bf8fb68747d26cde59ce', '2187b4dcc1e86dd7bb4e2d031c691969', '1589584331305762817', '1589584331251236866', 1, 'B', 0);
INSERT INTO `t_exam_qu_answer` (`id`, `exam_id`, `answer_id`, `qu_id`, `sort`, `abc`, `del_flag`) VALUES ('c8b71641eee72da9bebf62a0ec973a8a', 'd1fe3939247b15c771a6158f2c0bed2b', '1588897199402590209', '1588897199314509826', 2, 'C', 0);
INSERT INTO `t_exam_qu_answer` (`id`, `exam_id`, `answer_id`, `qu_id`, `sort`, `abc`, `del_flag`) VALUES ('ca3a28c82b54c3e94a95d2ab286ea5b5', 'a9ad04a95ba4be33bdc94c18f8f6bb5a', '1550343195999727618', '1550343195391553538', 2, 'C', 2);
INSERT INTO `t_exam_qu_answer` (`id`, `exam_id`, `answer_id`, `qu_id`, `sort`, `abc`, `del_flag`) VALUES ('ca43db29ba0e996cb0cae85d80fead71', '65f15365c34d05fea272a2c15f16a5d0', '1550342872073629699', '1550342870903418882', 3, 'D', 0);
INSERT INTO `t_exam_qu_answer` (`id`, `exam_id`, `answer_id`, `qu_id`, `sort`, `abc`, `del_flag`) VALUES ('cb182ca284273d9d530334f791ed2bf7', 'a9ad04a95ba4be33bdc94c18f8f6bb5a', '1588897199402590209', '1588897199314509826', 2, 'C', 0);
INSERT INTO `t_exam_qu_answer` (`id`, `exam_id`, `answer_id`, `qu_id`, `sort`, `abc`, `del_flag`) VALUES ('cbaa1cc9498023fcfe5767610e015632', '65f15365c34d05fea272a2c15f16a5d0', '1591012844374118401', '1591012842625093634', 1, 'B', 0);
INSERT INTO `t_exam_qu_answer` (`id`, `exam_id`, `answer_id`, `qu_id`, `sort`, `abc`, `del_flag`) VALUES ('cc929cfec653a3865e2b110f6b54f2e0', '2e02fc5a98351fad1dff699b134da889', '1589576600217829379', '1589576599081172994', 3, 'D', 0);
INSERT INTO `t_exam_qu_answer` (`id`, `exam_id`, `answer_id`, `qu_id`, `sort`, `abc`, `del_flag`) VALUES ('ccda27c821a78ef454a8b048e9fea7fe', 'd1fe3939247b15c771a6158f2c0bed2b', '1588088508604522498', '1588088507946016769', 1, 'B', 2);
INSERT INTO `t_exam_qu_answer` (`id`, `exam_id`, `answer_id`, `qu_id`, `sort`, `abc`, `del_flag`) VALUES ('ce149ba514d560f197dc9b5b4bd0bcbf', 'e22759f5f04ccc9d2902e6979b62c9cb', '1588088508604522498', '1588088507946016769', 1, 'B', 2);
INSERT INTO `t_exam_qu_answer` (`id`, `exam_id`, `answer_id`, `qu_id`, `sort`, `abc`, `del_flag`) VALUES ('ce840f224d6ca7403a86b4f2e33d0dac', 'a9ad04a95ba4be33bdc94c18f8f6bb5a', '1588897199394201601', '1588897199314509826', 0, 'A', 2);
INSERT INTO `t_exam_qu_answer` (`id`, `exam_id`, `answer_id`, `qu_id`, `sort`, `abc`, `del_flag`) VALUES ('cf5a6cf727d78aad5f6b84a61c21c61c', 'a9ad04a95ba4be33bdc94c18f8f6bb5a', '1550343196008116225', '1550343195391553538', 3, 'D', 0);
INSERT INTO `t_exam_qu_answer` (`id`, `exam_id`, `answer_id`, `qu_id`, `sort`, `abc`, `del_flag`) VALUES ('d0ca00e554b988243c73f0ab2d394551', 'e22759f5f04ccc9d2902e6979b62c9cb', '1588897199402590210', '1588897199314509826', 3, 'D', 2);
INSERT INTO `t_exam_qu_answer` (`id`, `exam_id`, `answer_id`, `qu_id`, `sort`, `abc`, `del_flag`) VALUES ('d1260aab8cfe7f59cae5ee5b2a009a20', '2e02fc5a98351fad1dff699b134da889', '1588897199402590209', '1588897199314509826', 2, 'C', 0);
INSERT INTO `t_exam_qu_answer` (`id`, `exam_id`, `answer_id`, `qu_id`, `sort`, `abc`, `del_flag`) VALUES ('d129cb97f72ef441079008be097c521d', 'a9ad04a95ba4be33bdc94c18f8f6bb5a', '1550343195995533313', '1550343195391553538', 1, 'B', 2);
INSERT INTO `t_exam_qu_answer` (`id`, `exam_id`, `answer_id`, `qu_id`, `sort`, `abc`, `del_flag`) VALUES ('d20f75c59078dbd0399533b1472a9140', 'd1fe3939247b15c771a6158f2c0bed2b', '1588897199398395905', '1588897199314509826', 1, 'B', 2);
INSERT INTO `t_exam_qu_answer` (`id`, `exam_id`, `answer_id`, `qu_id`, `sort`, `abc`, `del_flag`) VALUES ('d2f8b1bf61e1f72f8b59ef81c6dc2862', 'a9ad04a95ba4be33bdc94c18f8f6bb5a', '1589576600217829379', '1589576599081172994', 3, 'D', 2);
INSERT INTO `t_exam_qu_answer` (`id`, `exam_id`, `answer_id`, `qu_id`, `sort`, `abc`, `del_flag`) VALUES ('d45acc5af4a66e0c1f91231be70c648d', 'd1fe3939247b15c771a6158f2c0bed2b', '1588897199402590210', '1588897199314509826', 3, 'D', 2);
INSERT INTO `t_exam_qu_answer` (`id`, `exam_id`, `answer_id`, `qu_id`, `sort`, `abc`, `del_flag`) VALUES ('d58a165b38b2f2f5c2d065050e1d1745', '65f15365c34d05fea272a2c15f16a5d0', '1550343195999727618', '1550343195391553538', 2, 'C', 0);
INSERT INTO `t_exam_qu_answer` (`id`, `exam_id`, `answer_id`, `qu_id`, `sort`, `abc`, `del_flag`) VALUES ('d5c2ba7723fe9646777f019a9dd09a34', '65f15365c34d05fea272a2c15f16a5d0', '1588088508591939585', '1588088507946016769', 0, 'A', 0);
INSERT INTO `t_exam_qu_answer` (`id`, `exam_id`, `answer_id`, `qu_id`, `sort`, `abc`, `del_flag`) VALUES ('d5d3fc381eb64c3d4e09cce4aac9185d', 'd1fe3939247b15c771a6158f2c0bed2b', '1588088508604522498', '1588088507946016769', 1, 'B', 2);
INSERT INTO `t_exam_qu_answer` (`id`, `exam_id`, `answer_id`, `qu_id`, `sort`, `abc`, `del_flag`) VALUES ('d8dbdfba765773af83e890c1b5dc945e', '2187b4dcc1e86dd7bb4e2d031c691969', '1588897199402590209', '1588897199314509826', 2, 'C', 0);
INSERT INTO `t_exam_qu_answer` (`id`, `exam_id`, `answer_id`, `qu_id`, `sort`, `abc`, `del_flag`) VALUES ('da53de6ed563c636ddb0adab0a01e331', 'a9ad04a95ba4be33bdc94c18f8f6bb5a', '1550342872073629698', '1550342870903418882', 2, 'C', 2);
INSERT INTO `t_exam_qu_answer` (`id`, `exam_id`, `answer_id`, `qu_id`, `sort`, `abc`, `del_flag`) VALUES ('db2fc53e1cfacf3b5564056c642389e7', 'd1fe3939247b15c771a6158f2c0bed2b', '1588088508604522498', '1588088507946016769', 1, 'B', 2);
INSERT INTO `t_exam_qu_answer` (`id`, `exam_id`, `answer_id`, `qu_id`, `sort`, `abc`, `del_flag`) VALUES ('dbc30d5604212148e6f33b8cf9dd4b6d', 'd0e0a8fa212aca71ec1d7da2861ad699', '1589576600217829377', '1589576599081172994', 1, 'B', 0);
INSERT INTO `t_exam_qu_answer` (`id`, `exam_id`, `answer_id`, `qu_id`, `sort`, `abc`, `del_flag`) VALUES ('dce3c10a865d78837ac488d3c8dacaa4', '65f15365c34d05fea272a2c15f16a5d0', '1550343195995533313', '1550343195391553538', 1, 'B', 0);
INSERT INTO `t_exam_qu_answer` (`id`, `exam_id`, `answer_id`, `qu_id`, `sort`, `abc`, `del_flag`) VALUES ('e034ad7561ae22ac18be9252cf9fcec1', 'a9ad04a95ba4be33bdc94c18f8f6bb5a', '1588897199398395905', '1588897199314509826', 1, 'B', 2);
INSERT INTO `t_exam_qu_answer` (`id`, `exam_id`, `answer_id`, `qu_id`, `sort`, `abc`, `del_flag`) VALUES ('e056eced9608cb3eb0e6fe7e2caafd51', '2187b4dcc1e86dd7bb4e2d031c691969', '1550343195987144706', '1550343195391553538', 0, 'A', 0);
INSERT INTO `t_exam_qu_answer` (`id`, `exam_id`, `answer_id`, `qu_id`, `sort`, `abc`, `del_flag`) VALUES ('e21ab7a1d96ee66b2ee6d2cf65591f79', 'd1fe3939247b15c771a6158f2c0bed2b', '1588088508591939585', '1588088507946016769', 0, 'A', 2);
INSERT INTO `t_exam_qu_answer` (`id`, `exam_id`, `answer_id`, `qu_id`, `sort`, `abc`, `del_flag`) VALUES ('e4b96c00a58e26adac5100d6ec4e51d3', 'a9ad04a95ba4be33bdc94c18f8f6bb5a', '1550342872061046785', '1550342870903418882', 0, 'A', 2);
INSERT INTO `t_exam_qu_answer` (`id`, `exam_id`, `answer_id`, `qu_id`, `sort`, `abc`, `del_flag`) VALUES ('e4e0056bccd2317e74463efb619f7bdd', 'a9ad04a95ba4be33bdc94c18f8f6bb5a', '1588088508591939585', '1588088507946016769', 0, 'A', 0);
INSERT INTO `t_exam_qu_answer` (`id`, `exam_id`, `answer_id`, `qu_id`, `sort`, `abc`, `del_flag`) VALUES ('e61c48a67af9b9cbb0d3f8ee293b646c', 'a9ad04a95ba4be33bdc94c18f8f6bb5a', '1550342872061046785', '1550342870903418882', 0, 'A', 2);
INSERT INTO `t_exam_qu_answer` (`id`, `exam_id`, `answer_id`, `qu_id`, `sort`, `abc`, `del_flag`) VALUES ('e7043d878cb63fb89e771f440042413d', 'a9ad04a95ba4be33bdc94c18f8f6bb5a', '1550342872061046785', '1550342870903418882', 0, 'A', 2);
INSERT INTO `t_exam_qu_answer` (`id`, `exam_id`, `answer_id`, `qu_id`, `sort`, `abc`, `del_flag`) VALUES ('e87211148b4c03ff9530b0b14cb08e92', 'd1fe3939247b15c771a6158f2c0bed2b', '1588897199394201601', '1588897199314509826', 0, 'A', 2);
INSERT INTO `t_exam_qu_answer` (`id`, `exam_id`, `answer_id`, `qu_id`, `sort`, `abc`, `del_flag`) VALUES ('e9c456d970f3e4b398df5da36b67739d', 'a9ad04a95ba4be33bdc94c18f8f6bb5a', '1589576600217829378', '1589576599081172994', 2, 'C', 0);
INSERT INTO `t_exam_qu_answer` (`id`, `exam_id`, `answer_id`, `qu_id`, `sort`, `abc`, `del_flag`) VALUES ('eac056d196ae649a306066901ae755d3', 'd1fe3939247b15c771a6158f2c0bed2b', '1588897199394201601', '1588897199314509826', 0, 'A', 2);
INSERT INTO `t_exam_qu_answer` (`id`, `exam_id`, `answer_id`, `qu_id`, `sort`, `abc`, `del_flag`) VALUES ('eaef804dd755774c2244d067dda228b1', 'd1fe3939247b15c771a6158f2c0bed2b', '1588897199402590210', '1588897199314509826', 3, 'D', 0);
INSERT INTO `t_exam_qu_answer` (`id`, `exam_id`, `answer_id`, `qu_id`, `sort`, `abc`, `del_flag`) VALUES ('edc94cbd5e8f256d2d6846a7a3f2f67e', 'd1fe3939247b15c771a6158f2c0bed2b', '1588897199402590209', '1588897199314509826', 2, 'C', 2);
INSERT INTO `t_exam_qu_answer` (`id`, `exam_id`, `answer_id`, `qu_id`, `sort`, `abc`, `del_flag`) VALUES ('ee008008800227b9b8fc6b63d2793507', 'a9ad04a95ba4be33bdc94c18f8f6bb5a', '1588897199402590209', '1588897199314509826', 2, 'C', 2);
INSERT INTO `t_exam_qu_answer` (`id`, `exam_id`, `answer_id`, `qu_id`, `sort`, `abc`, `del_flag`) VALUES ('f070745a273e4cc442cbd5a8771643b5', 'd1fe3939247b15c771a6158f2c0bed2b', '1588897199402590210', '1588897199314509826', 3, 'D', 2);
INSERT INTO `t_exam_qu_answer` (`id`, `exam_id`, `answer_id`, `qu_id`, `sort`, `abc`, `del_flag`) VALUES ('f37cfd4794d0166dcc64ca604b032aa7', '65f15365c34d05fea272a2c15f16a5d0', '1591012844378312706', '1591012842625093634', 3, 'D', 0);
INSERT INTO `t_exam_qu_answer` (`id`, `exam_id`, `answer_id`, `qu_id`, `sort`, `abc`, `del_flag`) VALUES ('f46362c1b7528eee65e37662708f33e9', 'a9ad04a95ba4be33bdc94c18f8f6bb5a', '1588088508591939585', '1588088507946016769', 0, 'A', 2);
INSERT INTO `t_exam_qu_answer` (`id`, `exam_id`, `answer_id`, `qu_id`, `sort`, `abc`, `del_flag`) VALUES ('f4bc4036cbfd53476bda4f85effa12b3', 'a9ad04a95ba4be33bdc94c18f8f6bb5a', '1550343195995533313', '1550343195391553538', 1, 'B', 2);
INSERT INTO `t_exam_qu_answer` (`id`, `exam_id`, `answer_id`, `qu_id`, `sort`, `abc`, `del_flag`) VALUES ('f4fbd6062d5eca84d57bfc11ed7606c4', '2e02fc5a98351fad1dff699b134da889', '1589584331301568513', '1589584331251236866', 0, 'A', 0);
INSERT INTO `t_exam_qu_answer` (`id`, `exam_id`, `answer_id`, `qu_id`, `sort`, `abc`, `del_flag`) VALUES ('f7b9c0d2d8f849885a80d415830e748a', 'e22759f5f04ccc9d2902e6979b62c9cb', '1588897199402590209', '1588897199314509826', 2, 'C', 2);
INSERT INTO `t_exam_qu_answer` (`id`, `exam_id`, `answer_id`, `qu_id`, `sort`, `abc`, `del_flag`) VALUES ('f84ab6463dcc49ae1e40c4af811e9b8b', 'a9ad04a95ba4be33bdc94c18f8f6bb5a', '1550343196008116225', '1550343195391553538', 3, 'D', 2);
INSERT INTO `t_exam_qu_answer` (`id`, `exam_id`, `answer_id`, `qu_id`, `sort`, `abc`, `del_flag`) VALUES ('f87bed75696cd52941c3b88fad68b28f', 'a9ad04a95ba4be33bdc94c18f8f6bb5a', '1550343196008116225', '1550343195391553538', 3, 'D', 2);
INSERT INTO `t_exam_qu_answer` (`id`, `exam_id`, `answer_id`, `qu_id`, `sort`, `abc`, `del_flag`) VALUES ('f8a0ca9f0235e84c90bd73771cf22042', 'a9ad04a95ba4be33bdc94c18f8f6bb5a', '1588088508604522498', '1588088507946016769', 1, 'B', 2);
INSERT INTO `t_exam_qu_answer` (`id`, `exam_id`, `answer_id`, `qu_id`, `sort`, `abc`, `del_flag`) VALUES ('f9ec8471cc46abf432ba9cca1f368dad', 'a9ad04a95ba4be33bdc94c18f8f6bb5a', '1550343195995533313', '1550343195391553538', 1, 'B', 2);
INSERT INTO `t_exam_qu_answer` (`id`, `exam_id`, `answer_id`, `qu_id`, `sort`, `abc`, `del_flag`) VALUES ('fbc0216f5d117b74961787d5e2146e1f', 'd1fe3939247b15c771a6158f2c0bed2b', '1588897199398395905', '1588897199314509826', 1, 'B', 2);
INSERT INTO `t_exam_qu_answer` (`id`, `exam_id`, `answer_id`, `qu_id`, `sort`, `abc`, `del_flag`) VALUES ('fc93b21c00cb550a6e2c34be55e788e9', 'd1fe3939247b15c771a6158f2c0bed2b', '1588897199398395905', '1588897199314509826', 1, 'B', 2);
INSERT INTO `t_exam_qu_answer` (`id`, `exam_id`, `answer_id`, `qu_id`, `sort`, `abc`, `del_flag`) VALUES ('fe2e4fc54d6b458ae394272c14a823ba', 'd1fe3939247b15c771a6158f2c0bed2b', '1588897199402590209', '1588897199314509826', 2, 'C', 2);
INSERT INTO `t_exam_qu_answer` (`id`, `exam_id`, `answer_id`, `qu_id`, `sort`, `abc`, `del_flag`) VALUES ('fe68a396b25d65ea3ef7b699b66c8d34', 'a9ad04a95ba4be33bdc94c18f8f6bb5a', '1550342872073629698', '1550342870903418882', 2, 'C', 2);
COMMIT;

-- ----------------------------
-- Table structure for t_qu
-- ----------------------------
DROP TABLE IF EXISTS `t_qu`;
CREATE TABLE `t_qu` (
  `id` varchar(64) NOT NULL COMMENT '题目ID',
  `qu_type` int NOT NULL COMMENT '题目类型',
  `level` int NOT NULL DEFAULT '1' COMMENT '1普通,2较难',
  `content` varchar(2000) NOT NULL COMMENT '题目内容',
  `create_time` datetime NOT NULL DEFAULT CURRENT_TIMESTAMP COMMENT '创建时间',
  `com_id` varchar(20) DEFAULT NULL COMMENT '租户id',
  PRIMARY KEY (`id`) USING BTREE
) ENGINE=InnoDB DEFAULT CHARSET=utf8mb4 COLLATE=utf8mb4_0900_ai_ci ROW_FORMAT=DYNAMIC COMMENT='题目表';

-- ----------------------------
-- Records of t_qu
-- ----------------------------
BEGIN;
INSERT INTO `t_qu` (`id`, `qu_type`, `level`, `content`, `create_time`, `com_id`) VALUES ('1550342870903418882', 1, 1, '垃圾可以分为几类？', '2022-11-03 00:21:26', NULL);
INSERT INTO `t_qu` (`id`, `qu_type`, `level`, `content`, `create_time`, `com_id`) VALUES ('1550343195391553538', 1, 1, '包了口香糖的纸巾属于哪一类垃圾？', '2022-11-03 00:21:26', NULL);
INSERT INTO `t_qu` (`id`, `qu_type`, `level`, `content`, `create_time`, `com_id`) VALUES ('1588088507946016769', 1, 1, '测试1？', '2022-11-03 16:39:40', NULL);
INSERT INTO `t_qu` (`id`, `qu_type`, `level`, `content`, `create_time`, `com_id`) VALUES ('1588897199314509826', 1, 1, '2321312312', '2022-11-05 22:13:07', '1667313936283198486');
INSERT INTO `t_qu` (`id`, `qu_type`, `level`, `content`, `create_time`, `com_id`) VALUES ('1589576599081172994', 2, 1, '您的月消费多用在哪些方面', '2022-11-07 19:12:48', '1667313936283198486');
INSERT INTO `t_qu` (`id`, `qu_type`, `level`, `content`, `create_time`, `com_id`) VALUES ('1589584331251236866', 3, 1, '123', '2022-11-07 19:43:32', '1667313936283198486');
INSERT INTO `t_qu` (`id`, `qu_type`, `level`, `content`, `create_time`, `com_id`) VALUES ('1591006011991265282', 2, 1, '测试13', '2022-11-11 17:52:47', NULL);
INSERT INTO `t_qu` (`id`, `qu_type`, `level`, `content`, `create_time`, `com_id`) VALUES ('1591012842625093634', 1, 1, '123', '2022-11-11 18:19:56', NULL);
INSERT INTO `t_qu` (`id`, `qu_type`, `level`, `content`, `create_time`, `com_id`) VALUES ('1591012984707141633', 3, 1, '你是什么？1', '2022-11-11 18:20:29', NULL);
COMMIT;

-- ----------------------------
-- Table structure for t_qu_answer
-- ----------------------------
DROP TABLE IF EXISTS `t_qu_answer`;
CREATE TABLE `t_qu_answer` (
  `id` varchar(64) NOT NULL COMMENT '答案ID',
  `qu_id` varchar(64) NOT NULL COMMENT '问题ID',
  `content` varchar(5000) NOT NULL DEFAULT '' COMMENT '选择内容',
  PRIMARY KEY (`id`) USING BTREE
) ENGINE=InnoDB DEFAULT CHARSET=utf8mb4 COLLATE=utf8mb4_0900_ai_ci ROW_FORMAT=DYNAMIC COMMENT='候选答案';

-- ----------------------------
-- Records of t_qu_answer
-- ----------------------------
BEGIN;
INSERT INTO `t_qu_answer` (`id`, `qu_id`, `content`) VALUES ('1550342872061046785', '1550342870903418882', '两类');
INSERT INTO `t_qu_answer` (`id`, `qu_id`, `content`) VALUES ('1550342872069435393', '1550342870903418882', '三类');
INSERT INTO `t_qu_answer` (`id`, `qu_id`, `content`) VALUES ('1550342872073629698', '1550342870903418882', '四类');
INSERT INTO `t_qu_answer` (`id`, `qu_id`, `content`) VALUES ('1550342872073629699', '1550342870903418882', '五类');
INSERT INTO `t_qu_answer` (`id`, `qu_id`, `content`) VALUES ('1550343195987144706', '1550343195391553538', '其他垃圾 ');
INSERT INTO `t_qu_answer` (`id`, `qu_id`, `content`) VALUES ('1550343195995533313', '1550343195391553538', '有害垃圾');
INSERT INTO `t_qu_answer` (`id`, `qu_id`, `content`) VALUES ('1550343195999727618', '1550343195391553538', '可回收物');
INSERT INTO `t_qu_answer` (`id`, `qu_id`, `content`) VALUES ('1550343196008116225', '1550343195391553538', '厨余垃圾');
INSERT INTO `t_qu_answer` (`id`, `qu_id`, `content`) VALUES ('1588088508591939585', '1588088507946016769', '1');
INSERT INTO `t_qu_answer` (`id`, `qu_id`, `content`) VALUES ('1588088508604522498', '1588088507946016769', '2');
INSERT INTO `t_qu_answer` (`id`, `qu_id`, `content`) VALUES ('1588897199394201601', '1588897199314509826', '123');
INSERT INTO `t_qu_answer` (`id`, `qu_id`, `content`) VALUES ('1588897199398395905', '1588897199314509826', '213');
INSERT INTO `t_qu_answer` (`id`, `qu_id`, `content`) VALUES ('1588897199402590209', '1588897199314509826', '123');
INSERT INTO `t_qu_answer` (`id`, `qu_id`, `content`) VALUES ('1588897199402590210', '1588897199314509826', '23');
INSERT INTO `t_qu_answer` (`id`, `qu_id`, `content`) VALUES ('1589576600205246466', '1589576599081172994', '吃饭');
INSERT INTO `t_qu_answer` (`id`, `qu_id`, `content`) VALUES ('1589576600217829377', '1589576599081172994', '打游戏');
INSERT INTO `t_qu_answer` (`id`, `qu_id`, `content`) VALUES ('1589576600217829378', '1589576599081172994', '谈恋爱');
INSERT INTO `t_qu_answer` (`id`, `qu_id`, `content`) VALUES ('1589576600217829379', '1589576599081172994', '买衣服');
INSERT INTO `t_qu_answer` (`id`, `qu_id`, `content`) VALUES ('1589584331301568513', '1589584331251236866', '正确');
INSERT INTO `t_qu_answer` (`id`, `qu_id`, `content`) VALUES ('1589584331305762817', '1589584331251236866', '错误');
INSERT INTO `t_qu_answer` (`id`, `qu_id`, `content`) VALUES ('1591006013413134338', '1591006011991265282', '1');
INSERT INTO `t_qu_answer` (`id`, `qu_id`, `content`) VALUES ('1591006013421522945', '1591006011991265282', '12');
INSERT INTO `t_qu_answer` (`id`, `qu_id`, `content`) VALUES ('1591006013421522946', '1591006011991265282', '2');
INSERT INTO `t_qu_answer` (`id`, `qu_id`, `content`) VALUES ('1591006013425717250', '1591006011991265282', '3');
INSERT INTO `t_qu_answer` (`id`, `qu_id`, `content`) VALUES ('1591012844361535490', '1591012842625093634', '1');
INSERT INTO `t_qu_answer` (`id`, `qu_id`, `content`) VALUES ('1591012844374118401', '1591012842625093634', '2');
INSERT INTO `t_qu_answer` (`id`, `qu_id`, `content`) VALUES ('1591012844374118402', '1591012842625093634', '3');
INSERT INTO `t_qu_answer` (`id`, `qu_id`, `content`) VALUES ('1591012844378312706', '1591012842625093634', '4');
INSERT INTO `t_qu_answer` (`id`, `qu_id`, `content`) VALUES ('1591012985629888514', '1591012984707141633', '正确');
INSERT INTO `t_qu_answer` (`id`, `qu_id`, `content`) VALUES ('1591012985638277121', '1591012984707141633', '错误');
COMMIT;

SET FOREIGN_KEY_CHECKS = 1;
